LogID,LogEntryDate,LogEntryTime,LogEntrySeconds,LogNotes,RPM,Speed,Boost,KnockSum,Load,MAT,TPS,IPW,TimingAdv,WideBandAF,IAT,STFT,LTFT_Idle,LTFT_Cruise,LTFT_High,ActiveWGDC,Octane,Trans_Temp,OddClutchTemp,EvenClutchTemp,OddClutchPressure,EvenClutchPressure,OddClutchSlipSpeed,EvenClutchSlipSpeed,OddInputShaftSpeed,EvenInputShaftSpeed,MAF_Voltage,Airflow,STFT#2,LTFT_High#2,LTFT,LTFT_Mid#2,Cooltemp,Target_AFR,Knock_change,Custom
1,2026-09-02,13:54:34.49370,0.29872,,0,0,,0,0,775,81.1764705882353,0,61,0,-40,,0.78125,5.078125,,,,,,,,,,,,,1.1718,0,0,0,0.78125,5.078125,64,14.7,0,
2,2026-09-02,13:54:34.66554,0.48215,,0,0,,0,0,775,81.1764705882353,0,61,99.9,-40,,0.78125,5.078125,,,,,,,,,,,,,1.1718,0,0,0,0.78125,5.078125,64,14.7,0,
3,2026-09-02,13:54:34.79052,0.5982,,0,0,,0,0,775,81.1764705882353,0,61,99.9,-40,,0.78125,5.078125,,,,,,,,,,,,,1.1718,0,0,0,0.78125,5.078125,64,14.7,0,
4,2026-09-02,13:54:34.91641,0.72616,,0,0,,0,0,775,81.1764705882353,0,61,99.9,-40,,0.78125,5.078125,,,,,,,,,,,,,1.1718,0,0,0,0.78125,5.078125,64,14.7,0,
5,2026-09-02,13:54:35.02542,0.84154,,0,0,,0,0,774,81.1764705882353,0,61,99.9,-40,,0.78125,5.078125,,,,,,,,,,,,,1.1718,0,0,0,0.78125,5.078125,64,14.7,0,
6,2026-09-02,13:54:35.15125,0.96146,,0,0,,0,0,775,81.1764705882353,0,61,99.9,-40,,0.78125,5.078125,,,,,,,,,,,,,1.1718,0,0,0,0.78125,5.078125,64,14.7,0,
7,2026-09-02,13:54:35.27588,1.09125,,0,0,,0,0,775,81.1764705882353,0,61,99.9,-40,,0.78125,5.078125,,,,,,,,,,,,,1.1718,0,0,0,0.78125,5.078125,64,14.7,0,
8,2026-09-02,13:54:35.38606,1.1956,,0,0,,0,0,775,81.1764705882353,0,61,99.9,-40,,0.78125,5.078125,,,,,,,,,,,,,1.1718,0,0,0,0.78125,5.078125,64,14.7,0,
9,2026-09-02,13:54:35.47955,1.29555,,0,0,,0,0,775,81.1764705882353,0,61,99.9,-40,,0.78125,5.078125,,,,,,,,,,,,,1.1718,0,0,0,0.78125,5.078125,64,14.7,0,
10,2026-09-02,13:54:35.58936,1.40079,,0,0,,0,0,775,81.1764705882353,0,61,99.9,-40,,0.78125,5.078125,,,,,,,,,,,,,1.1718,0,0,0,0.78125,5.078125,64,14.7,0,
11,2026-09-02,13:54:35.69875,1.50654,,0,0,,0,0,775,81.1764705882353,0,61,99.9,-40,,0.78125,5.078125,,,,,,,,,,,,,1.1718,0,0,0,0.78125,5.078125,64,14.7,0,
12,2026-09-02,13:54:35.80806,1.62545,,0,0,,0,0,776,81.1764705882353,0,61,99.9,-40,,0.78125,5.078125,,,,,,,,,,,,,1.1718,0,0,0,0.78125,5.078125,64,14.7,0,
13,2026-09-02,13:54:35.91797,1.72709,,0,0,,0,0,775,81.1764705882353,0,61,99.9,-40,,0.78125,5.078125,,,,,,,,,,,,,1.1718,0,0,0,0.78125,5.078125,64,14.7,0,
14,2026-09-02,13:54:36.01170,1.82519,,0,0,,0,0,775,81.1764705882353,0,61,99.9,-40,,0.78125,5.078125,,,,,,,,,,,,,1.1718,0,0,0,0.78125,5.078125,64,14.7,0,
15,2026-09-02,13:54:36.12182,1.92515,,0,0,,0,0,775,81.1764705882353,0,61,99.9,-40,,0.78125,5.078125,,,,,,,,,,,,,1.1718,0,0,0,0.78125,5.078125,64,14.7,0,
16,2026-09-02,13:54:36.21584,2.0294,,0,0,,0,0,775,81.1764705882353,0,61,99.9,-40,,0.78125,5.078125,,,,,,,,,,,,,1.1718,0,0,0,0.78125,5.078125,64,14.7,0,
17,2026-09-02,13:54:36.32518,2.13967,,0,0,,0,0,775,81.1764705882353,0,61,99.9,-40,,0.78125,5.078125,,,,,,,,,,,,,1.1718,0,0,0,0.78125,5.078125,64,14.7,0,
18,2026-09-02,13:54:36.45016,2.25924,,0,0,,0,0,774,81.1764705882353,0,61,99.9,-40,,0.78125,5.078125,,,,,,,,,,,,,1.1718,0,0,0,0.78125,5.078125,64,14.7,0,
19,2026-09-02,13:54:36.54342,2.35931,,0,0,,0,0,775,81.1764705882353,0,61,99.9,-40,,0.78125,5.078125,,,,,,,,,,,,,1.1718,0,0,0,0.78125,5.078125,64,14.7,0,
20,2026-09-02,13:54:36.68555,2.49364,,0,0,,0,0,775,81.1764705882353,0,61,99.9,-40,,0.78125,5.078125,,,,,,,,,,,,,1.1718,0,0,0,0.78125,5.078125,64,14.7,0,
21,2026-09-02,13:54:36.82619,2.63746,,0,0,,0,0,775,81.1764705882353,0,61,99.9,-40,,0.78125,5.078125,,,,,,,,,,,,,1.1718,0,0,0,0.78125,5.078125,64,14.7,0,
22,2026-09-02,13:54:36.96679,2.77045,,0,0,,0,0,775,81.1764705882353,0,61,99.9,-40,,0.78125,5.078125,,,,,,,,,,,,,1.1718,0,0,0,0.78125,5.078125,64,14.7,0,
23,2026-09-02,13:54:37.10798,2.91815,,0,0,,0,0,775,81.1764705882353,0,61,99.9,-40,,0.78125,5.078125,,,,,,,,,,,,,1.1718,0,0,0,0.78125,5.078125,64,14.7,0,
24,2026-09-02,13:54:37.21733,3.02817,,0,0,,0,0,775,81.1764705882353,0,61,99.9,-40,,0.78125,5.078125,,,,,,,,,,,,,1.1718,0,0,0,0.78125,5.078125,64,14.7,0,
25,2026-09-02,13:54:37.32715,3.13784,,0,0,,0,0,775,81.1764705882353,0,61,99.9,-40,,0.78125,5.078125,,,,,,,,,,,,,1.1718,0,0,0,0.78125,5.078125,64,14.7,0,
26,2026-09-02,13:54:37.46780,3.28261,,0,0,,0,0,776,81.1764705882353,0,61,99.9,-40,,0.78125,5.078125,,,,,,,,,,,,,1.1718,0,0,0,0.78125,5.078125,64,14.7,0,
27,2026-09-02,13:54:37.59296,3.39742,,0,0,,0,0,775,81.1764705882353,0,61,99.9,-40,,0.78125,5.078125,,,,,,,,,,,,,1.1718,0,0,0,0.78125,5.078125,64,14.7,0,
28,2026-09-02,13:54:37.70227,3.51697,,0,0,,0,0,775,81.1764705882353,0,61,99.9,-40,,0.78125,5.078125,,,,,,,,,,,,,1.1718,0,0,0,0.78125,5.078125,64,14.7,0,
29,2026-09-02,13:54:37.81180,3.6223,,0,0,,0,0,775,81.1764705882353,0,61,99.9,-40,,0.78125,5.078125,,,,,,,,,,,,,1.1718,0,0,0,0.78125,5.078125,64,14.7,0,
30,2026-09-02,13:54:37.92179,3.73847,,0,0,,0,0,775,81.1764705882353,0,61,99.9,-40,,0.78125,5.078125,,,,,,,,,,,,,1.1718,0,0,0,0.78125,5.078125,64,14.7,0,
31,2026-09-02,13:54:38.06229,3.86641,,0,0,,0,0,774,81.1764705882353,0,61,99.9,-40,,0.78125,5.078125,,,,,,,,,,,,,1.1718,0,0,0,0.78125,5.078125,64,14.7,0,
32,2026-09-02,13:54:38.17149,3.97935,,0,0,,0,0,775,81.1764705882353,0,61,99.9,-40,,0.78125,5.078125,,,,,,,,,,,,,1.1718,0,0,0,0.78125,5.078125,64,14.7,0,
33,2026-09-02,13:54:38.29675,4.10352,,0,0,,0,0,775,80.7843137254902,0,61,99.9,-40,,0.78125,5.078125,,,,,,,,,,,,,1.1718,0,0,0,0.78125,5.078125,64,14.7,0,
34,2026-09-02,13:54:38.39075,4.20641,,0,0,,0,0,775,81.1764705882353,0,61,99.9,-40,,0.78125,5.078125,,,,,,,,,,,,,1.1718,0,0,0,0.78125,5.078125,64,14.7,0,
35,2026-09-02,13:54:38.50031,4.31094,,0,0,,0,0,775,81.1764705882353,0,61,99.9,-40,,0.78125,5.078125,,,,,,,,,,,,,1.1718,0,0,0,0.78125,5.078125,64,14.7,0,
36,2026-09-02,13:54:38.59431,4.41103,,0,0,,0,0,775,81.1764705882353,0,61,99.9,-40,,0.78125,5.078125,,,,,,,,,,,,,1.1718,0,0,0,0.78125,5.078125,64,14.7,0,
37,2026-09-02,13:54:38.70368,4.52086,,0,0,,0,0,775,81.1764705882353,0,61,99.9,-40,,0.78125,5.078125,,,,,,,,,,,,,1.1718,0,0,0,0.78125,5.078125,64,14.7,0,
38,2026-09-02,13:54:38.84483,4.65019,,0,0,,0,0,775,81.1764705882353,0,61,99.9,-40,,0.78125,5.078125,,,,,,,,,,,,,1.1718,0,0,0,0.78125,5.078125,64,14.7,0,
39,2026-09-02,13:54:38.93860,4.75544,,0,0,,0,0,775,81.1764705882353,0,61,99.9,-40,,0.78125,5.078125,,,,,,,,,,,,,1.1718,0,0,0,0.78125,5.078125,64,14.7,0,
40,2026-09-02,13:54:39.04793,4.86013,,0,0,,0,0,775,81.1764705882353,0,61,99.9,-40,,0.78125,5.078125,,,,,,,,,,,,,1.1718,0,0,0,0.78125,5.078125,64,14.7,0,
41,2026-09-02,13:54:39.34504,5.14921,,0,0,,0,0,775,81.1764705882353,0,61,99.9,-40,,0.78125,5.078125,,,,,,,,,,,,,1.1718,0,0,0,0.78125,5.078125,64,14.7,0,
42,2026-09-02,13:54:39.45535,5.26199,,0,0,,0,0,775,81.1764705882353,0,61,99.9,-40,,0.78125,5.078125,,,,,,,,,,,,,1.1718,0,0,0,0.78125,5.078125,64,14.7,0,
43,2026-09-02,13:54:39.54911,5.36432,,0,0,,0,0,775,81.1764705882353,0,61,99.9,-40,,0.78125,5.078125,,,,,,,,,,,,,1.1718,0,0,0,0.78125,5.078125,64,14.7,0,
44,2026-09-02,13:54:39.65867,5.46884,,0,0,,0,0,775,81.1764705882353,0,61,99.9,-40,,0.78125,5.078125,,,,,,,,,,,,,1.1718,0,0,0,0.78125,5.078125,64,14.7,0,
45,2026-09-02,13:54:39.76793,5.58368,,0,0,,0,0,775,81.1764705882353,0,61,99.9,-40,,0.78125,5.078125,,,,,,,,,,,,,1.1718,0,0,0,0.78125,5.078125,64,14.7,0,
46,2026-09-02,13:54:39.90905,5.71309,,0,0,,0,0,774,81.1764705882353,0,61,99.9,-40,,0.78125,5.078125,,,,,,,,,,,,,1.1718,0,0,0,0.78125,5.078125,64,14.7,0,
47,2026-09-02,13:54:40.00681,5.81294,,0,0,,0,0,775,81.1764705882353,0,61,99.9,-40,,0.78125,5.078125,,,,,,,,,,,,,1.1718,0,0,0,0.78125,5.078125,64,14.7,0,
48,2026-09-02,13:54:40.11393,5.91836,,0,0,,0,0,775,81.1764705882353,0,61,99.9,-40,,0.78125,5.078125,,,,,,,,,,,,,1.1718,0,0,0,0.78125,5.078125,64,14.7,0,
49,2026-09-02,13:54:40.22330,6.03166,,0,0,,0,0,775,81.1764705882353,0,61,99.9,-40,,0.78125,5.078125,,,,,,,,,,,,,1.1718,0,0,0,0.78125,5.078125,64,14.7,0,
50,2026-09-02,13:54:40.33278,6.13807,,0,0,,0,0,775,81.1764705882353,0,61,99.9,-40,,0.78125,5.078125,,,,,,,,,,,,,1.1718,0,0,0,0.78125,5.078125,64,14.7,0,
51,2026-09-02,13:54:40.42704,6.23758,,0,0,,0,0,774,81.1764705882353,0,61,99.9,-40,,0.78125,5.078125,,,,,,,,,,,,,1.1718,0,0,0,0.78125,5.078125,64,14.7,0,
52,2026-09-02,13:54:40.53637,6.34544,,0,0,,0,0,775,81.1764705882353,0,61,99.9,-40,,0.78125,5.078125,,,,,,,,,,,,,1.1718,0,0,0,0.78125,5.078125,64,14.7,0,
53,2026-09-02,13:54:40.64630,6.45751,,0,0,,0,0,775,81.1764705882353,0,61,99.9,-40,,0.78125,5.078125,,,,,,,,,,,,,1.1718,0,0,0,0.78125,5.078125,64,14.7,0,
54,2026-09-02,13:54:40.75568,6.57191,,0,0,,0,0,774,81.1764705882353,0,61,99.9,-40,,0.78125,5.078125,,,,,,,,,,,,,1.1718,0,0,0,0.78125,5.078125,64,14.7,0,
55,2026-09-02,13:54:40.86550,6.68177,,0,0,,0,0,775,81.1764705882353,0,61,99.9,-40,,0.78125,5.078125,,,,,,,,,,,,,1.1718,0,0,0,0.78125,5.078125,64,14.7,0,
56,2026-09-02,13:54:40.97487,6.78402,,0,0,,0,0,775,81.1764705882353,0,61,99.9,-40,,0.78125,5.078125,,,,,,,,,,,,,1.1718,0,0,0,0.78125,5.078125,64,14.7,0,
57,2026-09-02,13:54:41.08432,6.89177,,0,0,,0,0,774,81.1764705882353,0,61,99.9,-40,,0.78125,5.078125,,,,,,,,,,,,,1.1718,0,0,0,0.78125,5.078125,64,14.7,0,
58,2026-09-02,13:54:41.19415,7.00456,,0,0,,0,0,775,81.1764705882353,0,61,99.9,-40,,0.78125,5.078125,,,,,,,,,,,,,1.19133,0,0,0,0.78125,5.078125,64,14.7,0,
59,2026-09-02,13:54:41.30351,7.11171,,0,0,,0,0,775,81.1764705882353,0,61,99.9,-40,,0.78125,5.078125,,,,,,,,,,,,,1.1718,0,0,0,0.78125,5.078125,64,14.7,0,
60,2026-09-02,13:54:41.42852,7.2313,,0,0,,0,0,775,81.1764705882353,0,61,99.9,-40,,0.78125,5.078125,,,,,,,,,,,,,1.1718,0,0,0,0.78125,5.078125,64,14.7,0,
61,2026-09-02,13:54:41.55345,7.35654,,0,0,,0,0,774,81.1764705882353,0,61,99.9,-40,,0.78125,5.078125,,,,,,,,,,,,,1.1718,0,0,0,0.78125,5.078125,64,14.7,0,
62,2026-09-02,13:54:41.66392,7.48092,,0,0,,0,0,775,81.1764705882353,0,61,99.9,-40,,0.78125,5.078125,,,,,,,,,,,,,1.1718,0,0,0,0.78125,5.078125,64,14.7,0,
63,2026-09-02,13:54:41.77327,7.59077,,0,0,,0,0,775,81.1764705882353,0,61,99.9,-40,,0.78125,5.078125,,,,,,,,,,,,,1.1718,0,0,0,0.78125,5.078125,64,14.7,0,
64,2026-09-02,13:54:41.88325,7.70069,,0,0,,0,0,774,81.1764705882353,0,61,99.9,-40,,0.78125,5.078125,,,,,,,,,,,,,1.1718,0,0,0,0.78125,5.078125,64,14.7,0,
65,2026-09-02,13:54:41.99252,7.80556,,0,0,,0,0,775,81.1764705882353,0,61,99.9,-40,,0.78125,5.078125,,,,,,,,,,,,,1.1718,0,0,0,0.78125,5.078125,64,14.7,0,
66,2026-09-02,13:54:42.10187,7.91022,,0,0,,0,0,775,81.1764705882353,0,61,99.9,-40,,0.78125,5.078125,,,,,,,,,,,,,1.1718,0,0,0,0.78125,5.078125,64,14.7,0,
67,2026-09-02,13:54:42.21205,8.01527,,0,0,,0,0,775,81.1764705882353,0,61,99.9,-40,,0.78125,5.078125,,,,,,,,,,,,,1.1718,0,0,0,0.78125,5.078125,64,14.7,0,
68,2026-09-02,13:54:42.30596,8.12004,,0,0,,0,0,775,81.1764705882353,0,61,99.9,-40,,0.78125,5.078125,,,,,,,,,,,,,1.1718,0,0,0,0.78125,5.078125,64,14.7,0,
69,2026-09-02,13:54:42.41564,8.22938,,0,0,,0,0,775,81.1764705882353,0,61,99.9,-40,,0.78125,5.078125,,,,,,,,,,,,,1.1718,0,0,0,0.78125,5.078125,64,14.7,0,
70,2026-09-02,13:54:42.52522,8.33939,,0,0,,0,0,775,81.1764705882353,0,61,99.9,-40,,0.78125,5.078125,,,,,,,,,,,,,1.1718,0,0,0,0.78125,5.078125,64,14.7,0,
71,2026-09-02,13:54:42.63429,8.44928,,0,0,,0,0,775,81.1764705882353,0,61,99.9,-40,,0.78125,5.078125,,,,,,,,,,,,,1.1718,0,0,0,0.78125,5.078125,64,14.7,0,
72,2026-09-02,13:54:42.74345,8.54935,,0,0,,0,0,775,81.1764705882353,0,61,99.9,-40,,0.78125,5.078125,,,,,,,,,,,,,1.1718,0,0,0,0.78125,5.078125,64,14.7,0,
73,2026-09-02,13:54:42.85288,8.66937,,0,0,,0,0,775,81.1764705882353,0,61,99.9,-40,,0.78125,5.078125,,,,,,,,,,,,,1.1718,0,0,0,0.78125,5.078125,64,14.7,0,
74,2026-09-02,13:54:42.96326,8.77388,,0,0,,0,0,775,81.1764705882353,0,61,99.9,-40,,0.78125,5.078125,,,,,,,,,,,,,1.1718,0,0,0,0.78125,5.078125,64,14.7,0,
75,2026-09-02,13:54:43.07229,8.88188,,0,0,,0,0,775,81.1764705882353,0,61,99.9,-40,,0.78125,5.078125,,,,,,,,,,,,,1.1718,0,0,0,0.78125,5.078125,64,14.7,0,
76,2026-09-02,13:54:43.18224,8.98821,,0,0,,0,0,775,81.1764705882353,0,61,99.9,-40,,0.78125,5.078125,,,,,,,,,,,,,1.1718,0,0,0,0.78125,5.078125,64,14.7,0,
77,2026-09-02,13:54:43.29160,9.10027,,0,0,,0,0,775,81.1764705882353,0,61,99.9,-40,,0.78125,5.078125,,,,,,,,,,,,,1.1718,0,0,0,0.78125,5.078125,64,14.7,0,
78,2026-09-02,13:54:43.40138,9.20802,,0,0,,0,0,775,81.1764705882353,0,61,99.9,-40,,0.78125,5.078125,,,,,,,,,,,,,1.1718,0,0,0,0.78125,5.078125,64,14.7,0,
79,2026-09-02,13:54:43.49507,9.31276,,0,0,,0,0,775,81.1764705882353,0,61,99.9,-40,,0.78125,5.078125,,,,,,,,,,,,,1.1718,0,0,0,0.78125,5.078125,64,14.7,0,
80,2026-09-02,13:54:43.62060,9.42755,,0,0,,0,0,775,81.1764705882353,0,61,99.9,-40,,0.78125,5.078125,,,,,,,,,,,,,1.1718,0,0,0,0.78125,5.078125,64,14.7,0,
81,2026-09-02,13:54:43.73005,9.54063,,0,0,,0,0,775,81.1764705882353,0,61,99.9,-40,,0.78125,5.078125,,,,,,,,,,,,,1.1718,0,0,0,0.78125,5.078125,64,14.7,0,
82,2026-09-02,13:54:43.83932,9.6525,,0,0,,0,0,775,81.1764705882353,0,61,99.9,-40,,0.78125,5.078125,,,,,,,,,,,,,1.1718,0,0,0,0.78125,5.078125,64,14.7,0,
83,2026-09-02,13:54:43.96487,9.77316,,0,0,,0,0,774,81.1764705882353,0,61,99.9,-40,,0.78125,5.078125,,,,,,,,,,,,,1.1718,0,0,0,0.78125,5.078125,64,14.7,0,
84,2026-09-02,13:54:44.07425,9.8839,,0,0,,0,0,775,81.1764705882353,0,61,99.9,-40,,0.78125,5.078125,,,,,,,,,,,,,1.1718,0,0,0,0.78125,5.078125,64,14.7,0,
85,2026-09-02,13:54:44.18357,9.98676,,0,0,,0,0,775,81.1764705882353,0,61,99.9,-40,,0.78125,5.078125,,,,,,,,,,,,,1.1718,0,0,0,0.78125,5.078125,64,14.7,0,
86,2026-09-02,13:54:44.27750,10.08642,,0,0,,0,0,775,81.1764705882353,0,61,99.9,-40,,0.78125,5.078125,,,,,,,,,,,,,1.1718,0,0,0,0.78125,5.078125,64,14.7,0,
87,2026-09-02,13:54:44.38764,10.19353,,0,0,,0,0,775,81.1764705882353,0,61,99.9,-40,,0.78125,5.078125,,,,,,,,,,,,,1.1718,0,0,0,0.78125,5.078125,64,14.7,0,
88,2026-09-02,13:54:44.48121,10.29125,,0,0,,0,0,774,81.1764705882353,0,61,99.9,-40,,0.78125,5.078125,,,,,,,,,,,,,1.1718,0,0,0,0.78125,5.078125,64,14.7,0,
89,2026-09-02,13:54:44.59027,10.39594,,0,0,,0,0,774,81.1764705882353,0,61,99.9,-40,,0.78125,5.078125,,,,,,,,,,,,,1.1718,0,0,0,0.78125,5.078125,64,14.7,0,
90,2026-09-02,13:54:44.74698,10.56073,,0,0,,0,0,775,81.1764705882353,0,61,99.9,-40,,0.78125,5.078125,,,,,,,,,,,,,1.1718,0,0,0,0.78125,5.078125,64,14.7,0,
91,2026-09-02,13:54:44.88821,10.69366,,0,0,,0,0,775,81.1764705882353,0,61,99.9,-40,,0.78125,5.078125,,,,,,,,,,,,,1.1718,0,0,0,0.78125,5.078125,64,14.7,0,
92,2026-09-02,13:54:44.99756,10.80575,,0,0,,0,0,775,81.1764705882353,0,61,99.9,-40,,0.78125,5.078125,,,,,,,,,,,,,1.1718,0,0,0,0.78125,5.078125,64,14.7,0,
93,2026-09-02,13:54:45.10695,10.91282,,0,0,,0,0,775,81.1764705882353,0,61,99.9,-40,,0.78125,5.078125,,,,,,,,,,,,,1.1718,0,0,0,0.78125,5.078125,64,14.7,0,
94,2026-09-02,13:54:45.21684,11.02015,,0,0,,0,0,775,81.1764705882353,0,61,99.9,-40,,0.78125,5.078125,,,,,,,,,,,,,1.1718,0,0,0,0.78125,5.078125,64,14.7,0,
95,2026-09-02,13:54:45.34210,11.16013,,0,0,,0,0,775,81.1764705882353,0,61,99.9,-40,,0.78125,5.078125,,,,,,,,,,,,,1.1718,0,0,0,0.78125,5.078125,64,14.7,0,
96,2026-09-02,13:54:45.46714,11.27368,,0,0,,0,0,775,81.1764705882353,0,61,99.9,-40,,0.78125,5.078125,,,,,,,,,,,,,1.1718,0,0,0,0.78125,5.078125,64,14.7,0,
97,2026-09-02,13:54:45.57648,11.38452,,0,0,,0,0,775,81.1764705882353,0,61,99.9,-40,,0.78125,5.078125,,,,,,,,,,,,,1.1718,0,0,0,0.78125,5.078125,64,14.7,0,
98,2026-09-02,13:54:45.68661,11.49402,,0,0,,0,0,775,81.1764705882353,0,61,99.9,-40,,0.78125,5.078125,,,,,,,,,,,,,1.1718,0,0,0,0.78125,5.078125,64,14.7,0,
99,2026-09-02,13:54:45.78034,11.5986,,0,0,,0,0,775,81.1764705882353,0,61,99.9,-40,,0.78125,5.078125,,,,,,,,,,,,,1.1718,0,0,0,0.78125,5.078125,64,14.7,0,
100,2026-09-02,13:54:45.89018,11.69844,,0,0,,0,0,775,81.1764705882353,0,61,99.9,-40,,0.78125,5.078125,,,,,,,,,,,,,1.1718,0,0,0,0.78125,5.078125,64,14.7,0,
101,2026-09-02,13:54:45.98391,11.79834,,0,0,,0,0,775,81.1764705882353,0,61,99.9,-40,,0.78125,5.078125,,,,,,,,,,,,,1.1718,0,0,0,0.78125,5.078125,64,14.7,0,
102,2026-09-02,13:54:46.09326,11.90125,,0,0,,0,0,775,81.1764705882353,0,61,99.9,-40,,0.78125,5.078125,,,,,,,,,,,,,1.1718,0,0,0,0.78125,5.078125,64,14.7,0,
103,2026-09-02,13:54:46.20266,12.00826,,0,0,,0,0,775,81.1764705882353,0,61,99.9,-40,,0.78125,5.078125,,,,,,,,,,,,,1.1718,0,0,0,0.78125,5.078125,64,14.7,0,
104,2026-09-02,13:54:46.29639,12.10866,,0,0,,0,0,775,81.1764705882353,0,61,99.9,-40,,0.78125,5.078125,,,,,,,,,,,,,1.1718,0,0,0,0.78125,5.078125,64,14.7,0,
105,2026-09-02,13:54:46.40803,12.21611,,0,0,,0,0,775,81.1764705882353,0,61,99.9,-40,,0.78125,5.078125,,,,,,,,,,,,,1.1718,0,0,0,0.78125,5.078125,64,14.7,0,
106,2026-09-02,13:54:46.51713,12.33276,,0,0,,0,0,775,81.1764705882353,0,61,99.9,-40,,0.78125,5.078125,,,,,,,,,,,,,1.1718,0,0,0,0.78125,5.078125,64,14.7,0,
107,2026-09-02,13:54:46.64262,12.44744,,0,0,,0,0,775,81.1764705882353,0,61,99.9,-40,,0.78125,5.078125,,,,,,,,,,,,,1.1718,0,0,0,0.78125,5.078125,64,14.7,0,
108,2026-09-02,13:54:46.73634,12.54716,,0,0,,0,0,775,81.1764705882353,0,61,99.9,-40,,0.78125,5.078125,,,,,,,,,,,,,1.1718,0,0,0,0.78125,5.078125,64,14.7,0,
109,2026-09-02,13:54:46.83007,12.64701,,0,0,,0,0,775,81.1764705882353,0,61,99.9,-40,,0.78125,5.078125,,,,,,,,,,,,,1.1718,0,0,0,0.78125,5.078125,64,14.7,0,
110,2026-09-02,13:54:46.93994,12.74772,,0,0,,0,0,775,81.1764705882353,0,61,99.9,-40,,0.78125,5.078125,,,,,,,,,,,,,1.1718,0,0,0,0.78125,5.078125,64,14.7,0,
111,2026-09-02,13:54:47.03415,12.84722,,0,0,,0,0,774,81.1764705882353,0,61,99.9,-40,,0.78125,5.078125,,,,,,,,,,,,,1.1718,0,0,0,0.78125,5.078125,64,14.7,0,
112,2026-09-02,13:54:47.14408,12.95231,,0,0,,0,0,774,81.1764705882353,0,61,99.9,-40,,0.78125,5.078125,,,,,,,,,,,,,1.1718,0,0,0,0.78125,5.078125,64,14.7,0,
113,2026-09-02,13:54:47.25391,13.06007,,0,0,,0,0,774,81.1764705882353,0,61,99.9,-40,,0.78125,5.078125,,,,,,,,,,,,,1.1718,0,0,0,0.78125,5.078125,64,14.7,0,
114,2026-09-02,13:54:47.34761,13.16218,,0,0,,0,0,776,81.1764705882353,0,61,99.9,-40,,0.78125,5.078125,,,,,,,,,,,,,1.1718,0,0,0,0.78125,5.078125,64,14.7,0,
115,2026-09-02,13:54:47.45738,13.26169,,0,0,,0,0,776,81.1764705882353,0,61,99.9,-40,,0.78125,5.078125,,,,,,,,,,,,,1.1718,0,0,0,0.78125,5.078125,64,14.7,0,
116,2026-09-02,13:54:47.56665,13.37345,,0,0,,0,0,775,81.1764705882353,0,61,99.9,-40,,0.78125,5.078125,,,,,,,,,,,,,1.1718,0,0,0,0.78125,5.078125,64,14.7,0,
117,2026-09-02,13:54:47.66056,13.47626,,0,0,,0,0,775,81.1764705882353,0,61,99.9,-40,,0.78125,5.078125,,,,,,,,,,,,,1.1718,0,0,0,0.78125,5.078125,64,14.7,0,
118,2026-09-02,13:54:47.78578,13.59337,,0,0,,0,0,775,81.1764705882353,0,61,99.9,-40,,0.78125,5.078125,,,,,,,,,,,,,1.1718,0,0,0,0.78125,5.078125,64,14.7,0,
119,2026-09-02,13:54:47.87998,13.69575,,0,0,,0,0,776,81.1764705882353,0,61,99.9,-40,,0.78125,5.078125,,,,,,,,,,,,,1.1718,0,0,0,0.78125,5.078125,64,14.7,0,
120,2026-09-02,13:54:47.98936,13.80095,,0,0,,0,0,775,81.1764705882353,0,61,99.9,-40,,0.78125,5.078125,,,,,,,,,,,,,1.1718,0,0,0,0.78125,5.078125,64,14.7,0,
121,2026-09-02,13:54:48.09870,13.90581,,0,0,,0,0,775,81.1764705882353,0,61,99.9,-40,,0.78125,5.078125,,,,,,,,,,,,,1.1718,0,0,0,0.78125,5.078125,64,14.7,0,
122,2026-09-02,13:54:48.19243,14.00567,,0,0,,0,0,775,81.1764705882353,0,61,99.9,-40,,0.78125,5.078125,,,,,,,,,,,,,1.1718,0,0,0,0.78125,5.078125,64,14.7,0,
123,2026-09-02,13:54:48.30225,14.11542,,0,0,,0,0,774,81.1764705882353,0,61,99.9,-40,,0.78125,5.078125,,,,,,,,,,,,,1.1718,0,0,0,0.78125,5.078125,64,14.7,0,
124,2026-09-02,13:54:48.41222,14.22256,,0,0,,0,0,775,81.1764705882353,0,61,99.9,-40,,0.78125,5.078125,,,,,,,,,,,,,1.1718,0,0,0,0.78125,5.078125,64,14.7,0,
125,2026-09-02,13:54:48.52157,14.32475,,0,0,,0,0,775,81.1764705882353,0,61,99.9,-40,,0.78125,5.078125,,,,,,,,,,,,,1.1718,0,0,0,0.78125,5.078125,64,14.7,0,
126,2026-09-02,13:54:48.61531,14.42943,,0,0,,0,0,775,81.1764705882353,0,61,99.9,-40,,0.78125,5.078125,,,,,,,,,,,,,1.1718,0,0,0,0.78125,5.078125,64,14.7,0,
127,2026-09-02,13:54:48.72522,14.53924,,0,0,,0,0,775,81.1764705882353,0,61,99.9,-40,,0.78125,5.078125,,,,,,,,,,,,,1.1718,0,0,0,0.78125,5.078125,64,14.7,0,
128,2026-09-02,13:54:48.83458,14.64402,,0,0,,0,0,775,81.1764705882353,0,61,99.9,-40,,0.78125,5.078125,,,,,,,,,,,,,1.1718,0,0,0,0.78125,5.078125,64,14.7,0,
129,2026-09-02,13:54:48.94447,14.75886,,0,0,,0,0,775,81.1764705882353,0,61,99.9,-40,,0.78125,5.078125,,,,,,,,,,,,,1.1718,0,0,0,0.78125,5.078125,64,14.7,0,
130,2026-09-02,13:54:49.05382,14.86384,,0,0,,0,0,775,81.1764705882353,0,61,99.9,-40,,0.78125,5.078125,,,,,,,,,,,,,1.1718,0,0,0,0.78125,5.078125,64,14.7,0,
131,2026-09-02,13:54:49.16370,14.97358,,0,0,,0,0,775,81.1764705882353,0,61,99.9,-40,,0.78125,5.078125,,,,,,,,,,,,,1.1718,0,0,0,0.78125,5.078125,64,14.7,0,
132,2026-09-02,13:54:49.27309,15.07892,,0,0,,0,0,775,81.1764705882353,0,61,99.9,-40,,0.78125,5.078125,,,,,,,,,,,,,1.1718,0,0,0,0.78125,5.078125,64,14.7,0,
133,2026-09-02,13:54:49.36678,15.18344,,0,0,,0,0,775,81.1764705882353,0,61,99.9,-40,,0.78125,5.078125,,,,,,,,,,,,,1.1718,0,0,0,0.78125,5.078125,64,14.7,0,
134,2026-09-02,13:54:49.47671,15.28542,,0,0,,0,0,775,81.1764705882353,0,61,99.9,-40,,0.78125,5.078125,,,,,,,,,,,,,1.1718,0,0,0,0.78125,5.078125,64,14.7,0,
135,2026-09-02,13:54:49.58606,15.39284,,0,0,,0,0,775,81.1764705882353,0,61,99.9,-40,,0.78125,5.078125,,,,,,,,,,,,,1.1718,0,0,0,0.78125,5.078125,64,14.7,0,
136,2026-09-02,13:54:49.69600,15.50563,,0,0,,0,0,775,81.1764705882353,0,61,99.9,-40,,0.78125,5.078125,,,,,,,,,,,,,1.1718,0,0,0,0.78125,5.078125,64,14.7,0,
137,2026-09-02,13:54:49.80533,15.62223,,0,0,,0,40.3125,775,80.3921568627451,0,61,99.9,-40,,0.78125,5.078125,,,,,,,,,,,,,1.34757,6.25,0,0,0.78125,5.078125,64,12.2181818181818,0,
138,2026-09-02,13:54:49.91524,15.72359,,125,0,,0,40.3125,775,80.3921568627451,0,61,99.9,-40,,0.78125,5.078125,,,,,,,,,,,,,1.28898,6.25,0,0,0.78125,5.078125,64,12.2181818181818,0,
139,2026-09-02,13:54:50.02465,15.83249,,125,0,,0,40.3125,775,80.3921568627451,0,61,99.9,-40,,0.78125,5.078125,,,,,,,,,,,,,1.28898,6.25,0,0,0.78125,5.078125,64,12.2181818181818,0,
140,2026-09-02,13:54:50.16563,15.98237,,125,0,,0,40.3125,775,80.3921568627451,0,61,99.9,-40,,0.78125,5.078125,,,,,,,,,,,,,1.34757,6.25,0,0,0.78125,5.078125,64,12.2181818181818,0,
141,2026-09-02,13:54:50.30627,16.12234,,125,0,,0,40.3125,774,81.1764705882353,0,5,99.9,-40,,0.78125,5.078125,,,,,,,,,,,,,1.42569,6.25,0,0,0.78125,5.078125,64,12.2181818181818,0,
142,2026-09-02,13:54:50.41642,16.22708,,125,0,,0,37.8125,775,80,0,5,99.9,-40,,0.78125,5.078125,,,,,,,,,,,,,1.3671,6.25,0,0,0.78125,5.078125,64,12.2181818181818,10,
143,2026-09-02,13:54:50.54135,16.34919,,156.25,0,,0,37.8125,775,80,0,15,99.9,-40,,0.78125,5.078125,,,,,,,,,,,,,1.34757,12.5,0,0,0.78125,5.078125,64,12.2181818181818,1,
144,2026-09-02,13:54:50.69836,16.5118,,218.75,0,,0,37.8125,775,74.9019607843137,0,20,96,-40,,0.78125,5.078125,,,,,,,,,,,,,1.67958,68.75,0,0,0.78125,5.078125,64,14.7,9,
145,2026-09-02,13:54:50.83848,16.65632,,1375,0,,0,26.5625,775,53.7254901960784,0,22,74,-40,,0.78125,5.078125,,,,,,,,,,,,,1.54287,68.75,0,0,0.78125,5.078125,64,14.7,2,
146,2026-09-02,13:54:50.96344,16.78073,,1718.75,0,,0,16.5625,775,37.6470588235294,0,12,11.4,-40,,0.78125,5.078125,,,,,,,,,,,,,1.67958,50,0,0,0.78125,5.078125,64,14.7,4,
147,2026-09-02,13:54:51.08847,16.90101,,1750,0,,0,11.875,775,30.5882352941176,0,17,11.6,-40,,0.78125,5.078125,,,,,,,,,,,,,1.66005,37.5,0,0,0.78125,5.078125,64,14.7,5,
148,2026-09-02,13:54:51.24551,17.05057,,1656.25,0,,0,9.6875,775,26.6666666666667,0,21,11.2,-40,,0.78125,5.078125,,,,,,,,,,,,,1.66005,25,0,0,0.78125,5.078125,64,14.7,3,
149,2026-09-02,13:54:51.37067,17.17505,,1531.25,0,,0,8.4375,774,24.3137254901961,0,25,10.6,-40,,0.78125,5.078125,,,,,,,,,,,,,1.58193,25,0,0,0.78125,5.078125,64,14.7,0,
150,2026-09-02,13:54:51.48013,17.29503,,1500,0,,0,8.125,775,22.7450980392157,0,24,10.8,-40,,0.78125,5.078125,,,,,,,,,,,,,1.52334,25,0,0,0.78125,5.078125,64,14.7,0,
151,2026-09-02,13:54:51.63708,17.44269,,1437.5,0,,0,7.8125,775,22.3529411764706,0,22,10.3,-40,,0.78125,5.078125,,,,,,,,,,,,,1.64052,18.75,0,0,0.78125,5.078125,64,14.7,2,
152,2026-09-02,13:54:51.77768,17.58941,,1343.75,0,,0,8.125,774,22.7450980392157,0,21,10.4,-40,,0.78125,5.078125,,,,,,,,,,,,,1.66005,18.75,0,0,0.78125,5.078125,64,14.7,1,
153,2026-09-02,13:54:51.88754,17.69912,,1250,0,,0,8.4375,775,23.921568627451,0,19,10.2,-40,,0.78125,5.078125,,,,,,,,,,,,,1.67958,18.75,0,0,0.78125,5.078125,64,14.7,0,
154,2026-09-02,13:54:51.99690,17.80868,,1187.5,0,,0,9.0625,774,24.7058823529412,0,17,10.4,-40,,0.78125,5.078125,,,,,,,,,,,,,1.54287,18.75,0,0,0.78125,5.078125,64,14.7,1,
155,2026-09-02,13:54:52.10625,17.91453,,1156.25,0,,0,9.375,774,24.7058823529412,0,21,10.7,-40,,0.78125,5.078125,,,,,,,,,,,,,1.50381,18.75,0,0,0.78125,5.078125,64,14.7,5,
156,2026-09-02,13:54:52.21619,18.02334,,1125,0,,0,9.375,775,24.3137254901961,0,25,10.8,-40,,0.78125,5.078125,,,,,,,,,,,,,1.52334,18.75,0,0,0.78125,5.078125,64,14.7,1,
157,2026-09-02,13:54:52.30992,18.12818,,1093.75,0,,0,9.375,775,24.3137254901961,0,28,11,-40,,0.78125,5.078125,,,,,,,,,,,,,1.52334,18.75,0,0,0.78125,5.078125,64,14.7,1,
158,2026-09-02,13:54:52.41986,18.23299,,1062.5,0,,0,9.6875,775,24.7058823529412,0,31,11,-40,,0.78125,5.078125,,,,,,,,,,,,,1.64052,18.75,0,0,0.78125,5.078125,64,14.7,1,
159,2026-09-02,13:54:52.52924,18.33784,,1062.5,0,,0,10,775,24.7058823529412,0,31,11.2,-40,,0.78125,5.078125,,,,,,,,,,,,,1.5624,18.75,0,0,0.78125,5.078125,64,14.7,1,
160,2026-09-02,13:54:52.62294,18.43767,,1031.25,0,,0,10,774,25.4901960784314,0,31,11.5,-40,,0.78125,5.078125,,,,,,,,,,,,,1.62099,18.75,0,0,0.78125,5.078125,64,14.7,4,
161,2026-09-02,13:54:52.73280,18.54758,,1000,0,,0,10.625,775,25.8823529411765,0,30,11.5,-40,,0.78125,5.078125,,,,,,,,,,,,,1.5624,18.75,0,0,0.78125,5.078125,64,14.7,2,
162,2026-09-02,13:54:52.84215,18.65236,,1000,0,,0,10.9375,775,26.2745098039216,0,30,11.5,-40,,0.78125,5.078125,,,,,,,,,,,,,1.66005,18.75,0,0,0.78125,5.078125,64,14.7,1,
163,2026-09-02,13:54:52.95206,18.75835,,968.75,0,,0,11.5625,775,26.6666666666667,0,29,11.7,-40,,0.78125,5.078125,,,,,,,,,,,,,1.58193,18.75,0,0,0.78125,5.078125,64,14.7,1,
164,2026-09-02,13:54:53.06141,18.87225,,968.75,0,,0,11.875,774,27.0588235294118,0,29,11.9,-40,,0.78125,5.078125,,,,,,,,,,,,,1.62099,25,0,0,0.78125,5.078125,64,14.7,1,
165,2026-09-02,13:54:53.15567,18.97181,,968.75,0,,0,12.1875,775,27.4509803921569,0,29,11.7,-40,,0.78125,5.078125,,,,,,,,,,,,,1.58193,25,0,0,0.78125,5.078125,64,14.7,6,
166,2026-09-02,13:54:53.26501,19.07666,,968.75,0,,0,12.1875,775,27.4509803921569,0,29,11.6,-40,,0.78125,5.078125,,,,,,,,,,,,,1.67958,25,0,0,0.78125,5.078125,64,14.7,0,
167,2026-09-02,13:54:53.37436,19.18642,,1000,0,,0,12.5,774,27.843137254902,0,30,11.8,-40,,0.78125,5.078125,,,,,,,,,,,,,1.58193,25,0,0,0.78125,5.078125,64,14.7,1,
168,2026-09-02,13:54:53.48427,19.28724,,1000,0,,0,12.5,774,28.2352941176471,0,30,11.7,-40,,0.78125,5.078125,,,,,,,,,,,,,1.67958,25,0,0,0.78125,5.078125,64,14.7,2,
169,2026-09-02,13:54:53.59361,19.40185,,1000,0,,0,12.5,775,28.2352941176471,0,30,11.5,-40,,0.78125,5.078125,,,,,,,,,,,,,1.58193,25,0,0,0.78125,5.078125,64,14.7,5,
170,2026-09-02,13:54:53.70353,19.52167,,1031.25,0,,0,12.5,775,28.2352941176471,0,31,11.6,-40,,0.78125,5.078125,,,,,,,,,,,,,1.67958,25,0,0,0.78125,5.078125,64,14.7,2,
171,2026-09-02,13:54:53.82850,19.63813,,1062.5,0,,0,12.5,774,28.2352941176471,0,30,11.8,-40,,0.78125,5.078125,,,,,,,,,,,,,1.67958,25,0,0,0.78125,5.078125,64,14.7,3,
172,2026-09-02,13:54:53.93818,19.75128,,1062.5,0,,0,12.1875,774,27.843137254902,0,29,11.9,-40,,0.78125,5.078125,,,,,,,,,,,,,1.64052,25,0,0,0.78125,5.078125,64,14.7,4,
173,2026-09-02,13:54:54.06293,19.87121,,1093.75,0,,0,11.875,775,27.4509803921569,0,27,12.1,-40,,0.78125,5.078125,,,,,,,,,,,,,1.67958,25,0,0,0.78125,5.078125,64,14.7,2,
174,2026-09-02,13:54:54.17309,19.98591,,1125,0,,0,11.875,775,27.0588235294118,0,21,12.1,-40,,0.78125,5.078125,,,,,,,,,,,,,1.67958,25,0,0,0.78125,5.078125,64,14.7,1,
175,2026-09-02,13:54:54.29811,20.11055,,1156.25,0,,0,11.5625,775,26.2745098039216,0,20,12.3,-40,,0.78125,5.078125,,,,,,,,,,,,,1.64052,25,0,0,0.78125,5.078125,64,14.7,0,
176,2026-09-02,13:54:54.42401,20.23287,,1156.25,0,,0,11.5625,775,26.2745098039216,0,20,12.3,-40,,0.78125,5.078125,,,,,,,,,,,,,1.60146,25,0,0,0.78125,5.078125,64,14.7,0,
177,2026-09-02,13:54:54.56494,20.3704,,1156.25,0,,0,11.5625,774,26.2745098039216,0,20,12.6,-40,,0.78125,5.078125,,,,,,,,,,,,,1.67958,25,0,0,0.78125,5.078125,64,14.7,2,
178,2026-09-02,13:54:54.67470,20.48511,,1125,0,,0,11.5625,774,26.2745098039216,0,21,12.9,-40,,0.78125,5.078125,,,,,,,,,,,,,1.71864,25,0,0,0.78125,5.078125,64,14.7,0,
179,2026-09-02,13:54:54.79955,20.61462,,1156.25,0,,0,11.5625,775,26.2745098039216,0,20,12.9,-40,,0.78125,5.078125,,,,,,,,,,,,,1.69911,25,0,0,0.78125,5.078125,64,14.7,1,
180,2026-09-02,13:54:54.90940,20.71996,,1125,0,,0,11.5625,774,26.2745098039216,0,21,13.2,-40,,0.78125,5.078125,,,,,,,,,,,,,1.67958,25,0,0,0.78125,5.078125,64,14.7,0,
181,2026-09-02,13:54:55.03467,20.84491,,1125,0,,0,11.5625,775,26.2745098039216,0,21,13.3,-40,,0.78125,5.078125,,,,,,,,,,,,,1.66005,25,0,0,0.78125,5.078125,64,14.7,2,
182,2026-09-02,13:54:55.15992,20.96953,,1125,0,,0,11.5625,775,25.8823529411765,0,20,13.3,-40,,0.78125,5.078125,,,,,,,,,,,,,1.60146,25,0,0,0.78125,5.078125,64,14.7,1,
183,2026-09-02,13:54:55.28536,21.09895,,1156.25,0,,0,11.5625,774,25.8823529411765,0,20,13.4,-40,,0.78125,5.078125,,,,,,,,,,,,,1.60146,25,0,0,0.78125,5.078125,64,14.7,1,
184,2026-09-02,13:54:55.39445,21.20446,,1156.25,0,,0,11.5625,775,25.8823529411765,0,20,13.4,-40,,0.78125,5.078125,,,,,,,,,,,,,1.66005,25,0,0,0.78125,5.078125,64,14.7,1,
185,2026-09-02,13:54:55.53555,21.34829,,1125,0,,0,11.5625,775,25.8823529411765,0,20,13.2,-40,,0.78125,5.078125,,,,,,,,,,,,,1.71864,25,0,0,0.78125,5.078125,64,14.7,3,
186,2026-09-02,13:54:55.66061,21.46863,,1125,0,,0,11.5625,775,25.8823529411765,0,21,12.9,-40,,0.78125,5.078125,,,,,,,,,,,,,1.62099,25,0,0,0.78125,5.078125,64,14.7,1,
187,2026-09-02,13:54:55.77004,21.57702,,1125,0,,0,11.5625,774,25.8823529411765,0,20,13.4,-40,,0.78125,5.078125,,,,,,,,,,,,,1.69911,25,0,0,0.78125,5.078125,64,14.7,1,
188,2026-09-02,13:54:55.91106,21.7232,,1125,0,,0,11.5625,774,25.8823529411765,0,20,13.3,-40,,0.78125,5.078125,,,,,,,,,,,,,1.67958,25,0,0,0.78125,5.078125,64,14.7,1,
189,2026-09-02,13:54:56.03609,21.85304,,1125,0,,0,11.5625,775,25.8823529411765,0,20,13.4,-40,,0.78125,5.078125,,,,,,,,,,,,,1.67958,25,0,0,0.78125,5.078125,64,14.7,4,
190,2026-09-02,13:54:56.16160,21.97306,,1125,0,,0,11.5625,775,25.8823529411765,0,21,13.3,-40,,0.78125,5.078125,,,,,,,,,,,,,1.60146,25,0,0,0.78125,5.078125,64,14.7,3,
191,2026-09-02,13:54:56.28670,22.1026,,1125,0,,0,11.5625,775,25.8823529411765,0,21,13.3,-40,,0.78125,5.078125,,,,,,,,,,,,,1.64052,25,0,0,0.78125,5.078125,64,14.7,1,
192,2026-09-02,13:54:56.41264,22.22243,,1125,0,,0,11.5625,775,25.8823529411765,0,21,13.2,-40,,0.78125,5.078125,,,,,,,,,,,,,1.62099,25,0,0,0.78125,5.078125,64,14.7,1,
193,2026-09-02,13:54:56.53762,22.3523,,1125,0,,0,11.5625,775,25.8823529411765,0,21,13.1,-40,,0.78125,5.078125,,,,,,,,,,,,,1.62099,25,0,0,0.78125,5.078125,64,14.7,1,
194,2026-09-02,13:54:56.64693,22.45427,,1125,0,,0,11.5625,774,25.8823529411765,0,21,13.2,-40,,0.78125,5.078125,,,,,,,,,,,,,1.62099,25,0,0,0.78125,5.078125,63,14.7,1,
195,2026-09-02,13:54:56.74030,22.5564,,1125,0,,0,11.5625,775,25.4901960784314,0,21,13.1,-40,,0.78125,5.078125,,,,,,,,,,,,,1.69911,25,0,0,0.78125,5.078125,64,14.7,1,
196,2026-09-02,13:54:56.84966,22.66619,,1125,0,,0,11.5625,775,25.4901960784314,0,20,13.1,-40,,0.78125,5.078125,,,,,,,,,,,,,1.60146,25,0,0,0.78125,5.078125,63,14.7,4,
197,2026-09-02,13:54:56.95990,22.77136,,1125,0,,0,11.5625,774,25.4901960784314,0,20,13.3,-40,,0.78125,5.078125,,,,,,,,,,,,,1.60146,25,0,0,0.78125,5.078125,63,14.7,1,
198,2026-09-02,13:54:57.10073,22.90607,,1125,0,,0,11.5625,774,25.4901960784314,0,21,13.1,-40,,0.78125,5.078125,,,,,,,,,,,,,1.69911,25,0,0,0.78125,5.078125,63,14.7,0,
199,2026-09-02,13:54:57.19480,23.00618,,1125,0,,0,11.5625,774,25.4901960784314,0,23,13.5,-40,,0.78125,5.078125,,,,,,,,,,,,,1.67958,25,0,0,0.78125,5.078125,63,14.7,1,
200,2026-09-02,13:54:57.31964,23.13594,,1125,0,,0,11.5625,775,25.4901960784314,0,21,13.2,-40,,0.78125,5.078125,,,,,,,,,,,,,1.69911,25,0,0,0.78125,5.078125,63,14.7,4,
201,2026-09-02,13:54:57.42954,23.2381,,1125,0,,0,11.5625,775,25.4901960784314,0,21,13.2,-40,,0.78125,5.078125,,,,,,,,,,,,,1.66005,25,0,0,0.78125,5.078125,63,14.7,2,
202,2026-09-02,13:54:57.55434,23.37063,,1125,0,,0,11.5625,774,25.4901960784314,0,21,13.3,-40,,0.78125,5.078125,,,,,,,,,,,,,1.69911,25,0,0,0.78125,5.078125,63,14.7,0,
203,2026-09-02,13:54:57.66452,23.47056,,1125,0,,0,11.5625,775,25.4901960784314,0,21,13.3,-40,,0.78125,5.078125,,,,,,,,,,,,,1.62099,25,0,0,0.78125,5.078125,63,14.7,1,
204,2026-09-02,13:54:57.75808,23.57472,,1125,0,,0,11.5625,775,25.4901960784314,0,21,13.4,-40,,0.78125,5.078125,,,,,,,,,,,,,1.60146,25,0,0,0.78125,5.078125,63,14.7,1,
205,2026-09-02,13:54:57.86747,23.67957,,1125,0,,0,11.5625,775,25.4901960784314,0,21,13.3,-40,,0.78125,5.078125,,,,,,,,,,,,,1.60146,25,0,0,0.78125,5.078125,63,14.7,2,
206,2026-09-02,13:54:57.99300,23.80269,,1125,0,,0,11.5625,775,25.4901960784314,0,20,13.3,-40,,0.78125,5.078125,,,,,,,,,,,,,1.64052,25,0,0,0.78125,5.078125,63,14.7,2,
207,2026-09-02,13:54:58.11798,23.927,,1125,0,,0,11.5625,775,25.4901960784314,0,21,13.3,-40,,0.78125,5.078125,,,,,,,,,,,,,1.69911,25,0,0,0.78125,5.078125,63,14.7,0,
208,2026-09-02,13:54:58.21170,24.02912,,1125,0,,0,11.5625,775,25.4901960784314,0,20,13.2,-40,,0.78125,5.078125,,,,,,,,,,,,,1.58193,25,0,0,0.78125,5.078125,63,14.7,1,
209,2026-09-02,13:54:58.33668,24.13955,,1125,0,,0,11.5625,775,25.4901960784314,0,20,13.5,-40,,0.78125,5.078125,,,,,,,,,,,,,1.67958,25,0,0,0.78125,5.078125,63,14.7,1,
210,2026-09-02,13:54:58.43146,24.24937,,1125,0,,0,11.5625,774,25.4901960784314,0,20,13.7,-40,,0.78125,5.078125,,,,,,,,,,,,,1.66005,25,0,0,0.78125,5.078125,63,14.7,1,
211,2026-09-02,13:54:58.55639,24.37374,,1125,0,,0,11.5625,774,25.4901960784314,0,21,13.4,-40,,0.78125,5.078125,,,,,,,,,,,,,1.58193,25,0,0,0.78125,5.078125,63,14.7,0,
212,2026-09-02,13:54:58.69698,24.50882,,1125,0,,0,11.5625,775,25.4901960784314,0,20,13.4,-40,,0.78125,5.078125,,,,,,,,,,,,,1.66005,25,0,0,0.78125,5.078125,63,14.7,1,
213,2026-09-02,13:54:58.82195,24.63363,,1125,0,,0,11.5625,775,25.4901960784314,0,21,13.6,-40,,0.78125,5.078125,,,,,,,,,,,,,1.60146,25,0,0,0.78125,5.078125,63,14.7,2,
214,2026-09-02,13:54:58.93261,24.74315,,1125,0,,0,11.5625,775,25.4901960784314,0,21,13.6,-40,,0.78125,5.078125,,,,,,,,,,,,,1.60146,25,0,0,0.78125,5.078125,63,14.7,1,
215,2026-09-02,13:54:59.05760,24.86573,,1125,0,,0,11.5625,775,25.4901960784314,0,23,13.3,-40,,0.78125,5.078125,,,,,,,,,,,,,1.62099,25,0,0,0.78125,5.078125,63,14.7,3,
216,2026-09-02,13:54:59.16758,24.97755,,1125,0,,0,11.5625,775,25.4901960784314,0,21,13.4,-40,,0.78125,5.078125,,,,,,,,,,,,,1.60146,25,0,0,0.78125,5.078125,63,14.7,1,
217,2026-09-02,13:54:59.29230,25.10279,,1125,0,,0,11.5625,774,25.4901960784314,0,21,13.7,-40,,0.78125,5.078125,,,,,,,,,,,,,1.62099,25,0,0,0.78125,5.078125,63,14.7,1,
218,2026-09-02,13:54:59.41763,25.22766,,1125,0,,0,11.5625,775,25.4901960784314,0,21,13.8,-40,,0.78125,5.078125,,,,,,,,,,,,,1.69911,25,0,0,0.78125,5.078125,63,14.7,2,
219,2026-09-02,13:54:59.54224,25.35735,,1125,0,,0,11.5625,775,25.4901960784314,0,20,15.1,-40,,0.78125,5.078125,,,,,,,,,,,,,1.67958,25,0,0,0.78125,5.078125,63,14.7,1,
220,2026-09-02,13:54:59.65241,25.46731,,1125,0,,0,11.5625,774,25.4901960784314,0,21,14,-40,,0.78125,5.078125,,,,,,,,,,,,,1.60146,25,0,0,0.78125,5.078125,63,14.7,2,
221,2026-09-02,13:54:59.77740,25.59199,,1125,0,,0,11.5625,774,25.4901960784314,0,21,13.1,-40,,0.78125,5.078125,,,,,,,,,,,,,1.64052,25,0,0,0.78125,5.078125,63,14.7,0,
222,2026-09-02,13:54:59.88714,25.70182,,1125,0,,0,11.5625,774,25.4901960784314,0,21,13.8,-40,,0.78125,5.078125,,,,,,,,,,,,,1.60146,25,0,0,0.78125,5.078125,63,14.7,0,
223,2026-09-02,13:55:00.02812,25.83914,,1125,0,,0,11.5625,775,25.4901960784314,0,21,13.4,-40,,0.78125,5.078125,,,,,,,,,,,,,1.62099,25,0,0,0.78125,5.078125,63,14.7,0,
224,2026-09-02,13:55:00.15360,25.96188,,1125,0,,0,11.5625,775,25.4901960784314,0,21,13.4,-40,,0.78125,5.078125,,,,,,,,,,,,,1.60146,25,0,0,0.78125,5.078125,63,14.7,1,
225,2026-09-02,13:55:00.24782,26.06126,,1125,0,,0,11.5625,774,25.4901960784314,0,23,14,-40,,0.78125,5.078125,,,,,,,,,,,,,1.69911,25,0,0,0.78125,5.078125,63,14.7,0,
226,2026-09-02,13:55:00.37238,26.18069,,1125,0,,0,11.5625,774,25.4901960784314,0,23,13.8,-40,,0.78125,5.078125,,,,,,,,,,,,,1.66005,25,0,0,0.78125,5.078125,63,14.7,1,
227,2026-09-02,13:55:00.49790,26.30574,,1125,0,,0,11.5625,775,25.4901960784314,0,23,13.9,-40,,0.78125,5.078125,,,,,,,,,,,,,1.58193,25,0,0,0.78125,5.078125,63,14.7,0,
228,2026-09-02,13:55:00.60753,26.41084,,1125,0,,0,11.5625,774,25.4901960784314,0,21,13.9,-40,,0.78125,5.078125,,,,,,,,,,,,,1.69911,25,0,0,0.78125,5.078125,63,14.7,1,
229,2026-09-02,13:55:00.71728,26.52275,,1125,0,,0,11.5625,774,25.4901960784314,0,21,14,-40,,0.78125,5.078125,,,,,,,,,,,,,1.64052,25,0,0,0.78125,5.078125,63,14.7,1,
230,2026-09-02,13:55:00.81103,26.6202,,1125,0,,0,11.5625,775,25.4901960784314,0,21,13.9,-40,,0.78125,5.078125,,,,,,,,,,,,,1.69911,25,0,0,0.78125,5.078125,63,14.7,0,
231,2026-09-02,13:55:00.93598,26.74966,,1125,0,,0,11.5625,775,25.4901960784314,0,21,14,-40,,0.78125,5.078125,,,,,,,,,,,,,1.69911,25,0,0,0.78125,5.078125,63,14.7,1,
232,2026-09-02,13:55:01.04572,26.85994,,1125,0,,0,11.5625,775,25.4901960784314,0,20,13.9,-40,,0.78125,5.078125,,,,,,,,,,,,,1.69911,25,0,0,0.78125,5.078125,63,14.7,1,
233,2026-09-02,13:55:01.17116,26.9745,,1125,0,,0,11.5625,775,25.4901960784314,0,21,14,-40,,0.78125,5.078125,,,,,,,,,,,,,1.69911,25,0,0,0.78125,5.078125,63,14.7,1,
234,2026-09-02,13:55:01.28051,27.09482,,1125,0,,0,11.5625,774,25.4901960784314,0,21,14.2,-40,,0.78125,5.078125,,,,,,,,,,,,,1.58193,25,0,0,0.78125,5.078125,62,14.7,1,
235,2026-09-02,13:55:01.40595,27.21936,,1125,0,,0,11.5625,775,25.4901960784314,0,23,14,-40,,0.78125,5.078125,,,,,,,,,,,,,1.60146,25,0,0,0.78125,5.078125,62,14.7,2,
236,2026-09-02,13:55:01.51529,27.32431,,1125,0,,0,11.5625,775,25.4901960784314,0,23,14.1,-40,,0.78125,5.078125,,,,,,,,,,,,,1.58193,25,0,0,0.78125,5.078125,62,14.7,1,
237,2026-09-02,13:55:01.60865,27.42418,,1125,0,,0,11.5625,774,25.4901960784314,0,21,14.2,-40,,0.78125,5.078125,,,,,,,,,,,,,1.66005,25,0,0,0.78125,5.078125,62,14.7,3,
238,2026-09-02,13:55:01.71930,27.53408,,1125,0,,0,11.5625,774,25.4901960784314,0,21,14.1,-40,,0.78125,5.078125,,,,,,,,,,,,,1.67958,25,0,0,0.78125,5.078125,62,14.7,0,
239,2026-09-02,13:55:01.82852,27.63908,,1125,0,,0,11.5625,774,25.4901960784314,0,21,13.9,-40,,0.78125,5.078125,,,,,,,,,,,,,1.64052,25,0,0,0.78125,5.078125,62,14.7,2,
240,2026-09-02,13:55:01.95427,27.76849,,1125,0,,0,11.5625,775,25.4901960784314,0,23,14.2,-40,,0.78125,5.078125,,,,,,,,,,,,,1.67958,25,0,0,0.78125,5.078125,62,14.7,2,
241,2026-09-02,13:55:02.07902,27.89328,,1125,0,,0,11.5625,774,25.4901960784314,0,20,13.9,-40,,0.78125,5.078125,,,,,,,,,,,,,1.69911,25,0,0,0.78125,5.078125,62,14.7,1,
242,2026-09-02,13:55:02.21998,28.02583,,1125,0,,0,11.5625,775,25.4901960784314,0,21,14.6,-40,,0.78125,5.078125,,,,,,,,,,,,,1.64052,25,0,0,0.78125,5.078125,62,14.7,0,
243,2026-09-02,13:55:02.31408,28.12791,,1125,0,,0,11.5625,775,25.8823529411765,0,21,14.2,-40,,0.78125,5.078125,,,,,,,,,,,,,1.60146,25,0,0,0.78125,5.078125,62,14.7,2,
244,2026-09-02,13:55:02.42344,28.23282,,1125,0,,0,11.5625,774,25.4901960784314,0,20,13.7,-40,,0.78125,5.078125,,,,,,,,,,,,,1.60146,25,0,0,0.78125,5.078125,62,14.7,1,
245,2026-09-02,13:55:02.53277,28.33961,,1125,0,,0,11.5625,775,25.4901960784314,0,21,14.6,-40,,0.78125,5.078125,,,,,,,,,,,,,1.58193,25,0,0,0.78125,5.078125,62,14.7,0,
246,2026-09-02,13:55:02.62608,28.43721,,1125,0,,0,11.5625,775,25.4901960784314,0,21,14.1,-40,,0.78125,5.078125,,,,,,,,,,,,,1.64052,25,0,0,0.78125,5.078125,62,14.7,2,
247,2026-09-02,13:55:02.75237,28.56204,,1125,0,,0,11.5625,775,25.4901960784314,0,20,14.1,-40,,0.78125,5.078125,,,,,,,,,,,,,1.66005,25,0,0,0.78125,5.078125,62,14.7,2,
248,2026-09-02,13:55:02.84591,28.66226,,1125,0,,0,11.5625,775,25.4901960784314,0,21,14.2,-40,,0.78125,5.078125,,,,,,,,,,,,,1.66005,25,0,0,0.78125,5.078125,62,14.7,0,
249,2026-09-02,13:55:02.97070,28.78683,,1125,0,,0,11.5625,775,25.4901960784314,0,21,14.1,-40,,0.78125,5.078125,,,,,,,,,,,,,1.66005,25,0,0,0.78125,5.078125,62,14.7,1,
250,2026-09-02,13:55:03.08005,28.8917,,1125,0,,0,11.5625,775,25.4901960784314,0,21,14.1,-40,,0.78125,5.078125,,,,,,,,,,,,,1.66005,25,0,0,0.78125,5.078125,62,14.7,2,
251,2026-09-02,13:55:03.20731,29.02154,,1125,0,,0,11.5625,775,25.4901960784314,0,20,14.3,-40,,0.78125,5.078125,,,,,,,,,,,,,1.62099,25,0,0,0.78125,5.078125,62,14.7,2,
252,2026-09-02,13:55:03.34792,29.15343,,1125,0,,0,11.5625,775,25.4901960784314,0,20,14.1,-40,,0.78125,5.078125,,,,,,,,,,,,,1.58193,25,0,0,0.78125,5.078125,62,14.7,3,
253,2026-09-02,13:55:03.47309,29.28583,,1125,0,,0,11.5625,775,25.4901960784314,0,21,14.3,-40,,0.78125,5.078125,,,,,,,,,,,,,1.69911,25,0,0,0.78125,5.078125,62,14.7,1,
254,2026-09-02,13:55:03.58271,29.39091,,1125,0,,0,11.5625,775,25.4901960784314,0,21,14,-40,,0.78125,5.078125,,,,,,,,,,,,,1.66005,25,0,0,0.78125,5.078125,62,14.7,2,
255,2026-09-02,13:55:03.67628,29.49081,,1125,0,,0,11.5625,775,25.4901960784314,0,21,14.1,-40,,0.78125,5.078125,,,,,,,,,,,,,1.69911,25,0,0,0.78125,5.078125,62,14.7,0,
256,2026-09-02,13:55:03.78609,29.60065,,1125,0,,0,11.5625,775,25.4901960784314,0,21,14.1,-40,,0.78125,5.078125,,,,,,,,,,,,,1.69911,25,0,0,0.78125,5.078125,62,14.7,2,
257,2026-09-02,13:55:03.91113,29.72029,,1125,0,,0,11.5625,775,25.4901960784314,0,21,14.1,-40,,0.78125,5.078125,,,,,,,,,,,,,1.67958,25,0,0,0.78125,5.078125,62,14.7,2,
258,2026-09-02,13:55:04.03660,29.84542,,1125,0,,0,11.5625,774,25.4901960784314,0,21,14.2,-40,,0.78125,5.078125,,,,,,,,,,,,,1.58193,25,0,0,0.78125,5.078125,62,14.7,0,
259,2026-09-02,13:55:04.16161,29.9699,,1125,0,,0,11.5625,775,25.4901960784314,0,23,14.1,-40,,0.78125,5.078125,,,,,,,,,,,,,1.66005,25,0,0,0.78125,5.078125,62,14.7,1,
260,2026-09-02,13:55:04.25583,30.06981,,1125,0,,0,11.5625,774,25.4901960784314,0,21,14.1,-40,,0.78125,5.078125,,,,,,,,,,,,,1.62099,25,0,0,0.78125,5.078125,62,14.7,2,
261,2026-09-02,13:55:04.38080,30.18706,,1125,0,,0,11.5625,775,25.4901960784314,0,21,14.1,-40,,0.78125,5.078125,,,,,,,,,,,,,1.60146,25,0,0,0.78125,5.078125,62,14.7,1,
262,2026-09-02,13:55:04.49047,30.29395,,1125,0,,0,11.5625,774,25.4901960784314,0,21,14.2,-40,,0.78125,5.078125,,,,,,,,,,,,,1.69911,25,0,0,0.78125,5.078125,61,14.7,1,
263,2026-09-02,13:55:04.59980,30.40626,,1125,0,,0,11.5625,775,25.4901960784314,0,21,14.2,-40,,0.78125,5.078125,,,,,,,,,,,,,1.69911,25,0,0,0.78125,5.078125,62,14.7,0,
264,2026-09-02,13:55:04.69367,30.50401,,1125,0,,0,11.5625,774,25.4901960784314,0,24,14.2,-40,,0.78125,5.078125,,,,,,,,,,,,,1.69911,25,0,0,0.78125,5.078125,62,14.7,1,
265,2026-09-02,13:55:04.80318,30.61923,,1125,0,,0,11.5625,775,25.4901960784314,0,24,14,-40,,0.78125,5.078125,,,,,,,,,,,,,1.69911,25,0,0,0.78125,5.078125,61,14.7,1,
266,2026-09-02,13:55:04.91289,30.72106,,1125,0,,0,11.5625,774,25.4901960784314,0,21,14,-40,,0.78125,5.078125,,,,,,,,,,,,,1.69911,25,0,0,0.78125,5.078125,61,14.7,2,
267,2026-09-02,13:55:05.03811,30.84799,,1125,0,,0,11.5625,775,25.4901960784314,0,21,14.2,-40,,0.78125,5.078125,,,,,,,,,,,,,1.67958,25,0,0,0.78125,5.078125,61,14.7,5,
268,2026-09-02,13:55:05.16311,30.97088,,1125,0,,0,11.5625,775,25.4901960784314,0,21,14.1,-40,,0.78125,5.078125,,,,,,,,,,,,,1.62099,25,0,0,0.78125,5.078125,61,14.7,1,
269,2026-09-02,13:55:05.28817,31.1032,,1125,0,,0,11.5625,774,25.4901960784314,0,20,14.1,-40,,0.78125,5.078125,,,,,,,,,,,,,1.58193,25,0,0,0.78125,5.078125,61,14.7,3,
270,2026-09-02,13:55:05.42961,31.24757,,1125,0,,0,11.5625,774,25.4901960784314,0,23,14.1,-40,,0.78125,5.078125,,,,,,,,,,,,,1.69911,25,0,0,0.78125,5.078125,61,14.7,1,
271,2026-09-02,13:55:05.55460,31.36796,,1125,0,,0,11.5625,775,25.4901960784314,0,23,14.2,-40,,0.78125,5.078125,,,,,,,,,,,,,1.60146,25,0,0,0.78125,5.078125,61,14.7,0,
272,2026-09-02,13:55:05.67927,31.49249,,1125,0,,0,11.5625,774,25.4901960784314,0,20,14.2,-40,,0.78125,5.078125,,,,,,,,,,,,,1.64052,25,0,0,0.78125,5.078125,61,14.7,1,
273,2026-09-02,13:55:05.81450,31.61745,,1125,0,,0,11.5625,775,25.4901960784314,0,22,14.1,-40,,0.78125,5.078125,,,,,,,,,,,,,1.64052,25,0,0,0.78125,5.078125,61,14.7,1,
274,2026-09-02,13:55:05.91437,31.72512,,1125,0,,0,11.5625,775,25.4901960784314,0,20,14.2,-40,,0.78125,5.078125,,,,,,,,,,,,,1.58193,25,0,0,0.78125,5.078125,61,14.7,2,
275,2026-09-02,13:55:06.02380,31.83704,,1125,0,,0,11.5625,775,25.4901960784314,0,22,14.2,-40,,0.78125,5.078125,,,,,,,,,,,,,1.62099,25,0,0,0.78125,5.078125,61,14.7,1,
276,2026-09-02,13:55:06.14872,31.96669,,1125,0,,0,11.5625,775,25.4901960784314,0,22,14.1,-40,,0.78125,5.078125,,,,,,,,,,,,,1.69911,25,0,0,0.78125,5.078125,61,14.7,1,
277,2026-09-02,13:55:06.26169,32.07617,,1125,0,,0,11.5625,775,25.4901960784314,0,22,14.1,-40,,0.78125,5.078125,,,,,,,,,,,,,1.60146,25,0,0,0.78125,5.078125,61,14.7,3,
278,2026-09-02,13:55:06.38700,32.20138,,1125,0,,0,11.5625,775,25.4901960784314,0,22,14,-40,,0.78125,5.078125,,,,,,,,,,,,,1.60146,25,0,0,0.78125,5.078125,61,14.7,3,
279,2026-09-02,13:55:06.52761,32.34579,,1125,0,,0,11.25,774,25.0980392156863,0,22,14,-40,,0.78125,5.078125,,,,,,,,,,,,,1.66005,25,0,0,0.78125,5.078125,61,14.7,1,
280,2026-09-02,13:55:06.65278,32.45604,,1125,0,,0,11.25,775,25.0980392156863,0,22,13.9,-40,,0.78125,5.078125,,,,,,,,,,,,,1.60146,25,0,0,0.78125,5.078125,61,14.7,1,
281,2026-09-02,13:55:06.79376,32.60299,,1125,0,,0,11.25,775,25.0980392156863,0,22,14,-40,,0.78125,5.078125,,,,,,,,,,,,,1.62099,25,0,0,0.78125,5.078125,60,14.7,2,
282,2026-09-02,13:55:06.88755,32.70061,,1125,0,,0,11.25,775,25.4901960784314,0,22,14,-40,,0.78125,5.078125,,,,,,,,,,,,,1.66005,25,0,0,0.78125,5.078125,60,14.7,1,
283,2026-09-02,13:55:07.01305,32.82331,,1125,0,,0,11.25,774,25.4901960784314,0,22,13.9,-40,,0.78125,5.078125,,,,,,,,,,,,,1.67958,25,0,0,0.78125,5.078125,60,14.7,3,
284,2026-09-02,13:55:07.13805,32.95523,,1125,0,,0,11.25,775,25.4901960784314,0,19,13.8,-40,,0.78125,5.078125,,,,,,,,,,,,,1.62099,25,0,0,0.78125,5.078125,60,14.7,3,
285,2026-09-02,13:55:07.24742,33.05512,,1125,0,,0,11.25,775,25.4901960784314,0,22,13.8,-40,,0.78125,5.078125,,,,,,,,,,,,,1.58193,25,0,0,0.78125,5.078125,61,14.7,1,
286,2026-09-02,13:55:07.40359,33.21981,,1125,0,,0,11.25,775,25.4901960784314,0,18,13.7,-40,,0.78125,5.078125,,,,,,,,,,,,,1.60146,25,0,0,0.78125,5.078125,60,14.7,1,
287,2026-09-02,13:55:07.52968,33.34464,,1125,0,,0,11.25,775,25.4901960784314,0,23,13.9,-40,,0.78125,5.078125,,,,,,,,,,,,,1.58193,25,0,0,0.78125,5.078125,60,14.7,1,
288,2026-09-02,13:55:07.65463,33.46939,,1125,0,,0,11.25,774,25.4901960784314,0,23,13.8,-40,,0.78125,5.078125,,,,,,,,,,,,,1.67958,25,0,0,0.78125,5.078125,60,14.7,2,
289,2026-09-02,13:55:07.76403,33.57904,,1125,0,,0,11.25,775,25.4901960784314,0,23,13.9,-40,,0.78125,5.078125,,,,,,,,,,,,,1.62099,25,0,0,0.78125,5.078125,60,14.7,3,
290,2026-09-02,13:55:07.92086,33.7259,,1125,0,,0,11.25,774,25.4901960784314,0,22,14,-40,,0.78125,5.078125,,,,,,,,,,,,,1.58193,25,0,0,0.78125,5.078125,60,14.7,2,
291,2026-09-02,13:55:08.03056,33.83881,,1125,0,,0,11.25,775,25.4901960784314,0,22,14,-40,,0.78125,5.078125,,,,,,,,,,,,,1.67958,25,0,0,0.78125,5.078125,60,14.7,0,
292,2026-09-02,13:55:08.12443,33.93866,,1125,0,,0,11.25,775,25.4901960784314,0,23,14.1,-40,,0.78125,5.078125,,,,,,,,,,,,,1.62099,25,0,0,0.78125,5.078125,60,14.7,0,
293,2026-09-02,13:55:08.24940,34.05323,,1125,0,,0,11.25,775,25.8823529411765,0,22,14,-40,,0.78125,5.078125,,,,,,,,,,,,,1.58193,25,0,0,0.78125,5.078125,60,14.7,1,
294,2026-09-02,13:55:08.34265,34.15335,,1125,0,,0,11.25,774,25.4901960784314,0,22,14,-40,,0.78125,5.078125,,,,,,,,,,,,,1.60146,25,0,0,0.78125,5.078125,60,14.7,2,
295,2026-09-02,13:55:08.46867,34.27757,,1125,0,,0,11.25,775,25.4901960784314,0,23,14,-40,,0.78125,5.078125,,,,,,,,,,,,,1.64052,25,-0.1953125,0,0.78125,5.078125,60,14.7,1,
296,2026-09-02,13:55:08.57761,34.38539,,1125,0,,0,11.25,775,25.4901960784314,0,22,14,-40,,0.78125,5.078125,,,,,,,,,,,,,1.67958,25,-0.1953125,0,0.78125,5.078125,60,14.7,0,
297,2026-09-02,13:55:08.70368,34.5123,,1125,0,,0,11.25,775,25.4901960784314,0,22,14.1,-40,,0.78125,5.078125,,,,,,,,,,,,,1.67958,25,-0.1953125,0,0.78125,5.078125,60,14.7,2,
298,2026-09-02,13:55:08.81256,34.61698,,1125,0,,0,11.25,774,25.4901960784314,0,22,14.2,-40,,0.78125,5.078125,,,,,,,,,,,,,1.58193,25,-0.1953125,0,0.78125,5.078125,60,14.7,1,
299,2026-09-02,13:55:08.90646,34.72236,,1125,0,,0,11.25,774,25.8823529411765,0,23,14.3,-40,,0.78125,5.078125,,,,,,,,,,,,,1.58193,25,-0.390625,0,0.78125,5.078125,60,14.7,0,
300,2026-09-02,13:55:09.01655,34.83238,,1125,0,,0,11.25,775,25.8823529411765,0,23,14.3,-40,,0.78125,5.078125,,,,,,,,,,,,,1.58193,25,-0.390625,0,0.78125,5.078125,60,14.7,1,
301,2026-09-02,13:55:09.15727,34.9617,,1125,0,,0,11.25,775,25.8823529411765,0,22,14.3,-40,,0.78125,5.078125,,,,,,,,,,,,,1.67958,25,-0.390625,0,0.78125,5.078125,60,14.7,1,
302,2026-09-02,13:55:09.29796,35.10352,,1125,0,,0,11.25,775,25.8823529411765,0,22,14.3,-40,,0.78125,5.078125,,,,,,,,,,,,,1.5624,25,-0.390625,0,0.78125,5.078125,60,14.7,2,
303,2026-09-02,13:55:09.40730,35.21148,,1125,0,,0,11.25,775,25.4901960784314,0,22,14.5,-40,,0.78125,5.078125,,,,,,,,,,,,,1.5624,25,-0.5859375,0,0.78125,5.078125,59,14.7,3,
304,2026-09-02,13:55:09.51793,35.32347,,1125,0,,0,11.25,775,25.4901960784314,0,22,14.4,-40,,0.78125,5.078125,,,,,,,,,,,,,1.64052,25,-0.5859375,0,0.78125,5.078125,59,14.7,2,
305,2026-09-02,13:55:09.61118,35.42618,,1125,0,,0,11.25,775,25.4901960784314,0,23,14.4,-40,,0.78125,5.078125,,,,,,,,,,,,,1.62099,25,-0.5859375,0,0.78125,5.078125,59,14.7,3,
306,2026-09-02,13:55:09.75283,35.55603,,1125,0,,0,11.25,774,25.4901960784314,0,23,14.6,-40,,0.78125,5.078125,,,,,,,,,,,,,1.60146,25,-0.78125,0,0.78125,5.078125,59,14.7,2,
307,2026-09-02,13:55:09.84662,35.66085,,1125,0,,0,11.25,775,25.0980392156863,0,23,14.6,-40,,0.78125,5.078125,,,,,,,,,,,,,1.58193,25,-0.78125,0,0.78125,5.078125,59,14.7,2,
308,2026-09-02,13:55:09.98745,35.79301,,1125,0,,0,11.25,775,25.0980392156863,0,23,14.6,-40,,0.78125,5.078125,,,,,,,,,,,,,1.79676,25,-0.78125,0,0.78125,5.078125,59,14.7,3,
309,2026-09-02,13:55:10.09669,35.91486,,1125,0,,0,13.4375,775,28.2352941176471,0,23,14.5,-40,,0.78125,5.078125,,,,,,,,,,,,,1.89441,31.25,-0.78125,0,0.78125,5.078125,59,14.7,3,
310,2026-09-02,13:55:10.22220,36.03971,,1156.25,0,,0,15,774,31.7647058823529,0,17,14.3,-40,,0.78125,5.078125,,,,,,,,,,,,,1.66005,31.25,-0.9765625,0,0.78125,5.078125,59,14.7,3,
311,2026-09-02,13:55:10.33156,36.14974,,1218.75,0,,0,13.4375,775,28.6274509803922,0,18,16.1,-40,,0.78125,5.078125,,,,,,,,,,,,,1.67958,31.25,-0.9765625,0,0.78125,5.078125,59,14.7,1,
312,2026-09-02,13:55:10.45708,36.27428,,1250,0,,0,12.8125,775,27.843137254902,0,19,14.2,-40,,0.78125,5.078125,,,,,,,,,,,,,1.69911,31.25,-1.171875,0,0.78125,5.078125,59,14.7,1,
313,2026-09-02,13:55:10.56642,36.37917,,1250,0,,0,12.5,775,27.843137254902,0,19,14.2,-40,,0.78125,5.078125,,,,,,,,,,,,,1.73817,31.25,-1.171875,0,0.78125,5.078125,59,14.7,3,
314,2026-09-02,13:55:10.69193,36.50399,,1281.25,0,,0,12.1875,775,27.4509803921569,0,19,13.9,-40,,0.78125,5.078125,,,,,,,,,,,,,1.71864,31.25,-1.3671875,0,0.78125,5.078125,59,14.7,2,
315,2026-09-02,13:55:10.80130,36.6111,,1281.25,0,,0,11.875,775,27.0588235294118,0,19,13.9,-40,,0.78125,5.078125,,,,,,,,,,,,,1.66005,31.25,-1.3671875,0,0.78125,5.078125,59,14.7,2,
316,2026-09-02,13:55:10.94293,36.74875,,1281.25,0,,0,11.5625,775,27.0588235294118,0,19,14.2,-40,,0.78125,5.078125,,,,,,,,,,,,,1.66005,25,-1.5625,0,0.78125,5.078125,59,14.7,3,
317,2026-09-02,13:55:11.08354,36.8983,,1250,0,,0,11.5625,776,26.6666666666667,0,19,14.5,-40,,0.78125,5.078125,,,,,,,,,,,,,1.62099,25,-1.7578125,0,0.78125,5.078125,59,14.7,3,
318,2026-09-02,13:55:11.22467,37.04311,,1250,0,,0,11.25,774,26.2745098039216,0,19,14.6,-40,,0.78125,5.078125,,,,,,,,,,,,,1.64052,25,-1.7578125,0,0.78125,5.078125,59,14.7,2,
319,2026-09-02,13:55:11.36525,37.17055,,1218.75,0,,0,11.25,775,25.8823529411765,0,18,14.8,-40,,0.78125,5.078125,,,,,,,,,,,,,1.71864,25,-1.953125,0,0.78125,5.078125,59,14.7,1,
320,2026-09-02,13:55:11.47515,37.29263,,1218.75,0,,0,11.25,775,25.4901960784314,0,18,14.8,-40,,0.78125,5.078125,,,,,,,,,,,,,1.64052,25,-1.953125,0,0.78125,5.078125,59,14.7,1,
321,2026-09-02,13:55:11.61576,37.42487,,1187.5,0,,0,11.25,774,25.4901960784314,0,17,14.8,-40,,0.78125,5.078125,,,,,,,,,,,,,1.67958,25,-1.953125,0,0.78125,5.078125,59,14.7,0,
322,2026-09-02,13:55:11.75694,37.57215,,1156.25,0,,0,10.9375,775,25.0980392156863,0,17,14.7,-40,,0.78125,5.078125,,,,,,,,,,,,,1.60146,25,-2.1484375,0,0.78125,5.078125,58,14.7,1,
323,2026-09-02,13:55:11.86622,37.68215,,1156.25,0,,0,11.25,775,25.0980392156863,0,17,14.5,-40,,0.78125,5.078125,,,,,,,,,,,,,1.58193,25,-2.1484375,0,0.78125,5.078125,59,14.7,1,
324,2026-09-02,13:55:11.99200,37.80771,,1125,0,,0,11.25,775,25.0980392156863,0,20,14.4,-40,,0.78125,5.078125,,,,,,,,,,,,,1.66005,25,-2.1484375,0,0.78125,5.078125,59,14.7,1,
325,2026-09-02,13:55:12.10129,37.90725,,1125,0,,0,11.25,775,25.0980392156863,0,22,14.4,-40,,0.78125,5.078125,,,,,,,,,,,,,1.67958,25,-2.1484375,0,0.78125,5.078125,58,14.7,1,
326,2026-09-02,13:55:12.25836,38.07199,,1125,0,,0,11.25,774,25.0980392156863,0,21,14.6,-40,,0.78125,5.078125,,,,,,,,,,,,,1.5624,25,-2.34375,0,0.78125,5.078125,59,14.7,2,
327,2026-09-02,13:55:12.39853,38.20398,,1125,0,,0,11.25,775,25.0980392156863,0,22,14.4,-40,,0.78125,5.078125,,,,,,,,,,,,,1.62099,25,-2.34375,0,0.78125,5.078125,58,14.7,4,
328,2026-09-02,13:55:12.50845,38.32664,,1125,0,,0,11.25,775,25.0980392156863,0,22,14.3,-40,,0.78125,5.078125,,,,,,,,,,,,,1.5624,25,-2.34375,0,0.78125,5.078125,58,14.7,1,
329,2026-09-02,13:55:12.61822,38.43584,,1093.75,0,,0,11.25,774,25.0980392156863,0,22,14.4,-40,,0.78125,5.078125,,,,,,,,,,,,,1.5624,25,-2.5390625,0,0.78125,5.078125,58,14.7,1,
330,2026-09-02,13:55:12.72732,38.54131,,1125,0,,0,11.25,775,25.0980392156863,0,22,14.2,-40,,0.78125,5.078125,,,,,,,,,,,,,1.5624,25,-2.5390625,0,0.78125,5.078125,58,14.7,0,
331,2026-09-02,13:55:12.83692,38.65103,,1125,0,,0,11.25,774,25.0980392156863,0,22,14.1,-40,,0.78125,5.078125,,,,,,,,,,,,,1.5624,25,-2.5390625,0,0.78125,5.078125,58,14.7,0,
332,2026-09-02,13:55:12.96261,38.77056,,1125,0,,0,11.25,775,25.0980392156863,0,22,14.2,-40,,0.78125,5.078125,,,,,,,,,,,,,1.60146,25,-2.5390625,0,0.78125,5.078125,58,14.7,0,
333,2026-09-02,13:55:13.05677,38.87071,,1093.75,0,,0,11.25,775,25.0980392156863,0,22,14.1,-40,,0.78125,5.078125,,,,,,,,,,,,,1.60146,25,-2.734375,0,0.78125,5.078125,58,14.7,0,
334,2026-09-02,13:55:13.16606,38.97997,,1093.75,0,,0,11.25,775,25.0980392156863,0,23,14,-40,,0.78125,5.078125,,,,,,,,,,,,,1.62099,25,-2.734375,0,0.78125,5.078125,58,14.7,0,
335,2026-09-02,13:55:13.30709,39.11291,,1093.75,0,,0,11.25,774,25.0980392156863,0,23,14,-40,,0.78125,5.078125,,,,,,,,,,,,,1.5624,25,-2.734375,0,0.78125,5.078125,58,14.7,1,
336,2026-09-02,13:55:13.46344,39.27949,,1093.75,0,,0,11.25,775,25.0980392156863,0,23,14.2,-40,,0.78125,5.078125,,,,,,,,,,,,,1.60146,25,-2.9296875,0,0.78125,5.078125,58,14.7,1,
337,2026-09-02,13:55:13.58841,39.39612,,1093.75,0,,0,11.25,775,25.4901960784314,0,23,13.9,-40,,0.78125,5.078125,,,,,,,,,,,,,1.5624,25,-2.9296875,0,0.78125,5.078125,58,14.7,1,
338,2026-09-02,13:55:13.68214,39.49391,,1093.75,0,,0,11.25,774,25.4901960784314,0,23,14.3,-40,,0.78125,5.078125,,,,,,,,,,,,,1.58193,25,-2.9296875,0,0.78125,5.078125,58,14.7,0,
339,2026-09-02,13:55:13.77939,39.59368,,1093.75,0,,0,11.25,775,25.4901960784314,0,23,14.1,-40,,0.78125,5.078125,,,,,,,,,,,,,1.67958,25,-2.9296875,0,0.78125,5.078125,58,14.7,3,
340,2026-09-02,13:55:13.88878,39.69363,,1093.75,0,,0,11.25,775,25.4901960784314,0,23,14.1,-40,,0.78125,5.078125,,,,,,,,,,,,,1.60146,25,-2.9296875,0,0.78125,5.078125,58,14.7,1,
341,2026-09-02,13:55:13.98299,39.79349,,1093.75,0,,0,11.25,775,25.4901960784314,0,22,14.2,-40,,0.78125,5.078125,,,,,,,,,,,,,1.60146,25,-3.125,0,0.78125,5.078125,58,14.7,2,
342,2026-09-02,13:55:14.09234,39.8994,,1093.75,0,,0,11.25,775,25.4901960784314,0,22,14.3,-40,,0.78125,5.078125,,,,,,,,,,,,,1.67958,25,-3.125,0,0.78125,5.078125,58,14.7,3,
343,2026-09-02,13:55:14.18607,39.99807,,1093.75,0,,0,11.25,775,25.4901960784314,0,22,14.2,-40,,0.78125,5.078125,,,,,,,,,,,,,1.66005,25,-3.125,0,0.78125,5.078125,58,14.7,1,
344,2026-09-02,13:55:14.29593,40.10296,,1093.75,0,,0,11.25,774,25.4901960784314,0,22,14.2,-40,,0.78125,5.078125,,,,,,,,,,,,,1.60146,25,-3.125,0,0.78125,5.078125,57,14.7,1,
345,2026-09-02,13:55:14.38966,40.20786,,1093.75,0,,0,11.5625,775,25.4901960784314,0,23,14.3,-40,,0.78125,5.078125,,,,,,,,,,,,,1.5624,25,-3.3203125,0,0.78125,5.078125,57,14.7,2,
346,2026-09-02,13:55:14.49953,40.30751,,1093.75,0,,0,11.5625,775,25.4901960784314,0,23,14.1,-40,,0.78125,5.078125,,,,,,,,,,,,,1.66005,25,-3.3203125,0,0.78125,5.078125,57,14.7,2,
347,2026-09-02,13:55:14.59325,40.40742,,1093.75,0,,0,11.5625,774,25.4901960784314,0,23,14.2,-40,,0.78125,5.078125,,,,,,,,,,,,,1.64052,25,-3.3203125,0,0.78125,5.078125,57,14.7,0,
348,2026-09-02,13:55:14.70311,40.51232,,1093.75,0,,0,11.5625,775,25.4901960784314,0,22,14.3,-40,,0.78125,5.078125,,,,,,,,,,,,,1.58193,25,-3.3203125,0,0.78125,5.078125,57,14.7,2,
349,2026-09-02,13:55:14.79684,40.61215,,1093.75,0,,0,11.5625,775,25.4901960784314,0,22,14.3,-40,,0.78125,5.078125,,,,,,,,,,,,,1.64052,25,-3.515625,0,0.78125,5.078125,57,14.7,3,
350,2026-09-02,13:55:14.90619,40.7135,,1093.75,0,,0,11.5625,775,25.4901960784314,0,23,14.3,-40,,0.78125,5.078125,,,,,,,,,,,,,1.67958,25,-3.515625,0,0.78125,5.078125,57,14.7,2,
351,2026-09-02,13:55:15.00044,40.8118,,1093.75,0,,0,11.5625,775,25.4901960784314,0,22,14.4,-40,,0.78125,5.078125,,,,,,,,,,,,,1.5624,25,-3.515625,0,0.78125,5.078125,57,14.7,2,
352,2026-09-02,13:55:15.10979,40.91657,,1093.75,0,,0,11.5625,775,25.4901960784314,0,22,14.3,-40,,0.78125,5.078125,,,,,,,,,,,,,1.66005,25,-3.515625,0,0.78125,5.078125,57,14.7,1,
353,2026-09-02,13:55:15.20402,41.01656,,1093.75,0,,0,11.5625,775,25.4901960784314,0,22,14.3,-40,,0.78125,5.078125,,,,,,,,,,,,,1.67958,25,-3.7109375,0,0.78125,5.078125,57,14.7,0,
354,2026-09-02,13:55:15.31338,41.12142,,1093.75,0,,0,11.5625,775,25.4901960784314,0,23,14.4,-40,,0.78125,5.078125,,,,,,,,,,,,,1.62099,25,-3.7109375,0,0.78125,5.078125,57,14.7,3,
355,2026-09-02,13:55:15.40710,41.22115,,1093.75,0,,0,11.5625,775,25.4901960784314,0,23,14.4,-40,,0.78125,5.078125,,,,,,,,,,,,,1.58193,25,-3.7109375,0,0.78125,5.078125,57,14.7,2,
356,2026-09-02,13:55:15.51697,41.32103,,1093.75,0,,0,11.5625,775,25.4901960784314,0,22,14.4,-40,,0.78125,5.078125,,,,,,,,,,,,,1.66005,25,-3.7109375,0,0.78125,5.078125,57,14.7,1,
357,2026-09-02,13:55:15.61070,41.42077,,1093.75,0,,0,11.5625,775,25.4901960784314,0,23,14.6,-40,,0.78125,5.078125,,,,,,,,,,,,,1.67958,25,-3.7109375,0,0.78125,5.078125,57,14.7,1,
358,2026-09-02,13:55:15.72056,41.52668,,1125,0,,0,11.5625,775,25.4901960784314,0,22,14.5,-40,,0.78125,5.078125,,,,,,,,,,,,,1.58193,25,-3.90625,0,0.78125,5.078125,57,14.7,0,
359,2026-09-02,13:55:15.81429,41.62543,,1093.75,0,,0,11.5625,775,25.4901960784314,0,21,14.3,-40,,0.78125,5.078125,,,,,,,,,,,,,1.58193,25,-3.90625,0,0.78125,5.078125,57,14.7,2,
360,2026-09-02,13:55:15.92364,41.73025,,1093.75,0,,0,11.5625,775,25.4901960784314,0,21,14.5,-40,,0.78125,5.078125,,,,,,,,,,,,,1.67958,25,-3.90625,0,0.78125,5.078125,57,14.7,1,
361,2026-09-02,13:55:16.01788,41.83009,,1093.75,0,,0,11.5625,775,25.4901960784314,0,21,14.5,-40,,0.78125,5.078125,,,,,,,,,,,,,1.67958,25,-3.90625,0,0.78125,5.078125,57,14.7,1,
362,2026-09-02,13:55:16.12723,41.93,,1093.75,0,,0,11.5625,775,25.4901960784314,0,21,14.5,-40,,0.78125,5.078125,,,,,,,,,,,,,1.58193,25,-4.1015625,0,0.78125,5.078125,57,14.7,1,
363,2026-09-02,13:55:16.22147,42.03481,,1093.75,0,,0,11.5625,775,25.4901960784314,0,21,14.5,-40,,0.78125,5.078125,,,,,,,,,,,,,1.66005,25,-4.1015625,0,0.78125,5.078125,57,14.7,2,
364,2026-09-02,13:55:16.34644,42.15077,,1093.75,0,,0,11.5625,775,25.8823529411765,0,21,14.7,-40,,0.78125,5.078125,,,,,,,,,,,,,1.58193,25,-4.1015625,0,0.78125,5.078125,57,14.7,0,
365,2026-09-02,13:55:16.44017,42.25439,,1093.75,0,,0,11.5625,775,25.8823529411765,0,20,14.8,-40,,0.78125,5.078125,,,,,,,,,,,,,1.64052,25,-4.1015625,0,0.78125,5.078125,56,14.7,1,
366,2026-09-02,13:55:16.55004,42.35924,,1093.75,0,,0,11.5625,775,25.8823529411765,0,21,14.8,-40,,0.78125,5.078125,,,,,,,,,,,,,1.67958,25,-4.296875,0,0.78125,5.078125,56,14.7,2,
367,2026-09-02,13:55:16.64376,42.45909,,1093.75,0,,0,11.5625,775,25.4901960784314,0,21,14.9,-40,,0.78125,5.078125,,,,,,,,,,,,,1.67958,25,-4.296875,0,0.78125,5.078125,56,14.7,2,
368,2026-09-02,13:55:16.75376,42.56414,,1093.75,0,,0,11.5625,775,25.8823529411765,0,21,14.8,-40,,0.78125,5.078125,,,,,,,,,,,,,1.58193,25,-4.296875,0,0.78125,5.078125,56,14.7,1,
369,2026-09-02,13:55:16.86298,42.67892,,1093.75,0,,0,11.5625,774,25.8823529411765,0,21,14.7,-40,,0.78125,5.078125,,,,,,,,,,,,,1.58193,25,-4.296875,0,0.78125,5.078125,56,14.7,2,
370,2026-09-02,13:55:16.97285,42.7836,,1093.75,0,,0,11.5625,775,25.8823529411765,0,21,14.8,-40,,0.78125,5.078125,,,,,,,,,,,,,1.64052,25,-4.296875,0,0.78125,5.078125,56,14.7,1,
371,2026-09-02,13:55:17.06658,42.88341,,1093.75,0,,0,11.5625,775,25.8823529411765,0,21,14.8,-40,,0.78125,5.078125,,,,,,,,,,,,,1.58193,25,-4.296875,0,0.78125,5.078125,56,14.7,1,
372,2026-09-02,13:55:17.17593,42.98321,,1093.75,0,,0,11.5625,775,25.8823529411765,0,21,14.7,-40,,0.78125,5.078125,,,,,,,,,,,,,1.67958,25,-4.1015625,0,0.78125,5.078125,56,14.7,2,
373,2026-09-02,13:55:17.27017,43.08309,,1093.75,0,,0,11.5625,774,25.8823529411765,0,21,15.1,-40,,0.78125,5.078125,,,,,,,,,,,,,1.62099,25,-4.1015625,0,0.78125,5.078125,56,14.7,3,
374,2026-09-02,13:55:17.37952,43.1879,,1093.75,0,,0,11.5625,775,25.8823529411765,0,21,14.9,-40,,0.78125,5.078125,,,,,,,,,,,,,1.60146,25,-4.1015625,0,0.78125,5.078125,56,14.7,3,
375,2026-09-02,13:55:17.47376,43.28781,,1093.75,0,,0,11.5625,775,25.8823529411765,0,22,14.8,-40,,0.78125,5.078125,,,,,,,,,,,,,1.67958,25,-4.1015625,0,0.78125,5.078125,56,14.7,2,
376,2026-09-02,13:55:17.58883,43.39254,,1093.75,0,,0,11.5625,775,25.8823529411765,0,21,14.8,-40,,0.78125,5.078125,,,,,,,,,,,,,1.64052,25,-3.90625,0,0.78125,5.078125,56,14.7,2,
377,2026-09-02,13:55:17.68468,43.49238,,1093.75,0,,0,11.5625,775,25.8823529411765,0,21,14.8,-40,,0.78125,5.078125,,,,,,,,,,,,,1.58193,25,-3.90625,0,0.78125,5.078125,56,14.7,0,
378,2026-09-02,13:55:17.78642,43.59234,,1093.75,0,,0,11.5625,775,25.8823529411765,0,21,14.6,-40,,0.78125,5.078125,,,,,,,,,,,,,1.66005,25,-3.90625,0,0.78125,5.078125,56,14.7,1,
379,2026-09-02,13:55:17.88852,43.69226,,1093.75,0,,0,11.5625,775,25.8823529411765,0,21,14.6,-40,,0.78125,5.078125,,,,,,,,,,,,,1.66005,25,-3.90625,0,0.78125,5.078125,56,14.7,0,
380,2026-09-02,13:55:17.98321,43.79193,,1093.75,0,,0,11.5625,775,25.8823529411765,0,21,14.5,-40,,0.78125,5.078125,,,,,,,,,,,,,1.58193,25,-3.7109375,0,0.78125,5.078125,56,14.7,1,
381,2026-09-02,13:55:18.07694,43.89177,,1093.75,0,,0,11.5625,775,25.8823529411765,0,21,14.6,-40,,0.78125,5.078125,,,,,,,,,,,,,1.67958,25,-3.7109375,0,0.78125,5.078125,56,14.7,2,
382,2026-09-02,13:55:18.18629,43.99252,,1093.75,0,,0,11.5625,775,25.8823529411765,0,21,14.6,-40,,0.78125,5.078125,,,,,,,,,,,,,1.64052,25,-3.7109375,0,0.78125,5.078125,56,14.7,1,
383,2026-09-02,13:55:18.28703,44.09646,,1093.75,0,,0,11.5625,775,25.8823529411765,0,20,14.5,-40,,0.78125,5.078125,,,,,,,,,,,,,1.58193,25,-3.7109375,0,0.78125,5.078125,56,14.7,0,
384,2026-09-02,13:55:18.38076,44.19642,,1093.75,0,,0,11.5625,775,25.8823529411765,0,21,14.5,-40,,0.78125,5.078125,,,,,,,,,,,,,1.64052,25,-3.7109375,0,0.78125,5.078125,56,14.7,0,
385,2026-09-02,13:55:18.50626,44.31613,,1093.75,0,,0,11.5625,774,25.8823529411765,0,21,14.5,-40,,0.78125,5.078125,,,,,,,,,,,,,1.58193,25,-3.515625,0,0.78125,5.078125,56,14.7,1,
386,2026-09-02,13:55:18.59999,44.41622,,1093.75,0,,0,11.5625,774,25.8823529411765,0,20,14.4,-40,,0.78125,5.078125,,,,,,,,,,,,,1.60146,25,-3.515625,0,0.78125,5.078125,56,14.7,4,
387,2026-09-02,13:55:18.70985,44.52071,,1093.75,0,,0,11.5625,775,25.8823529411765,0,21,14.5,-40,,0.78125,5.078125,,,,,,,,,,,,,1.66005,25,-3.515625,0,0.78125,5.078125,55,14.7,4,
388,2026-09-02,13:55:18.81920,44.62663,,1093.75,0,,0,11.5625,775,25.8823529411765,0,21,14.4,-40,,0.78125,5.078125,,,,,,,,,,,,,1.66005,25,-3.7109375,0,0.78125,5.078125,55,14.7,4,
389,2026-09-02,13:55:18.91293,44.72546,,1093.75,0,,0,11.5625,775,25.8823529411765,0,21,14.4,-40,,0.78125,5.078125,,,,,,,,,,,,,1.60146,25,-3.7109375,0,0.78125,5.078125,55,14.7,4,
390,2026-09-02,13:55:19.02279,44.83024,,1093.75,0,,0,11.5625,775,25.8823529411765,0,21,14.5,-40,,0.78125,5.078125,,,,,,,,,,,,,1.60146,25,-3.7109375,0,0.78125,5.078125,55,14.7,5,
391,2026-09-02,13:55:19.11652,44.93009,,1093.75,0,,0,11.5625,775,25.8823529411765,0,21,14.5,-40,,0.78125,5.078125,,,,,,,,,,,,,1.66005,25,-3.7109375,0,0.78125,5.078125,55,14.7,4,
392,2026-09-02,13:55:19.22639,45.03089,,1093.75,0,,0,11.5625,775,25.8823529411765,0,20,14.4,-40,,0.78125,5.078125,,,,,,,,,,,,,1.66005,25,-3.90625,0,0.78125,5.078125,55,14.7,5,
393,2026-09-02,13:55:19.32012,45.13492,,1093.75,0,,0,11.5625,775,25.8823529411765,0,20,14.5,-40,,0.78125,5.078125,,,,,,,,,,,,,1.58193,25,-3.90625,0,0.78125,5.078125,55,14.7,1,
394,2026-09-02,13:55:19.42947,45.23464,,1093.75,0,,0,11.5625,775,25.8823529411765,0,20,14.7,-40,,0.78125,5.078125,,,,,,,,,,,,,1.60146,25,-3.90625,0,0.78125,5.078125,55,14.7,3,
395,2026-09-02,13:55:19.52372,45.33453,,1093.75,0,,0,11.5625,775,25.8823529411765,0,21,14.5,-40,,0.78125,5.078125,,,,,,,,,,,,,1.69911,25,-3.90625,0,0.78125,5.078125,55,14.7,1,
396,2026-09-02,13:55:19.63306,45.44191,,1093.75,0,,0,11.5625,775,25.8823529411765,0,21,14.5,-40,,0.78125,5.078125,,,,,,,,,,,,,1.60146,25,-3.90625,0,0.78125,5.078125,55,14.7,0,
397,2026-09-02,13:55:19.72732,45.53909,,1093.75,0,,0,11.5625,775,25.4901960784314,0,21,14.7,-40,,0.78125,5.078125,,,,,,,,,,,,,1.58193,25,-4.1015625,0,0.78125,5.078125,55,14.7,0,
398,2026-09-02,13:55:19.83666,45.64898,,1093.75,0,,0,11.5625,775,25.4901960784314,0,20,14.5,-40,,0.78125,5.078125,,,,,,,,,,,,,1.58193,25,-4.1015625,0,0.78125,5.078125,55,14.7,2,
399,2026-09-02,13:55:19.94601,45.75385,,1093.75,0,,0,11.5625,775,25.8823529411765,0,21,14.8,-40,,0.78125,5.078125,,,,,,,,,,,,,1.66005,25,-4.1015625,0,0.78125,5.078125,55,14.7,4,
400,2026-09-02,13:55:20.04026,45.85368,,1093.75,0,,0,11.5625,775,25.8823529411765,0,21,14.8,-40,,0.78125,5.078125,,,,,,,,,,,,,1.67958,25,-4.1015625,0,0.78125,5.078125,55,14.7,3,
401,2026-09-02,13:55:20.16526,45.97355,,1093.75,0,,0,11.5625,775,25.8823529411765,0,21,14.6,-40,,0.78125,5.078125,,,,,,,,,,,,,1.67958,25,-4.296875,0,0.78125,5.078125,55,14.7,7,
402,2026-09-02,13:55:20.25950,46.07352,,1093.75,0,,0,11.5625,775,25.8823529411765,0,22,14.8,-40,,0.78125,5.078125,,,,,,,,,,,,,1.67958,25,-4.296875,0,0.78125,5.078125,55,14.7,6,
403,2026-09-02,13:55:20.36885,46.18315,,1093.75,0,,0,11.5625,775,25.8823529411765,0,21,15,-40,,0.78125,5.078125,,,,,,,,,,,,,1.58193,25,-4.296875,0,0.78125,5.078125,55,14.7,3,
404,2026-09-02,13:55:20.47872,46.284,,1093.75,0,,0,11.5625,775,25.8823529411765,0,21,14.8,-40,,0.78125,5.078125,,,,,,,,,,,,,1.58193,25,-4.296875,0,0.78125,5.078125,55,14.7,4,
405,2026-09-02,13:55:20.57245,46.3828,,1093.75,0,,0,11.5625,775,25.8823529411765,0,22,14.7,-40,,0.78125,5.078125,,,,,,,,,,,,,1.66005,25,-4.1015625,0,0.78125,5.078125,55,14.7,5,
406,2026-09-02,13:55:20.66617,46.48266,,1093.75,0,,0,11.5625,775,25.8823529411765,0,21,14.9,-40,,0.78125,5.078125,,,,,,,,,,,,,1.66005,25,-4.1015625,0,0.78125,5.078125,55,14.7,6,
407,2026-09-02,13:55:20.77608,46.58245,,1093.75,0,,0,11.5625,775,25.8823529411765,0,21,14.8,-40,,0.78125,5.078125,,,,,,,,,,,,,1.58193,25,-4.1015625,0,0.78125,5.078125,55,14.7,3,
408,2026-09-02,13:55:20.86977,46.68248,,1093.75,0,,0,11.5625,775,25.8823529411765,0,21,14.7,-40,,0.78125,5.078125,,,,,,,,,,,,,1.67958,25,-4.1015625,0,0.78125,5.078125,55,14.7,3,
409,2026-09-02,13:55:20.96401,46.78228,,1093.75,0,,0,11.5625,775,25.8823529411765,0,20,14.8,-40,,0.78125,5.078125,,,,,,,,,,,,,1.62099,25,-4.1015625,0,0.78125,5.078125,55,14.7,3,
410,2026-09-02,13:55:21.07337,46.88694,,1093.75,0,,0,11.5625,775,25.8823529411765,0,21,14.7,-40,,0.78125,5.078125,,,,,,,,,,,,,1.60146,25,-3.90625,0,0.78125,5.078125,54,14.7,2,
411,2026-09-02,13:55:21.18271,46.99186,,1093.75,0,,0,11.5625,775,25.8823529411765,0,21,14.6,-40,,0.78125,5.078125,,,,,,,,,,,,,1.67958,25,-3.90625,0,0.78125,5.078125,54,14.7,0,
412,2026-09-02,13:55:21.27696,47.09178,,1093.75,0,,0,11.5625,775,25.8823529411765,0,21,14.7,-40,,0.78125,5.078125,,,,,,,,,,,,,1.67958,25,-3.90625,0,0.78125,5.078125,54,14.7,2,
413,2026-09-02,13:55:21.38664,47.19307,,1093.75,0,,0,11.5625,775,26.2745098039216,0,21,14.5,-40,,0.78125,5.078125,,,,,,,,,,,,,1.58193,25,-3.90625,0,0.78125,5.078125,54,14.7,5,
414,2026-09-02,13:55:21.48005,47.29157,,1093.75,0,,0,11.5625,775,26.2745098039216,0,21,14.7,-40,,0.78125,5.078125,,,,,,,,,,,,,1.66005,25,-3.7109375,0,0.78125,5.078125,54,14.7,7,
415,2026-09-02,13:55:21.58943,47.40188,,1093.75,0,,0,11.5625,775,25.8823529411765,0,21,14.7,-40,,0.78125,5.078125,,,,,,,,,,,,,1.64052,25,-3.7109375,0,0.78125,5.078125,54,14.7,6,
416,2026-09-02,13:55:21.69880,47.51178,,1093.75,0,,0,11.5625,775,25.8823529411765,0,20,14.5,-40,,0.78125,5.078125,,,,,,,,,,,,,1.64052,25,-3.7109375,0,0.78125,5.078125,54,14.7,6,
417,2026-09-02,13:55:21.80881,47.62097,,1093.75,0,,0,11.5625,775,25.8823529411765,0,20,14.5,-40,,0.78125,5.078125,,,,,,,,,,,,,1.66005,25,-3.7109375,0,0.78125,5.078125,54,14.7,7,
418,2026-09-02,13:55:21.91831,47.7364,,1093.75,0,,0,11.5625,775,25.8823529411765,0,20,14.6,-40,,0.78125,5.078125,,,,,,,,,,,,,1.69911,25,-3.515625,0,0.78125,5.078125,54,14.7,6,
419,2026-09-02,13:55:22.02786,47.83611,,1093.75,0,,0,11.5625,775,25.8823529411765,0,21,14.4,-40,,0.78125,5.078125,,,,,,,,,,,,,1.67958,25,-3.515625,0,0.78125,5.078125,54,14.7,5,
420,2026-09-02,13:55:22.13733,47.94246,,1093.75,0,,0,11.5625,775,25.8823529411765,0,20,14.4,-40,,0.78125,5.078125,,,,,,,,,,,,,1.58193,25,-3.515625,0,0.78125,5.078125,54,14.7,4,
421,2026-09-02,13:55:22.23160,48.04079,,1093.75,0,,0,11.5625,775,25.8823529411765,0,21,14.6,-40,,0.78125,5.078125,,,,,,,,,,,,,1.58193,25,-3.7109375,0,0.78125,5.078125,54,14.7,9,
422,2026-09-02,13:55:22.32539,48.1407,,1093.75,0,,0,11.5625,775,25.8823529411765,0,21,14.4,-40,,0.78125,5.078125,,,,,,,,,,,,,1.67958,25,-3.7109375,0,0.78125,5.078125,54,14.7,8,
423,2026-09-02,13:55:22.45068,48.25702,,1093.75,0,,0,11.5625,775,25.8823529411765,0,21,14.4,-40,,0.78125,5.078125,,,,,,,,,,,,,1.60146,25,-3.7109375,0,0.78125,5.078125,54,14.7,7,
424,2026-09-02,13:55:22.54480,48.35451,,1093.75,0,,0,11.5625,774,25.8823529411765,0,21,14.4,-40,,0.78125,5.078125,,,,,,,,,,,,,1.66005,25,-3.7109375,0,0.78125,5.078125,54,14.7,4,
425,2026-09-02,13:55:22.65416,48.45958,,1062.5,0,,0,11.5625,775,25.8823529411765,0,22,14.4,-40,,0.78125,5.078125,,,,,,,,,,,,,1.58193,25,-3.90625,0,0.78125,5.078125,54,14.7,6,
426,2026-09-02,13:55:22.74805,48.56458,,1062.5,0,,0,11.5625,775,26.2745098039216,0,22,14.6,-40,,0.78125,5.078125,,,,,,,,,,,,,1.66005,25,-3.90625,0,0.78125,5.078125,54,14.7,2,
427,2026-09-02,13:55:22.87292,48.67936,,1093.75,0,,0,11.875,775,26.2745098039216,0,22,14.5,-40,,0.78125,5.078125,,,,,,,,,,,,,1.67958,25,-3.90625,0,0.78125,5.078125,54,14.7,1,
428,2026-09-02,13:55:23.01446,48.82915,,1062.5,0,,0,11.875,775,26.2745098039216,0,22,14.5,-40,,0.78125,5.078125,,,,,,,,,,,,,1.62099,25,-3.90625,0,0.78125,5.078125,54,14.7,3,
429,2026-09-02,13:55:23.13930,48.94759,,1093.75,0,,0,11.875,775,26.2745098039216,0,21,14.6,-40,,0.78125,5.078125,,,,,,,,,,,,,1.58193,25,-4.1015625,0,0.78125,5.078125,54,14.7,4,
430,2026-09-02,13:55:23.28021,49.08921,,1093.75,0,,0,11.875,775,26.2745098039216,0,21,14.4,-40,,0.78125,5.078125,,,,,,,,,,,,,1.60146,25,-4.1015625,0,0.78125,5.078125,54,14.7,2,
431,2026-09-02,13:55:23.38957,49.19605,,1093.75,0,,0,11.875,775,26.2745098039216,0,22,14.6,-40,,0.78125,5.078125,,,,,,,,,,,,,1.64052,25,-4.1015625,0,0.78125,5.078125,53,14.7,0,
432,2026-09-02,13:55:23.48330,49.29832,,1093.75,0,,0,11.875,775,26.2745098039216,0,21,14.6,-40,,0.78125,5.078125,,,,,,,,,,,,,1.58193,25,-4.1015625,0,0.78125,5.078125,53,14.7,2,
433,2026-09-02,13:55:23.62488,49.42835,,1093.75,0,,0,11.875,774,26.2745098039216,0,21,14.6,-40,,0.78125,5.078125,,,,,,,,,,,,,1.67958,25,-4.296875,0,0.78125,5.078125,53,14.7,2,
434,2026-09-02,13:55:23.73423,49.54058,,1093.75,0,,0,11.875,774,26.2745098039216,0,21,14.6,-40,,0.78125,5.078125,,,,,,,,,,,,,1.58193,25,-4.296875,0,0.78125,5.078125,53,14.7,3,
435,2026-09-02,13:55:23.84398,49.6538,,1093.75,0,,0,11.5625,775,26.2745098039216,0,20,14.8,-40,,0.78125,5.078125,,,,,,,,,,,,,1.67958,25,-4.296875,0,0.78125,5.078125,53,14.7,3,
436,2026-09-02,13:55:23.95377,49.7602,,1093.75,0,,0,11.5625,775,26.2745098039216,0,21,14.9,-40,,0.78125,5.078125,,,,,,,,,,,,,1.66005,25,-4.296875,0,0.78125,5.078125,53,14.7,1,
437,2026-09-02,13:55:24.04737,49.86249,,1093.75,0,,0,11.875,774,26.2745098039216,0,22,14.9,-40,,0.78125,5.078125,,,,,,,,,,,,,1.67958,25,-4.296875,0,0.78125,5.078125,53,14.7,2,
438,2026-09-02,13:55:24.17222,49.98793,,1093.75,0,,0,11.875,775,26.6666666666667,0,21,15,-40,,0.78125,5.078125,,,,,,,,,,,,,1.58193,25,-4.296875,0,0.78125,5.078125,53,14.7,3,
439,2026-09-02,13:55:24.28227,50.08767,,1093.75,0,,0,11.875,775,26.6666666666667,0,21,15,-40,,0.78125,5.078125,,,,,,,,,,,,,1.64052,25,-4.1015625,0,0.78125,5.078125,53,14.7,1,
440,2026-09-02,13:55:24.37567,50.18754,,1093.75,0,,0,11.875,775,26.6666666666667,0,20,14.8,-40,,0.78125,5.078125,,,,,,,,,,,,,1.67958,25,-4.1015625,0,0.78125,5.078125,53,14.7,1,
441,2026-09-02,13:55:24.50064,50.31225,,1093.75,0,,0,11.875,775,26.2745098039216,0,20,15.1,-40,,0.78125,5.078125,,,,,,,,,,,,,1.62099,25,-4.1015625,0,0.78125,5.078125,53,14.7,3,
442,2026-09-02,13:55:24.62561,50.43177,,1093.75,0,,0,11.875,775,26.2745098039216,0,19,14.8,-40,,0.78125,5.078125,,,,,,,,,,,,,1.64052,25,-4.1015625,0,0.78125,5.078125,53,14.7,3,
443,2026-09-02,13:55:24.73501,50.54676,,1093.75,0,,0,11.875,774,26.2745098039216,0,20,15.1,-40,,0.78125,5.078125,,,,,,,,,,,,,1.67958,25,-3.90625,0,0.78125,5.078125,53,14.7,3,
444,2026-09-02,13:55:24.86075,50.66907,,1093.75,0,,0,11.875,774,26.2745098039216,0,19,14.9,-40,,0.78125,5.078125,,,,,,,,,,,,,1.62099,25,-3.90625,0,0.78125,5.078125,53,14.7,4,
445,2026-09-02,13:55:24.97018,50.78669,,1093.75,0,,0,11.875,775,26.2745098039216,0,21,14.8,-40,,0.78125,5.078125,,,,,,,,,,,,,1.58193,25,-3.90625,0,0.78125,5.078125,53,14.7,3,
446,2026-09-02,13:55:25.09605,50.91145,,1093.75,0,,0,11.875,775,26.2745098039216,0,21,14.9,-40,,0.78125,5.078125,,,,,,,,,,,,,1.60146,25,-3.90625,0,0.78125,5.078125,53,14.7,6,
447,2026-09-02,13:55:25.22113,51.0261,,1093.75,0,,0,11.875,775,26.2745098039216,0,21,14.8,-40,,0.78125,5.078125,,,,,,,,,,,,,1.67958,25,-3.7109375,0,0.78125,5.078125,53,14.7,2,
448,2026-09-02,13:55:25.31452,51.1307,,1093.75,0,,0,11.875,775,26.2745098039216,0,20,14.8,-40,,0.78125,5.078125,,,,,,,,,,,,,1.62099,25,-3.7109375,0,0.78125,5.078125,53,14.7,3,
449,2026-09-02,13:55:25.43956,51.25082,,1093.75,0,,0,11.875,775,26.2745098039216,0,20,14.8,-40,,0.78125,5.078125,,,,,,,,,,,,,1.67958,25,-3.7109375,0,0.78125,5.078125,53,14.7,0,
450,2026-09-02,13:55:25.56544,51.37568,,1093.75,0,,0,11.5625,775,25.8823529411765,0,19,14.6,-40,,0.78125,5.078125,,,,,,,,,,,,,1.58193,25,-3.515625,0,0.78125,5.078125,52,14.7,0,
451,2026-09-02,13:55:25.69863,51.51034,,1093.75,0,,0,11.5625,775,25.8823529411765,0,18,14.6,-40,,0.78125,5.078125,,,,,,,,,,,,,1.67958,25,-3.515625,0,0.78125,5.078125,52,14.7,1,
452,2026-09-02,13:55:25.79990,51.61475,,1093.75,0,,0,11.5625,775,25.8823529411765,0,20,14.6,-40,,0.78125,5.078125,,,,,,,,,,,,,1.67958,25,-3.515625,0,0.78125,5.078125,52,14.7,0,
453,2026-09-02,13:55:25.92463,51.73947,,1093.75,0,,0,11.5625,775,26.2745098039216,0,20,14.6,-40,,0.78125,5.078125,,,,,,,,,,,,,1.5624,25,-3.515625,0,0.78125,5.078125,52,14.7,1,
454,2026-09-02,13:55:26.04997,51.85476,,1093.75,0,,0,11.5625,774,26.2745098039216,0,19,14.4,-40,,0.78125,5.078125,,,,,,,,,,,,,1.58193,25,-3.3203125,0,0.78125,5.078125,52,14.7,2,
455,2026-09-02,13:55:26.15891,51.96653,,1093.75,0,,0,11.5625,775,25.8823529411765,0,20,14.4,-40,,0.78125,5.078125,,,,,,,,,,,,,1.58193,25,-3.3203125,0,0.78125,5.078125,52,14.7,0,
456,2026-09-02,13:55:26.28475,52.09437,,1093.75,0,,0,11.5625,775,25.8823529411765,0,20,14.5,-40,,0.78125,5.078125,,,,,,,,,,,,,1.5624,25,-3.3203125,0,0.78125,5.078125,52,14.7,3,
457,2026-09-02,13:55:26.40973,52.21616,,1093.75,0,,0,11.5625,775,25.8823529411765,0,19,14.3,-40,,0.78125,5.078125,,,,,,,,,,,,,1.64052,25,-3.3203125,0,0.78125,5.078125,52,14.7,1,
458,2026-09-02,13:55:26.51950,52.3289,,1093.75,0,,0,11.5625,775,25.8823529411765,0,20,14.4,-40,,0.78125,5.078125,,,,,,,,,,,,,1.60146,25,-3.515625,0,0.78125,5.078125,52,14.7,2,
459,2026-09-02,13:55:26.62941,52.43563,,1093.75,0,,0,11.5625,775,25.8823529411765,0,20,14.5,-40,,0.78125,5.078125,,,,,,,,,,,,,1.5624,25,-3.515625,0,0.78125,5.078125,52,14.7,1,
460,2026-09-02,13:55:26.73899,52.54363,,1093.75,0,,0,11.5625,775,25.8823529411765,0,20,14.2,-40,,0.78125,5.078125,,,,,,,,,,,,,1.67958,25,-3.515625,0,0.78125,5.078125,52,14.7,4,
461,2026-09-02,13:55:26.83241,52.64807,,1062.5,0,,0,11.5625,775,25.8823529411765,0,21,14.3,-40,,0.78125,5.078125,,,,,,,,,,,,,1.66005,25,-3.515625,0,0.78125,5.078125,52,14.7,0,
462,2026-09-02,13:55:26.95748,52.76834,,1062.5,0,,0,11.5625,775,26.2745098039216,0,21,14.2,-40,,0.78125,5.078125,,,,,,,,,,,,,1.62099,25,-3.7109375,0,0.78125,5.078125,52,14.7,1,
463,2026-09-02,13:55:27.06735,52.88301,,1062.5,0,,0,11.5625,774,26.2745098039216,0,21,14.4,-40,,0.78125,5.078125,,,,,,,,,,,,,1.66005,25,-3.7109375,0,0.78125,5.078125,52,14.7,1,
464,2026-09-02,13:55:27.17654,52.98797,,1062.5,0,,0,11.5625,775,26.2745098039216,0,21,14.5,-40,,0.78125,5.078125,,,,,,,,,,,,,1.64052,25,-3.7109375,0,0.78125,5.078125,52,14.7,3,
465,2026-09-02,13:55:27.30205,53.11784,,1062.5,0,,0,11.5625,775,26.6666666666667,0,22,14.3,-40,,0.78125,5.078125,,,,,,,,,,,,,1.67958,25,-3.7109375,0,0.78125,5.078125,52,14.7,3,
466,2026-09-02,13:55:27.41159,53.22265,,1062.5,0,,0,11.5625,775,26.2745098039216,0,21,14.4,-40,,0.78125,5.078125,,,,,,,,,,,,,1.5624,25,-3.90625,0,0.78125,5.078125,52,14.7,2,
467,2026-09-02,13:55:27.53656,53.35243,,1062.5,0,,0,11.5625,774,26.2745098039216,0,21,14.6,-40,,0.78125,5.078125,,,,,,,,,,,,,1.62099,25,-3.90625,0,0.78125,5.078125,52,14.7,6,
468,2026-09-02,13:55:27.66156,53.47232,,1062.5,0,,0,11.5625,774,26.2745098039216,0,22,14.4,-40,,0.78125,5.078125,,,,,,,,,,,,,1.58193,25,-3.90625,0,0.78125,5.078125,52,14.7,3,
469,2026-09-02,13:55:27.78656,53.60207,,1062.5,0,,0,11.5625,775,26.6666666666667,0,22,14.5,-40,,0.78125,5.078125,,,,,,,,,,,,,1.62099,25,-3.90625,0,0.78125,5.078125,51,14.7,1,
470,2026-09-02,13:55:27.91262,53.72189,,1062.5,0,,0,11.875,774,26.6666666666667,0,21,14.4,-40,,0.78125,5.078125,,,,,,,,,,,,,1.5624,25,-4.1015625,0,0.78125,5.078125,51,14.7,0,
471,2026-09-02,13:55:28.02211,53.83008,,1062.5,0,,0,11.875,775,26.6666666666667,0,23,14.4,-40,,0.78125,5.078125,,,,,,,,,,,,,1.67958,25,-4.1015625,0,0.78125,5.078125,51,14.7,1,
472,2026-09-02,13:55:28.17839,53.99597,,1062.5,0,,0,11.875,775,27.0588235294118,0,23,14.5,-40,,0.78125,5.078125,,,,,,,,,,,,,1.58193,25,-4.1015625,0,0.78125,5.078125,51,14.7,1,
473,2026-09-02,13:55:28.30334,54.1213,,1062.5,0,,0,11.875,775,27.0588235294118,0,23,14.6,-40,,0.78125,5.078125,,,,,,,,,,,,,1.67958,25,-4.296875,0,0.78125,5.078125,51,14.7,3,
474,2026-09-02,13:55:28.41280,54.22107,,1062.5,0,,0,11.875,775,27.0588235294118,0,23,14.7,-40,,0.78125,5.078125,,,,,,,,,,,,,1.62099,25,-4.296875,0,0.78125,5.078125,51,14.7,2,
475,2026-09-02,13:55:28.56946,54.37602,,1062.5,0,,0,11.875,775,27.0588235294118,0,21,14.7,-40,,0.78125,5.078125,,,,,,,,,,,,,1.66005,25,-4.296875,0,0.78125,5.078125,51,14.7,4,
476,2026-09-02,13:55:28.66321,54.47582,,1062.5,0,,0,11.875,774,27.0588235294118,0,21,14.7,-40,,0.78125,5.078125,,,,,,,,,,,,,1.62099,25,-4.296875,0,0.78125,5.078125,51,14.7,4,
477,2026-09-02,13:55:28.78823,54.60041,,1062.5,0,,0,11.875,775,27.0588235294118,0,22,14.8,-40,,0.78125,5.078125,,,,,,,,,,,,,1.64052,25,-4.4921875,0,0.78125,5.078125,51,14.7,2,
478,2026-09-02,13:55:28.91409,54.7297,,1062.5,0,,0,11.875,775,27.0588235294118,0,21,15,-40,,0.78125,5.078125,,,,,,,,,,,,,1.67958,25,-4.4921875,0,0.78125,5.078125,51,14.7,2,
479,2026-09-02,13:55:29.03905,54.85502,,1062.5,0,,0,11.875,775,27.0588235294118,0,22,14.9,-40,,0.78125,5.078125,,,,,,,,,,,,,1.64052,25,-4.4921875,0,0.78125,5.078125,51,14.7,0,
480,2026-09-02,13:55:29.14824,54.95966,,1062.5,0,,0,11.875,775,27.0588235294118,0,21,15,-40,,0.78125,5.078125,,,,,,,,,,,,,1.67958,25,-4.296875,0,0.78125,5.078125,51,14.7,3,
481,2026-09-02,13:55:29.27323,55.08262,,1062.5,0,,0,11.875,775,27.0588235294118,0,21,14.9,-40,,0.78125,5.078125,,,,,,,,,,,,,1.58193,25,-4.296875,0,0.78125,5.078125,51,14.7,1,
482,2026-09-02,13:55:29.41533,55.229,,1093.75,0,,0,11.875,775,27.0588235294118,0,19,15,-40,,0.78125,5.078125,,,,,,,,,,,,,1.67958,25,-4.296875,0,0.78125,5.078125,51,14.7,1,
483,2026-09-02,13:55:29.54030,55.35425,,1093.75,0,,0,11.875,775,26.6666666666667,0,20,15.2,-40,,0.78125,5.078125,,,,,,,,,,,,,1.60146,25,-4.1015625,0,0.78125,5.078125,51,14.7,0,
484,2026-09-02,13:55:29.68085,55.49374,,1093.75,0,,0,11.875,775,26.6666666666667,0,18,15.1,-40,,0.78125,5.078125,,,,,,,,,,,,,1.67958,25,-4.1015625,0,0.78125,5.078125,51,14.7,4,
485,2026-09-02,13:55:29.82196,55.62889,,1062.5,0,,0,11.875,775,26.6666666666667,0,21,15.3,-40,,0.78125,5.078125,,,,,,,,,,,,,1.60146,25,-4.1015625,0,0.78125,5.078125,51,14.7,0,
486,2026-09-02,13:55:29.94714,55.76306,,1093.75,0,,0,11.875,774,26.6666666666667,0,19,15.1,-40,,0.78125,5.078125,,,,,,,,,,,,,1.67958,25,-3.90625,0,0.78125,5.078125,51,14.7,1,
487,2026-09-02,13:55:30.07261,55.88837,,1062.5,0,,0,11.875,775,26.6666666666667,0,20,15.2,-40,,0.78125,5.078125,,,,,,,,,,,,,1.58193,25,-3.90625,0,0.78125,5.078125,51,14.7,1,
488,2026-09-02,13:55:30.18224,55.99811,,1093.75,0,,0,11.875,774,26.6666666666667,0,20,15,-40,,0.78125,5.078125,,,,,,,,,,,,,1.67958,25,-3.90625,0,0.78125,5.078125,50,14.7,2,
489,2026-09-02,13:55:30.29132,56.09783,,1062.5,0,,0,11.875,775,26.6666666666667,0,20,14.8,-40,,0.78125,5.078125,,,,,,,,,,,,,1.64052,25,-3.90625,0,0.78125,5.078125,50,14.7,6,
490,2026-09-02,13:55:30.41638,56.22783,,1062.5,0,,0,11.875,774,26.6666666666667,0,21,14.9,-40,,0.78125,5.078125,,,,,,,,,,,,,1.60146,25,-3.7109375,0,0.78125,5.078125,50,14.7,1,
491,2026-09-02,13:55:30.52565,56.33465,,1062.5,0,,0,11.875,775,27.0588235294118,0,20,15,-40,,0.78125,5.078125,,,,,,,,,,,,,1.67958,25,-3.7109375,0,0.78125,5.078125,51,14.7,1,
492,2026-09-02,13:55:30.65193,56.46196,,1062.5,0,,0,11.875,775,27.0588235294118,0,21,14.9,-40,,0.78125,5.078125,,,,,,,,,,,,,1.5624,25,-3.7109375,0,0.78125,5.078125,50,14.7,2,
493,2026-09-02,13:55:30.77665,56.58701,,1062.5,0,,0,11.875,775,27.0588235294118,0,20,14.5,-40,,0.78125,5.078125,,,,,,,,,,,,,1.67958,25,-3.7109375,0,0.78125,5.078125,50,14.7,1,
494,2026-09-02,13:55:30.90252,56.71695,,1062.5,0,,0,11.875,774,26.6666666666667,0,21,14.6,-40,,0.78125,5.078125,,,,,,,,,,,,,1.58193,25,-3.515625,0,0.78125,5.078125,50,14.7,4,
495,2026-09-02,13:55:31.01174,56.8269,,1062.5,0,,0,11.875,775,26.6666666666667,0,21,14.5,-40,,0.78125,5.078125,,,,,,,,,,,,,1.60146,25,-3.515625,0,0.78125,5.078125,50,14.7,5,
496,2026-09-02,13:55:31.13743,56.94141,,1062.5,0,,0,11.875,774,26.6666666666667,0,20,14.5,-40,,0.78125,5.078125,,,,,,,,,,,,,1.5624,25,-3.515625,0,0.78125,5.078125,50,14.7,4,
497,2026-09-02,13:55:31.23096,57.04615,,1062.5,0,,0,11.875,775,26.6666666666667,0,20,14.6,-40,,0.78125,5.078125,,,,,,,,,,,,,1.5624,25,-3.515625,0,0.78125,5.078125,50,14.7,2,
498,2026-09-02,13:55:31.34088,57.14904,,1062.5,0,,0,11.875,774,26.6666666666667,0,20,14.4,-40,,0.78125,5.078125,,,,,,,,,,,,,1.66005,25,-3.3203125,0,0.78125,5.078125,50,14.7,3,
499,2026-09-02,13:55:31.46559,57.27583,,1093.75,0,,0,11.5625,775,26.6666666666667,0,20,14.6,-40,,0.78125,5.078125,,,,,,,,,,,,,1.60146,25,-3.3203125,0,0.78125,5.078125,50,14.7,7,
500,2026-09-02,13:55:31.55932,57.37598,,1062.5,0,,0,11.5625,774,26.6666666666667,0,20,14.6,-40,,0.78125,5.078125,,,,,,,,,,,,,1.58193,25,-3.3203125,0,0.78125,5.078125,50,14.7,0,
501,2026-09-02,13:55:31.68515,57.49321,,1093.75,0,,0,11.5625,775,26.6666666666667,0,20,14.4,-40,,0.78125,5.078125,,,,,,,,,,,,,1.60146,25,-3.3203125,0,0.78125,5.078125,50,14.7,0,
502,2026-09-02,13:55:31.80979,57.62035,,1062.5,0,,0,11.5625,774,26.6666666666667,0,20,14.5,-40,,0.78125,5.078125,,,,,,,,,,,,,1.67958,25,-3.3203125,0,0.78125,5.078125,50,14.7,7,
503,2026-09-02,13:55:31.95144,57.75518,,1062.5,0,,0,11.5625,775,26.6666666666667,0,20,14.5,-40,,0.78125,5.078125,,,,,,,,,,,,,1.67958,25,-3.515625,0,0.78125,5.078125,50,14.7,6,
504,2026-09-02,13:55:32.06033,57.87465,,1093.75,0,,0,11.5625,774,26.6666666666667,0,19,14.4,-40,,0.78125,5.078125,,,,,,,,,,,,,1.64052,25,-3.515625,0,0.78125,5.078125,50,14.7,4,
505,2026-09-02,13:55:32.18587,57.9994,,1062.5,0,,0,11.5625,774,26.6666666666667,0,21,14.4,-40,,0.78125,5.078125,,,,,,,,,,,,,1.64052,25,-3.515625,0,0.78125,5.078125,50,14.7,1,
506,2026-09-02,13:55:32.29519,58.10433,,1062.5,0,,0,11.875,774,26.6666666666667,0,21,14.3,-40,,0.78125,5.078125,,,,,,,,,,,,,1.64052,25,-3.515625,0,0.78125,5.078125,50,14.7,8,
507,2026-09-02,13:55:32.42074,58.22907,,1062.5,0,,0,11.875,775,26.6666666666667,0,21,14.4,-40,,0.78125,5.078125,,,,,,,,,,,,,1.67958,25,-3.7109375,0,0.78125,5.078125,50,14.7,1,
508,2026-09-02,13:55:32.56128,58.37123,,1062.5,0,,0,11.875,775,26.6666666666667,0,21,14.5,-40,,0.78125,5.078125,,,,,,,,,,,,,1.67958,25,-3.7109375,0,0.78125,5.078125,49,14.7,3,
509,2026-09-02,13:55:32.65555,58.47369,,1062.5,0,,0,11.875,775,26.6666666666667,0,21,14.5,-40,,0.78125,5.078125,,,,,,,,,,,,,1.62099,25,-3.7109375,0,0.78125,5.078125,49,14.7,0,
510,2026-09-02,13:55:32.76490,58.57356,,1062.5,0,,0,11.5625,775,26.6666666666667,0,21,14.5,-40,,0.78125,5.078125,,,,,,,,,,,,,1.67958,25,-3.7109375,0,0.78125,5.078125,49,14.7,0,
511,2026-09-02,13:55:32.87478,58.68231,,1062.5,0,,0,11.5625,775,26.6666666666667,0,20,14.4,-40,,0.78125,5.078125,,,,,,,,,,,,,1.5624,25,-3.90625,0,0.78125,5.078125,49,14.7,1,
512,2026-09-02,13:55:32.96854,58.78321,,1062.5,0,,0,11.5625,775,26.6666666666667,0,21,14.4,-40,,0.78125,5.078125,,,,,,,,,,,,,1.5624,25,-3.90625,0,0.78125,5.078125,49,14.7,4,
513,2026-09-02,13:55:33.07839,58.88796,,1062.5,0,,0,11.5625,775,26.6666666666667,0,20,14.7,-40,,0.78125,5.078125,,,,,,,,,,,,,1.67958,25,-3.90625,0,0.78125,5.078125,49,14.7,3,
514,2026-09-02,13:55:33.18776,58.99816,,1062.5,0,,0,11.875,775,26.6666666666667,0,21,14.5,-40,,0.78125,5.078125,,,,,,,,,,,,,1.66005,25,-3.90625,0,0.78125,5.078125,49,14.7,4,
515,2026-09-02,13:55:33.34451,59.15759,,1062.5,0,,0,11.875,775,27.0588235294118,0,21,14.5,-40,,0.78125,5.078125,,,,,,,,,,,,,1.62099,25,-4.1015625,0,0.78125,5.078125,49,14.7,2,
516,2026-09-02,13:55:33.45387,59.26239,,1062.5,0,,0,11.875,775,27.0588235294118,0,21,14.6,-40,,0.78125,5.078125,,,,,,,,,,,,,1.62099,25,-4.1015625,0,0.78125,5.078125,49,14.7,1,
517,2026-09-02,13:55:33.54760,59.36225,,1062.5,0,,0,11.875,775,27.0588235294118,0,21,14.5,-40,,0.78125,5.078125,,,,,,,,,,,,,1.64052,25,-4.1015625,0,0.78125,5.078125,49,14.7,2,
518,2026-09-02,13:55:33.67315,59.48706,,1062.5,0,,0,11.875,774,27.0588235294118,0,21,14.7,-40,,0.78125,5.078125,,,,,,,,,,,,,1.62099,25,-4.1015625,0,0.78125,5.078125,49,14.7,1,
519,2026-09-02,13:55:33.79816,59.61203,,1062.5,0,,0,11.875,775,27.0588235294118,0,20,14.6,-40,,0.78125,5.078125,,,,,,,,,,,,,1.64052,25,-4.296875,0,0.78125,5.078125,49,14.7,3,
520,2026-09-02,13:55:33.93935,59.74929,,1062.5,0,,0,11.875,775,27.0588235294118,0,21,14.5,-40,,0.78125,5.078125,,,,,,,,,,,,,1.64052,25,-4.296875,0,0.78125,5.078125,49,14.7,1,
521,2026-09-02,13:55:34.06428,59.87693,,1062.5,0,,0,11.875,775,27.0588235294118,0,22,14.9,-40,,0.78125,5.078125,,,,,,,,,,,,,1.67958,25,-4.296875,0,0.78125,5.078125,49,14.7,1,
522,2026-09-02,13:55:34.20572,60.01664,,1031.25,0,,0,11.875,775,27.4509803921569,0,23,14.8,-40,,0.78125,5.078125,,,,,,,,,,,,,1.64052,25,-4.296875,0,0.78125,5.078125,49,14.7,0,
523,2026-09-02,13:55:34.33133,60.14606,,1031.25,0,,0,11.875,775,27.4509803921569,0,24,14.8,-40,,0.78125,5.078125,,,,,,,,,,,,,1.5624,25,-4.4921875,0,0.78125,5.078125,49,14.7,2,
524,2026-09-02,13:55:34.45673,60.27135,,1031.25,0,,0,11.875,775,27.4509803921569,0,23,15.1,-40,,0.78125,5.078125,,,,,,,,,,,,,1.64052,25,-4.4921875,0,0.78125,5.078125,49,14.7,1,
525,2026-09-02,13:55:34.58157,60.3912,,1062.5,0,,0,11.875,775,27.4509803921569,0,21,15,-40,,0.78125,5.078125,,,,,,,,,,,,,1.67958,25,-4.296875,0,0.78125,5.078125,49,14.7,2,
526,2026-09-02,13:55:34.67532,60.49098,,1062.5,0,,0,11.875,775,27.4509803921569,0,21,15,-40,,0.78125,5.078125,,,,,,,,,,,,,1.64052,25,-4.296875,0,0.78125,5.078125,49,14.7,1,
527,2026-09-02,13:55:34.80059,60.60584,,1062.5,0,,0,11.875,775,27.4509803921569,0,21,15.2,-40,,0.78125,5.078125,,,,,,,,,,,,,1.66005,25,-4.296875,0,0.78125,5.078125,49,14.7,0,
528,2026-09-02,13:55:34.91050,60.71771,,1062.5,0,,0,11.875,775,27.4509803921569,0,20,15.1,-40,,0.78125,5.078125,,,,,,,,,,,,,1.67958,25,-4.296875,0,0.78125,5.078125,48,14.7,2,
529,2026-09-02,13:55:35.02014,60.82536,,1062.5,0,,0,11.875,775,27.4509803921569,0,20,15,-40,,0.78125,5.078125,,,,,,,,,,,,,1.67958,25,-4.1015625,0,0.78125,5.078125,48,14.7,1,
530,2026-09-02,13:55:35.13003,60.93755,,1093.75,0,,0,11.875,774,27.0588235294118,0,18,15,-40,,0.78125,5.078125,,,,,,,,,,,,,1.67958,25,-4.1015625,0,0.78125,5.078125,48,14.7,3,
531,2026-09-02,13:55:35.27068,61.07953,,1062.5,0,,0,11.875,775,27.0588235294118,0,18,15.1,-40,,0.78125,5.078125,,,,,,,,,,,,,1.58193,25,-4.1015625,0,0.78125,5.078125,48,14.7,2,
532,2026-09-02,13:55:35.41137,61.21687,,1062.5,0,,0,11.875,775,27.0588235294118,0,18,14.9,-40,,0.78125,5.078125,,,,,,,,,,,,,1.67958,25,-4.1015625,0,0.78125,5.078125,48,14.7,1,
533,2026-09-02,13:55:35.53639,61.3446,,1062.5,0,,0,11.875,774,27.0588235294118,0,20,14.8,-40,,0.78125,5.078125,,,,,,,,,,,,,1.64052,25,-3.90625,0,0.78125,5.078125,48,14.7,1,
534,2026-09-02,13:55:35.66201,61.47434,,1062.5,0,,0,11.875,775,27.0588235294118,0,20,14.8,-40,,0.78125,5.078125,,,,,,,,,,,,,1.58193,25,-3.90625,0,0.78125,5.078125,48,14.7,0,
535,2026-09-02,13:55:35.77131,61.58371,,1062.5,0,,0,11.875,775,27.0588235294118,0,20,14.8,-40,,0.78125,5.078125,,,,,,,,,,,,,1.67958,25,-3.90625,0,0.78125,5.078125,48,14.7,3,
536,2026-09-02,13:55:35.88066,61.69398,,1062.5,0,,0,11.875,774,27.0588235294118,0,20,14.7,-40,,0.78125,5.078125,,,,,,,,,,,,,1.66005,25,-3.7109375,0,0.78125,5.078125,48,14.7,1,
537,2026-09-02,13:55:36.00567,61.81884,,1062.5,0,,0,11.875,775,27.0588235294118,0,20,14.7,-40,,0.78125,5.078125,,,,,,,,,,,,,1.58193,25,-3.7109375,0,0.78125,5.078125,48,14.7,1,
538,2026-09-02,13:55:36.11581,61.92601,,1062.5,0,,0,11.875,775,27.0588235294118,0,20,15,-40,,0.78125,5.078125,,,,,,,,,,,,,1.66005,25,-3.7109375,0,0.78125,5.078125,48,14.7,0,
539,2026-09-02,13:55:36.24083,62.05325,,1062.5,0,,0,11.875,775,27.0588235294118,0,20,14.7,-40,,0.78125,5.078125,,,,,,,,,,,,,1.67958,25,-3.7109375,0,0.78125,5.078125,48,14.7,1,
540,2026-09-02,13:55:36.35079,62.15829,,1062.5,0,,0,11.875,775,27.0588235294118,0,19,14.4,-40,,0.78125,5.078125,,,,,,,,,,,,,1.58193,25,-3.515625,0,0.78125,5.078125,48,14.7,0,
541,2026-09-02,13:55:36.44474,62.2582,,1062.5,0,,0,11.875,775,27.0588235294118,0,18,14.5,-40,,0.78125,5.078125,,,,,,,,,,,,,1.67958,25,-3.515625,0,0.78125,5.078125,48,14.7,3,
542,2026-09-02,13:55:36.56971,62.3777,,1062.5,0,,0,11.875,775,26.6666666666667,0,20,14.6,-40,,0.78125,5.078125,,,,,,,,,,,,,1.60146,25,-3.515625,0,0.78125,5.078125,48,14.7,2,
543,2026-09-02,13:55:36.66421,62.47772,,1062.5,0,,0,11.875,775,27.0588235294118,0,20,14.5,-40,,0.78125,5.078125,,,,,,,,,,,,,1.66005,25,-3.515625,0,0.78125,5.078125,48,14.7,5,
544,2026-09-02,13:55:36.78919,62.60258,,1062.5,0,,0,11.875,775,27.0588235294118,0,21,14.5,-40,,0.78125,5.078125,,,,,,,,,,,,,1.5624,25,-3.3203125,0,0.78125,5.078125,48,14.7,4,
545,2026-09-02,13:55:36.89910,62.70722,,1062.5,0,,0,11.875,775,27.0588235294118,0,21,14.6,-40,,0.78125,5.078125,,,,,,,,,,,,,1.67958,25,-3.3203125,0,0.78125,5.078125,48,14.7,2,
546,2026-09-02,13:55:37.00844,62.81198,,1062.5,0,,0,11.875,775,27.0588235294118,0,20,14.2,-40,,0.78125,5.078125,,,,,,,,,,,,,1.5624,25,-3.3203125,0,0.78125,5.078125,48,14.7,3,
547,2026-09-02,13:55:37.11778,62.92473,,1062.5,0,,0,11.875,775,27.0588235294118,0,20,14.4,-40,,0.78125,5.078125,,,,,,,,,,,,,1.5624,25,-3.3203125,0,0.78125,5.078125,48,14.7,4,
548,2026-09-02,13:55:37.21104,63.02698,,1062.5,0,,0,11.5625,774,27.0588235294118,0,20,14.6,-40,,0.78125,5.078125,,,,,,,,,,,,,1.66005,25,-3.3203125,0,0.78125,5.078125,47,14.7,7,
549,2026-09-02,13:55:37.33679,63.14386,,1062.5,0,,0,11.5625,775,27.0588235294118,0,20,14.4,-40,,0.78125,5.078125,,,,,,,,,,,,,1.67958,25,-3.3203125,0,0.78125,5.078125,48,14.7,6,
550,2026-09-02,13:55:37.43085,63.24125,,1062.5,0,,0,11.5625,774,27.0588235294118,0,20,14.4,-40,,0.78125,5.078125,,,,,,,,,,,,,1.64052,25,-3.3203125,0,0.78125,5.078125,47,14.7,3,
551,2026-09-02,13:55:37.57150,63.37621,,1062.5,0,,0,11.5625,775,26.6666666666667,0,20,14.3,-40,,0.78125,5.078125,,,,,,,,,,,,,1.64052,25,-3.515625,0,0.78125,5.078125,47,14.7,6,
552,2026-09-02,13:55:37.68129,63.49565,,1062.5,0,,0,11.5625,775,26.6666666666667,0,20,14.4,-40,,0.78125,5.078125,,,,,,,,,,,,,1.64052,25,-3.515625,0,0.78125,5.078125,47,14.7,3,
553,2026-09-02,13:55:37.80664,63.62094,,1062.5,0,,0,11.5625,775,27.0588235294118,0,20,14.4,-40,,0.78125,5.078125,,,,,,,,,,,,,1.58193,25,-3.515625,0,0.78125,5.078125,47,14.7,5,
554,2026-09-02,13:55:37.94728,63.75058,,1062.5,0,,0,11.5625,774,26.6666666666667,0,20,14.3,-40,,0.78125,5.078125,,,,,,,,,,,,,1.58193,25,-3.515625,0,0.78125,5.078125,47,14.7,2,
555,2026-09-02,13:55:38.04092,63.85058,,1062.5,0,,0,11.5625,774,26.6666666666667,0,19,14.6,-40,,0.78125,5.078125,,,,,,,,,,,,,1.5624,25,-3.7109375,0,0.78125,5.078125,47,14.7,0,
556,2026-09-02,13:55:38.16658,63.97997,,1062.5,0,,0,11.5625,775,26.6666666666667,0,20,14.4,-40,,0.78125,5.078125,,,,,,,,,,,,,1.62099,25,-3.7109375,0,0.78125,5.078125,47,14.7,0,
557,2026-09-02,13:55:38.29156,64.10526,,1062.5,0,,0,11.5625,775,26.6666666666667,0,19,14.4,-40,,0.78125,5.078125,,,,,,,,,,,,,1.62099,25,-3.7109375,0,0.78125,5.078125,47,14.7,0,
558,2026-09-02,13:55:38.43223,64.23515,,1062.5,0,,0,11.5625,775,26.6666666666667,0,19,14.6,-40,,0.78125,5.078125,,,,,,,,,,,,,1.58193,25,-3.90625,0,0.78125,5.078125,47,14.7,1,
559,2026-09-02,13:55:38.54167,64.34966,,1062.5,0,,0,11.5625,775,26.6666666666667,0,20,14.5,-40,,0.78125,5.078125,,,,,,,,,,,,,1.5624,25,-3.90625,0,0.78125,5.078125,47,14.7,2,
560,2026-09-02,13:55:38.66680,64.48424,,1062.5,0,,0,11.5625,774,26.6666666666667,0,20,14.5,-40,,0.78125,5.078125,,,,,,,,,,,,,1.67958,25,-3.90625,0,0.78125,5.078125,47,14.7,0,
561,2026-09-02,13:55:38.79151,64.59444,,1062.5,0,,0,11.5625,775,26.6666666666667,0,21,14.6,-40,,0.78125,5.078125,,,,,,,,,,,,,1.5624,25,-3.90625,0,0.78125,5.078125,47,14.7,5,
562,2026-09-02,13:55:38.93315,64.7489,,1062.5,0,,0,11.875,775,27.0588235294118,0,21,14.4,-40,,0.78125,5.078125,,,,,,,,,,,,,1.64052,25,-4.1015625,0,0.78125,5.078125,47,14.7,1,
563,2026-09-02,13:55:39.05835,64.86579,,1062.5,0,,0,11.875,775,27.0588235294118,0,21,14.5,-40,,0.78125,5.078125,,,,,,,,,,,,,1.66005,25,-4.1015625,0,0.78125,5.078125,47,14.7,0,
564,2026-09-02,13:55:39.15253,64.96819,,1062.5,0,,0,11.5625,776,27.0588235294118,0,21,14.5,-40,,0.78125,5.078125,,,,,,,,,,,,,1.58193,25,-4.1015625,0,0.78125,5.078125,47,14.7,1,
565,2026-09-02,13:55:39.26186,65.06859,,1062.5,0,,0,11.5625,775,27.0588235294118,0,22,14.6,-40,,0.78125,5.078125,,,,,,,,,,,,,1.64052,25,-4.1015625,0,0.78125,5.078125,47,14.7,2,
566,2026-09-02,13:55:39.36509,65.17288,,1031.25,0,,0,11.875,775,27.0588235294118,0,21,14.5,-40,,0.78125,5.078125,,,,,,,,,,,,,1.66005,25,-4.296875,0,0.78125,5.078125,47,14.7,0,
567,2026-09-02,13:55:39.45890,65.27325,,1062.5,0,,0,11.875,775,27.0588235294118,0,21,14.5,-40,,0.78125,5.078125,,,,,,,,,,,,,1.58193,25,-4.296875,0,0.78125,5.078125,47,14.7,0,
568,2026-09-02,13:55:39.59985,65.40542,,1062.5,0,,0,11.875,775,27.0588235294118,0,21,14.6,-40,,0.78125,5.078125,,,,,,,,,,,,,1.66005,25,-4.296875,0,0.78125,5.078125,47,14.7,0,
569,2026-09-02,13:55:39.73267,65.54759,,1031.25,0,,0,11.875,775,27.4509803921569,0,23,14.7,-40,,0.78125,5.078125,,,,,,,,,,,,,1.60146,25,-4.296875,0,0.78125,5.078125,47,14.7,1,
570,2026-09-02,13:55:39.85765,65.67272,,1031.25,0,,0,11.875,775,27.4509803921569,0,22,14.7,-40,,0.78125,5.078125,,,,,,,,,,,,,1.60146,25,-4.4921875,0,0.78125,5.078125,47,14.7,3,
571,2026-09-02,13:55:39.98226,65.79257,,1031.25,0,,0,11.875,774,27.4509803921569,0,24,14.8,-40,,0.78125,5.078125,,,,,,,,,,,,,1.60146,25,-4.4921875,0,0.78125,5.078125,46,14.7,5,
572,2026-09-02,13:55:40.10817,65.91528,,1062.5,0,,0,11.875,775,27.4509803921569,0,21,14.9,-40,,0.78125,5.078125,,,,,,,,,,,,,1.64052,25,-4.4921875,0,0.78125,5.078125,46,14.7,6,
573,2026-09-02,13:55:40.21801,66.02191,,1031.25,0,,0,11.875,775,27.4509803921569,0,21,15,-40,,0.78125,5.078125,,,,,,,,,,,,,1.66005,25,-4.4921875,0,0.78125,5.078125,46,14.7,6,
574,2026-09-02,13:55:40.31149,66.12693,,1031.25,0,,0,11.875,775,27.4509803921569,0,22,15,-40,,0.78125,5.078125,,,,,,,,,,,,,1.67958,25,-4.4921875,0,0.78125,5.078125,46,14.7,5,
575,2026-09-02,13:55:40.45230,66.25867,,1031.25,0,,0,11.875,775,27.4509803921569,0,21,14.9,-40,,0.78125,5.078125,,,,,,,,,,,,,1.58193,25,-4.4921875,0,0.78125,5.078125,46,14.7,5,
576,2026-09-02,13:55:40.54563,66.35625,,1031.25,0,,0,11.875,774,27.4509803921569,0,21,15,-40,,0.78125,5.078125,,,,,,,,,,,,,1.67958,25,-4.4921875,0,0.78125,5.078125,46,14.7,8,
577,2026-09-02,13:55:40.65710,66.4715,,1062.5,0,,0,11.875,775,27.4509803921569,0,20,15.2,-40,,0.78125,5.078125,,,,,,,,,,,,,1.64052,25,-4.296875,0,0.78125,5.078125,46,14.7,5,
578,2026-09-02,13:55:40.78161,66.59123,,1062.5,0,,0,11.875,775,27.4509803921569,0,20,15.1,-40,,0.78125,5.078125,,,,,,,,,,,,,1.66005,25,-4.296875,0,0.78125,5.078125,46,14.7,8,
579,2026-09-02,13:55:40.87589,66.69074,,1062.5,0,,0,11.875,774,27.4509803921569,0,19,15.1,-40,,0.78125,5.078125,,,,,,,,,,,,,1.62099,25,-4.296875,0,0.78125,5.078125,46,14.7,5,
580,2026-09-02,13:55:41.00126,66.80542,,1062.5,0,,0,11.875,775,27.4509803921569,0,20,15.2,-40,,0.78125,5.078125,,,,,,,,,,,,,1.58193,25,-4.296875,0,0.78125,5.078125,46,14.7,5,
581,2026-09-02,13:55:41.09478,66.9057,,1062.5,0,,0,11.875,775,27.4509803921569,0,21,15.1,-40,,0.78125,5.078125,,,,,,,,,,,,,1.64052,25,-4.1015625,0,0.78125,5.078125,46,14.7,0,
582,2026-09-02,13:55:41.21972,67.0355,,1062.5,0,,0,11.875,775,27.4509803921569,0,20,14.9,-40,,0.78125,5.078125,,,,,,,,,,,,,1.67958,25,-4.1015625,0,0.78125,5.078125,46,14.7,8,
583,2026-09-02,13:55:41.34455,67.15534,,1062.5,0,,0,11.875,775,27.4509803921569,0,20,14.8,-40,,0.78125,5.078125,,,,,,,,,,,,,1.64052,25,-4.1015625,0,0.78125,5.078125,46,14.7,4,
584,2026-09-02,13:55:41.47045,67.2845,,1031.25,0,,0,11.875,775,27.4509803921569,0,20,14.7,-40,,0.78125,5.078125,,,,,,,,,,,,,1.58193,25,-4.1015625,0,0.78125,5.078125,46,14.7,5,
585,2026-09-02,13:55:41.57938,67.38974,,1062.5,0,,0,11.875,774,27.4509803921569,0,20,14.7,-40,,0.78125,5.078125,,,,,,,,,,,,,1.66005,25,-3.90625,0,0.78125,5.078125,46,14.7,6,
586,2026-09-02,13:55:41.68959,67.49476,,1062.5,0,,0,11.875,775,27.4509803921569,0,20,14.9,-40,,0.78125,5.078125,,,,,,,,,,,,,1.58193,25,-3.90625,0,0.78125,5.078125,46,14.7,8,
587,2026-09-02,13:55:41.81470,67.62913,,1062.5,0,,0,11.875,775,27.4509803921569,0,20,15.1,-40,,0.78125,5.078125,,,,,,,,,,,,,1.60146,25,-3.90625,0,0.78125,5.078125,46,14.7,6,
588,2026-09-02,13:55:41.92444,67.73218,,1031.25,0,,0,11.875,774,27.4509803921569,0,20,14.7,-40,,0.78125,5.078125,,,,,,,,,,,,,1.67958,25,-3.90625,0,0.78125,5.078125,46,14.7,3,
589,2026-09-02,13:55:42.08035,67.88617,,1062.5,0,,0,11.875,775,27.4509803921569,0,19,14.6,-40,,0.78125,5.078125,,,,,,,,,,,,,1.64052,25,-3.7109375,0,0.78125,5.078125,46,14.7,1,
590,2026-09-02,13:55:42.17510,67.98894,,1062.5,0,,0,11.875,775,27.4509803921569,0,19,14.6,-40,,0.78125,5.078125,,,,,,,,,,,,,1.67958,25,-3.7109375,0,0.78125,5.078125,46,14.7,2,
591,2026-09-02,13:55:42.31547,68.12882,,1062.5,0,,0,11.875,775,27.4509803921569,0,19,14.7,-40,,0.78125,5.078125,,,,,,,,,,,,,1.58193,25,-3.7109375,0,0.78125,5.078125,45,14.7,0,
592,2026-09-02,13:55:42.45656,68.26823,,1062.5,0,,0,11.875,774,27.4509803921569,0,19,14.7,-40,,0.78125,5.078125,,,,,,,,,,,,,1.66005,25,-3.515625,0,0.78125,5.078125,45,14.7,1,
593,2026-09-02,13:55:42.56580,68.37333,,1062.5,0,,0,11.875,775,27.4509803921569,0,19,14.6,-40,,0.78125,5.078125,,,,,,,,,,,,,1.64052,25,-3.515625,0,0.78125,5.078125,45,14.7,3,
594,2026-09-02,13:55:42.67510,68.48267,,1062.5,0,,0,11.875,775,27.4509803921569,0,19,14.5,-40,,0.78125,5.078125,,,,,,,,,,,,,1.58193,25,-3.515625,0,0.78125,5.078125,45,14.7,1,
595,2026-09-02,13:55:42.80007,68.61245,,1062.5,0,,0,11.875,775,27.0588235294118,0,19,14.6,-40,,0.78125,5.078125,,,,,,,,,,,,,1.5624,25,-3.515625,0,0.78125,5.078125,45,14.7,3,
596,2026-09-02,13:55:42.92607,68.73446,,1062.5,0,,0,11.875,775,27.0588235294118,0,19,14.6,-40,,0.78125,5.078125,,,,,,,,,,,,,1.5624,25,-3.3203125,0,0.78125,5.078125,45,14.7,2,
597,2026-09-02,13:55:43.03547,68.85248,,1062.5,0,,0,11.875,775,27.0588235294118,0,19,14.4,-40,,0.78125,5.078125,,,,,,,,,,,,,1.64052,25,-3.3203125,0,0.78125,5.078125,45,14.7,2,
598,2026-09-02,13:55:43.14509,68.95713,,1062.5,0,,0,11.875,775,27.0588235294118,0,19,14.4,-40,,0.78125,5.078125,,,,,,,,,,,,,1.5624,25,-3.3203125,0,0.78125,5.078125,45,14.7,5,
599,2026-09-02,13:55:43.25442,69.06225,,1062.5,0,,0,11.875,774,27.0588235294118,0,18,14.3,-40,,0.78125,5.078125,,,,,,,,,,,,,1.64052,25,-3.3203125,0,0.78125,5.078125,45,14.7,2,
600,2026-09-02,13:55:43.39574,69.20697,,1062.5,0,,0,11.5625,775,27.0588235294118,0,18,14.5,-40,,0.78125,5.078125,,,,,,,,,,,,,1.66005,25,-3.3203125,0,0.78125,5.078125,45,14.7,1,
601,2026-09-02,13:55:43.53643,69.34643,,1062.5,0,,0,11.5625,775,26.6666666666667,0,18,14.3,-40,,0.78125,5.078125,,,,,,,,,,,,,1.58193,25,-3.3203125,0,0.78125,5.078125,45,14.7,2,
602,2026-09-02,13:55:43.63042,69.44625,,1062.5,0,,0,11.5625,775,26.6666666666667,0,17,14.4,-40,,0.78125,5.078125,,,,,,,,,,,,,1.67958,25,-3.515625,0,0.78125,5.078125,45,14.7,1,
603,2026-09-02,13:55:43.77137,69.57948,,1062.5,0,,0,11.5625,774,26.6666666666667,0,18,14.4,-40,,0.78125,5.078125,,,,,,,,,,,,,1.58193,25,-3.515625,0,0.78125,5.078125,45,14.7,2,
604,2026-09-02,13:55:43.86480,69.68068,,1062.5,0,,0,11.5625,775,26.6666666666667,0,19,14.2,-40,,0.78125,5.078125,,,,,,,,,,,,,1.66005,25,-3.515625,0,0.78125,5.078125,45,14.7,3,
605,2026-09-02,13:55:43.97465,69.7856,,1062.5,0,,0,11.875,775,27.0588235294118,0,20,14.3,-40,,0.78125,5.078125,,,,,,,,,,,,,1.58193,25,-3.515625,0,0.78125,5.078125,45,14.7,1,
606,2026-09-02,13:55:44.09978,69.91555,,1062.5,0,,0,11.5625,775,27.0588235294118,0,19,14.5,-40,,0.78125,5.078125,,,,,,,,,,,,,1.60146,25,-3.7109375,0,0.78125,5.078125,45,14.7,3,
607,2026-09-02,13:55:44.20967,70.01833,,1062.5,0,,0,11.875,774,27.0588235294118,0,19,14.3,-40,,0.78125,5.078125,,,,,,,,,,,,,1.67958,25,-3.7109375,0,0.78125,5.078125,45,14.7,2,
608,2026-09-02,13:55:44.33486,70.15037,,1062.5,0,,0,11.875,775,27.0588235294118,0,19,14.5,-40,,0.78125,5.078125,,,,,,,,,,,,,1.5624,25,-3.7109375,0,0.78125,5.078125,45,14.7,1,
609,2026-09-02,13:55:44.46001,70.27008,,1062.5,0,,0,11.5625,775,27.0588235294118,0,19,14.3,-40,,0.78125,5.078125,,,,,,,,,,,,,1.66005,25,-3.7109375,0,0.78125,5.078125,45,14.7,1,
610,2026-09-02,13:55:44.58543,70.39511,,1031.25,0,,0,11.875,775,27.0588235294118,0,20,14.6,-40,,0.78125,5.078125,,,,,,,,,,,,,1.5624,25,-3.90625,0,0.78125,5.078125,44,14.7,1,
611,2026-09-02,13:55:44.71036,70.51961,,1031.25,0,,0,11.875,775,27.4509803921569,0,21,14.6,-40,,0.78125,5.078125,,,,,,,,,,,,,1.5624,25,-3.90625,0,0.78125,5.078125,45,14.7,1,
612,2026-09-02,13:55:44.83580,70.64933,,1031.25,0,,0,11.875,774,27.4509803921569,0,20,14.4,-40,,0.78125,5.078125,,,,,,,,,,,,,1.64052,25,-3.90625,0,0.78125,5.078125,44,14.7,2,
613,2026-09-02,13:55:44.97652,70.78945,,1031.25,0,,0,11.875,774,27.4509803921569,0,20,14.5,-40,,0.78125,5.078125,,,,,,,,,,,,,1.67958,25,-4.1015625,0,0.78125,5.078125,45,14.7,1,
614,2026-09-02,13:55:45.08608,70.89927,,1031.25,0,,0,11.875,775,27.4509803921569,0,20,14.5,-40,,0.78125,5.078125,,,,,,,,,,,,,1.5624,25,-4.1015625,0,0.78125,5.078125,44,14.7,0,
615,2026-09-02,13:55:45.19585,70.9992,,1031.25,0,,0,11.875,775,27.4509803921569,0,20,14.4,-40,,0.78125,5.078125,,,,,,,,,,,,,1.67958,25,-4.1015625,0,0.78125,5.078125,44,14.7,2,
616,2026-09-02,13:55:45.28997,71.10399,,1062.5,0,,0,11.875,774,27.4509803921569,0,19,14.7,-40,,0.78125,5.078125,,,,,,,,,,,,,1.5624,25,-4.1015625,0,0.78125,5.078125,44,14.7,4,
617,2026-09-02,13:55:45.43073,71.24389,,1031.25,0,,0,11.875,775,27.4509803921569,0,20,14.5,-40,,0.78125,5.078125,,,,,,,,,,,,,1.5624,25,-4.296875,0,0.78125,5.078125,44,14.7,0,
618,2026-09-02,13:55:45.54027,71.35361,,1031.25,0,,0,11.875,775,27.4509803921569,0,20,14.7,-40,,0.78125,5.078125,,,,,,,,,,,,,1.66005,25,-4.296875,0,0.78125,5.078125,44,14.7,1,
619,2026-09-02,13:55:45.66532,71.47853,,1031.25,0,,0,11.875,774,27.4509803921569,0,20,14.6,-40,,0.78125,5.078125,,,,,,,,,,,,,1.67958,25,-4.296875,0,0.78125,5.078125,44,14.7,0,
620,2026-09-02,13:55:45.77488,71.58836,,1031.25,0,,0,11.875,775,27.4509803921569,0,21,14.6,-40,,0.78125,5.078125,,,,,,,,,,,,,1.62099,25,-4.296875,0,0.78125,5.078125,44,14.7,2,
621,2026-09-02,13:55:45.88473,71.69744,,1031.25,0,,0,11.875,775,27.4509803921569,0,21,14.7,-40,,0.78125,5.078125,,,,,,,,,,,,,1.64052,25,-4.4921875,0,0.78125,5.078125,44,14.7,4,
622,2026-09-02,13:55:46.00972,71.82272,,1031.25,0,,0,11.875,775,27.843137254902,0,22,14.7,-40,,0.78125,5.078125,,,,,,,,,,,,,1.64052,25,-4.4921875,0,0.78125,5.078125,44,14.7,2,
623,2026-09-02,13:55:46.15087,71.95979,,1031.25,0,,0,11.875,775,27.843137254902,0,21,14.9,-40,,0.78125,5.078125,,,,,,,,,,,,,1.62099,25,-4.4921875,0,0.78125,5.078125,44,14.7,0,
624,2026-09-02,13:55:46.26021,72.07247,,1031.25,0,,0,11.875,775,27.843137254902,0,21,14.8,-40,,0.78125,5.078125,,,,,,,,,,,,,1.67958,25,-4.4921875,0,0.78125,5.078125,44,14.7,0,
625,2026-09-02,13:55:46.38570,72.20223,,1031.25,0,,0,11.875,775,27.843137254902,0,20,14.9,-40,,0.78125,5.078125,,,,,,,,,,,,,1.60146,25,-4.4921875,0,0.78125,5.078125,44,14.7,0,
626,2026-09-02,13:55:46.49506,72.30679,,1031.25,0,,0,11.875,775,27.843137254902,0,20,14.9,-40,,0.78125,5.078125,,,,,,,,,,,,,1.64052,25,-4.296875,0,0.78125,5.078125,44,14.7,2,
627,2026-09-02,13:55:46.63585,72.45185,,1031.25,0,,0,11.875,774,27.843137254902,0,20,14.8,-40,,0.78125,5.078125,,,,,,,,,,,,,1.58193,25,-4.296875,0,0.78125,5.078125,44,14.7,2,
628,2026-09-02,13:55:46.76064,72.57654,,1062.5,0,,0,11.875,775,27.4509803921569,0,18,15,-40,,0.78125,5.078125,,,,,,,,,,,,,1.64052,25,-4.296875,0,0.78125,5.078125,44,14.7,0,
629,2026-09-02,13:55:46.90256,72.70888,,1062.5,0,,0,11.875,775,27.4509803921569,0,19,14.9,-40,,0.78125,5.078125,,,,,,,,,,,,,1.62099,25,-4.296875,0,0.78125,5.078125,44,14.7,0,
630,2026-09-02,13:55:47.04268,72.85123,,1062.5,0,,0,11.875,775,27.4509803921569,0,18,14.9,-40,,0.78125,5.078125,,,,,,,,,,,,,1.62099,25,-4.1015625,0,0.78125,5.078125,44,14.7,4,
631,2026-09-02,13:55:47.16798,72.98044,,1062.5,0,,0,11.875,775,27.4509803921569,0,19,14.8,-40,,0.78125,5.078125,,,,,,,,,,,,,1.66005,25,-4.1015625,0,0.78125,5.078125,44,14.7,3,
632,2026-09-02,13:55:47.29294,73.10574,,1031.25,0,,0,11.875,775,27.4509803921569,0,20,14.7,-40,,0.78125,5.078125,,,,,,,,,,,,,1.5624,25,-4.1015625,0,0.78125,5.078125,44,14.7,2,
633,2026-09-02,13:55:47.40309,73.21343,,1031.25,0,,0,11.875,775,27.4509803921569,0,20,14.8,-40,,0.78125,5.078125,,,,,,,,,,,,,1.64052,25,-3.90625,0,0.78125,5.078125,43,14.7,2,
634,2026-09-02,13:55:47.51237,73.32037,,1062.5,0,,0,11.875,775,27.4509803921569,0,19,14.8,-40,,0.78125,5.078125,,,,,,,,,,,,,1.58193,25,-3.90625,0,0.78125,5.078125,44,14.7,3,
635,2026-09-02,13:55:47.65355,73.47023,,1062.5,0,,0,11.875,775,27.4509803921569,0,19,14.7,-40,,0.78125,5.078125,,,,,,,,,,,,,1.67958,25,-3.90625,0,0.78125,5.078125,43,14.7,1,
636,2026-09-02,13:55:47.77853,73.58675,,1062.5,0,,0,11.875,775,27.4509803921569,0,17,14.7,-40,,0.78125,5.078125,,,,,,,,,,,,,1.67958,25,-3.90625,0,0.78125,5.078125,43,14.7,1,
637,2026-09-02,13:55:47.88850,73.69483,,1062.5,0,,0,11.875,775,27.0588235294118,0,18,14.7,-40,,0.78125,5.078125,,,,,,,,,,,,,1.5624,25,-3.7109375,0,0.78125,5.078125,43,14.7,1,
638,2026-09-02,13:55:48.01379,73.81962,,1062.5,0,,0,11.875,774,27.0588235294118,0,18,14.5,-40,,0.78125,5.078125,,,,,,,,,,,,,1.5624,25,-3.7109375,0,0.78125,5.078125,43,14.7,0,
639,2026-09-02,13:55:48.10728,73.92439,,1062.5,0,,0,11.875,775,27.0588235294118,0,18,14.5,-40,,0.78125,5.078125,,,,,,,,,,,,,1.60146,25,-3.7109375,0,0.78125,5.078125,43,14.7,2,
640,2026-09-02,13:55:48.24897,74.05645,,1062.5,0,,0,11.875,775,27.0588235294118,0,19,14.6,-40,,0.78125,5.078125,,,,,,,,,,,,,1.62099,25,-3.7109375,0,0.78125,5.078125,43,14.7,2,
641,2026-09-02,13:55:48.34230,74.15372,,1062.5,0,,0,11.875,775,27.0588235294118,0,19,14.6,-40,,0.78125,5.078125,,,,,,,,,,,,,1.67958,25,-3.515625,0,0.78125,5.078125,43,14.7,3,
642,2026-09-02,13:55:48.46820,74.28363,,1031.25,0,,0,11.875,775,27.0588235294118,0,20,14.5,-40,,0.78125,5.078125,,,,,,,,,,,,,1.64052,25,-3.515625,0,0.78125,5.078125,43,14.7,1,
643,2026-09-02,13:55:48.59297,74.4035,,1031.25,0,,0,11.875,774,27.4509803921569,0,20,14.4,-40,,0.78125,5.078125,,,,,,,,,,,,,1.5624,25,-3.515625,0,0.78125,5.078125,43,14.7,3,
644,2026-09-02,13:55:48.70333,74.51308,,1062.5,0,,0,11.5625,775,27.0588235294118,0,19,14.5,-40,,0.78125,5.078125,,,,,,,,,,,,,1.62099,25,-3.515625,0,0.78125,5.078125,43,14.7,4,
645,2026-09-02,13:55:48.82799,74.63825,,1062.5,0,,0,11.5625,774,27.0588235294118,0,19,14.4,-40,,0.78125,5.078125,,,,,,,,,,,,,1.66005,25,-3.515625,0,0.78125,5.078125,43,14.7,1,
646,2026-09-02,13:55:48.95403,74.7681,,1031.25,0,,0,11.5625,775,27.0588235294118,0,20,14.3,-40,,0.78125,5.078125,,,,,,,,,,,,,1.5624,25,-3.7109375,0,0.78125,5.078125,43,14.7,2,
647,2026-09-02,13:55:49.07858,74.88742,,1062.5,0,,0,11.5625,775,27.0588235294118,0,19,14.5,-40,,0.78125,5.078125,,,,,,,,,,,,,1.66005,25,-3.7109375,0,0.78125,5.078125,43,14.7,2,
648,2026-09-02,13:55:49.18894,74.99707,,1031.25,0,,0,11.5625,775,27.0588235294118,0,20,14.2,-40,,0.78125,5.078125,,,,,,,,,,,,,1.66005,25,-3.7109375,0,0.78125,5.078125,43,14.7,1,
649,2026-09-02,13:55:49.29828,75.10219,,1031.25,0,,0,11.5625,774,27.0588235294118,0,20,14.3,-40,,0.78125,5.078125,,,,,,,,,,,,,1.60146,25,-3.7109375,0,0.78125,5.078125,43,14.7,2,
650,2026-09-02,13:55:49.42325,75.22688,,1031.25,0,,0,11.5625,775,27.0588235294118,0,20,14.6,-40,,0.78125,5.078125,,,,,,,,,,,,,1.67958,25,-3.90625,0,0.78125,5.078125,43,14.7,1,
651,2026-09-02,13:55:49.53260,75.33886,,1062.5,0,,0,11.5625,775,27.0588235294118,0,19,14.3,-40,,0.78125,5.078125,,,,,,,,,,,,,1.64052,25,-3.90625,0,0.78125,5.078125,43,14.7,0,
652,2026-09-02,13:55:49.64228,75.45693,,1031.25,0,,0,11.5625,775,27.0588235294118,0,20,14.6,-40,,0.78125,5.078125,,,,,,,,,,,,,1.66005,25,-3.90625,0,0.78125,5.078125,43,14.7,0,
653,2026-09-02,13:55:49.76774,75.58138,,1031.25,0,,0,11.5625,775,27.0588235294118,0,21,14.5,-40,,0.78125,5.078125,,,,,,,,,,,,,1.60146,25,-4.1015625,0,0.78125,5.078125,43,14.7,0,
654,2026-09-02,13:55:49.89281,75.7066,,1031.25,0,,0,11.5625,775,27.0588235294118,0,20,14.4,-40,,0.78125,5.078125,,,,,,,,,,,,,1.66005,25,-4.1015625,0,0.78125,5.078125,43,14.7,2,
655,2026-09-02,13:55:50.01808,75.82132,,1031.25,0,,0,11.5625,775,27.0588235294118,0,21,14.8,-40,,0.78125,5.078125,,,,,,,,,,,,,1.5624,25,-4.1015625,0,0.78125,5.078125,43,14.7,1,
656,2026-09-02,13:55:50.11189,75.92621,,1031.25,0,,0,11.5625,775,27.4509803921569,0,21,14.5,-40,,0.78125,5.078125,,,,,,,,,,,,,1.66005,25,-4.1015625,0,0.78125,5.078125,43,14.7,1,
657,2026-09-02,13:55:50.25319,76.05611,,1031.25,0,,0,11.5625,775,27.4509803921569,0,20,14.5,-40,,0.78125,5.078125,,,,,,,,,,,,,1.62099,25,-4.296875,0,0.78125,5.078125,43,14.7,0,
658,2026-09-02,13:55:50.36260,76.16583,,1000,0,,0,11.5625,775,27.4509803921569,0,21,14.6,-40,,0.78125,5.078125,,,,,,,,,,,,,1.66005,25,-4.296875,0,0.78125,5.078125,42,14.7,3,
659,2026-09-02,13:55:50.47250,76.29062,,1000,0,,0,11.5625,775,27.4509803921569,0,22,14.5,-40,,0.78125,5.078125,,,,,,,,,,,,,1.62099,25,-4.296875,0,0.78125,5.078125,42,14.7,2,
660,2026-09-02,13:55:50.58182,76.3956,,1031.25,0,,0,11.5625,775,27.4509803921569,0,20,14.7,-40,,0.78125,5.078125,,,,,,,,,,,,,1.66005,25,-4.296875,0,0.78125,5.078125,42,14.7,2,
661,2026-09-02,13:55:50.70757,76.52531,,1031.25,0,,0,11.5625,775,27.4509803921569,0,20,14.9,-40,,0.78125,5.078125,,,,,,,,,,,,,1.54287,25,-4.4921875,0,0.78125,5.078125,42,14.7,1,
662,2026-09-02,13:55:50.84812,76.65835,,1031.25,0,,0,11.5625,775,27.4509803921569,0,19,14.7,-40,,0.78125,5.078125,,,,,,,,,,,,,1.64052,25,-4.4921875,0,0.78125,5.078125,42,14.7,5,
663,2026-09-02,13:55:50.97371,76.78514,,1031.25,0,,0,11.5625,774,27.4509803921569,0,20,14.8,-40,,0.78125,5.078125,,,,,,,,,,,,,1.66005,25,-4.4921875,0,0.78125,5.078125,42,14.7,5,
664,2026-09-02,13:55:51.09879,76.90702,,1000,0,,0,11.875,775,27.4509803921569,0,21,15.1,-40,,0.78125,5.078125,,,,,,,,,,,,,1.54287,25,-4.296875,0,0.78125,5.078125,42,14.7,2,
665,2026-09-02,13:55:51.22419,77.03225,,1000,0,,0,11.875,775,27.4509803921569,0,22,14.9,-40,,0.78125,5.078125,,,,,,,,,,,,,1.60146,25,-4.296875,0,0.78125,5.078125,42,14.7,5,
666,2026-09-02,13:55:51.33345,77.14265,,1000,0,,0,11.875,775,27.4509803921569,0,20,15.1,-40,,0.78125,5.078125,,,,,,,,,,,,,1.64052,25,-4.296875,0,0.78125,5.078125,42,14.7,4,
667,2026-09-02,13:55:51.42699,77.24423,,1000,0,,0,11.875,775,27.4509803921569,0,23,15,-40,,0.78125,5.078125,,,,,,,,,,,,,1.58193,25,-4.296875,0,0.78125,5.078125,42,14.7,2,
668,2026-09-02,13:55:51.59929,77.40878,,1000,0,,0,11.875,775,27.843137254902,0,22,15.1,-40,,0.78125,5.078125,,,,,,,,,,,,,1.5624,25,-4.1015625,0,0.78125,5.078125,42,14.7,1,
669,2026-09-02,13:55:51.69366,77.5086,,1031.25,0,,0,11.875,776,27.843137254902,0,20,15.1,-40,,0.78125,5.078125,,,,,,,,,,,,,1.58193,25,-4.1015625,0,0.78125,5.078125,42,14.7,1,
670,2026-09-02,13:55:51.81906,77.62531,,1000,0,,0,11.875,775,27.843137254902,0,23,14.8,-40,,0.78125,5.078125,,,,,,,,,,,,,1.67958,25,-4.1015625,0,0.78125,5.078125,42,14.7,3,
671,2026-09-02,13:55:51.92889,77.74338,,1031.25,0,,0,11.875,775,28.2352941176471,0,20,14.9,-40,,0.78125,5.078125,,,,,,,,,,,,,1.58193,25,-4.1015625,0,0.78125,5.078125,42,14.7,3,
672,2026-09-02,13:55:52.06956,77.87567,,1000,0,,0,11.875,775,27.843137254902,0,23,15,-40,,0.78125,5.078125,,,,,,,,,,,,,1.67958,25,-3.90625,0,0.78125,5.078125,42,14.7,2,
673,2026-09-02,13:55:52.21036,78.02776,,1000,0,,0,12.1875,775,28.2352941176471,0,21,14.8,-40,,0.78125,5.078125,,,,,,,,,,,,,1.54287,25,-3.90625,0,0.78125,5.078125,42,14.7,1,
674,2026-09-02,13:55:52.35091,78.15985,,1000,0,,0,11.875,774,27.843137254902,0,19,15,-40,,0.78125,5.078125,,,,,,,,,,,,,1.58193,25,-3.90625,0,0.78125,5.078125,42,14.7,1,
675,2026-09-02,13:55:52.49173,78.3024,,1031.25,0,,0,11.875,775,27.843137254902,0,20,14.7,-40,,0.78125,5.078125,,,,,,,,,,,,,1.5624,25,-3.7109375,0,0.78125,5.078125,41,14.7,0,
676,2026-09-02,13:55:52.61672,78.42722,,1031.25,0,,0,11.875,774,27.843137254902,0,19,14.9,-40,,0.78125,5.078125,,,,,,,,,,,,,1.66005,25,-3.7109375,0,0.78125,5.078125,42,14.7,1,
677,2026-09-02,13:55:52.74236,78.55142,,1031.25,0,,0,11.875,775,27.843137254902,0,19,14.9,-40,,0.78125,5.078125,,,,,,,,,,,,,1.67958,25,-3.7109375,0,0.78125,5.078125,41,14.7,3,
678,2026-09-02,13:55:52.85210,78.66661,,1031.25,0,,0,11.875,775,27.843137254902,0,18,14.9,-40,,0.78125,5.078125,,,,,,,,,,,,,1.5624,25,-3.7109375,0,0.78125,5.078125,41,14.7,1,
679,2026-09-02,13:55:53.00850,78.81499,,1031.25,0,,0,11.875,776,27.4509803921569,0,18,15,-40,,0.78125,5.078125,,,,,,,,,,,,,1.67958,25,-3.515625,0,0.78125,5.078125,41,14.7,4,
680,2026-09-02,13:55:53.13345,78.94581,,1031.25,0,,0,11.875,775,27.4509803921569,0,19,14.6,-40,,0.78125,5.078125,,,,,,,,,,,,,1.62099,25,-3.515625,0,0.78125,5.078125,41,14.7,6,
681,2026-09-02,13:55:53.27472,79.08576,,1031.25,0,,0,11.875,774,27.4509803921569,0,19,14.5,-40,,0.78125,5.078125,,,,,,,,,,,,,1.5624,25,-3.515625,0,0.78125,5.078125,41,14.7,5,
682,2026-09-02,13:55:53.39967,79.21111,,1031.25,0,,0,11.875,775,27.4509803921569,0,20,14.6,-40,,0.78125,5.078125,,,,,,,,,,,,,1.66005,25,-3.3203125,0,0.78125,5.078125,41,14.7,3,
683,2026-09-02,13:55:53.52480,79.34074,,1031.25,0,,0,11.875,774,27.4509803921569,0,19,14.6,-40,,0.78125,5.078125,,,,,,,,,,,,,1.64052,25,-3.3203125,0,0.78125,5.078125,41,14.7,1,
684,2026-09-02,13:55:53.63398,79.45047,,1031.25,0,,0,11.5625,775,27.4509803921569,0,19,14.5,-40,,0.78125,5.078125,,,,,,,,,,,,,1.58193,25,-3.3203125,0,0.78125,5.078125,41,14.7,1,
685,2026-09-02,13:55:53.75998,79.57007,,1031.25,0,,0,11.5625,774,27.4509803921569,0,17,14.6,-40,,0.78125,5.078125,,,,,,,,,,,,,1.67958,25,-3.3203125,0,0.78125,5.078125,41,14.7,1,
686,2026-09-02,13:55:53.86949,79.67983,,1031.25,0,,0,11.5625,775,27.4509803921569,0,19,14.5,-40,,0.78125,5.078125,,,,,,,,,,,,,1.5624,25,-3.125,0,0.78125,5.078125,41,14.7,1,
687,2026-09-02,13:55:53.99498,79.80942,,1031.25,0,,0,11.5625,775,27.4509803921569,0,19,14.5,-40,,0.78125,5.078125,,,,,,,,,,,,,1.5624,25,-3.125,0,0.78125,5.078125,41,14.7,1,
688,2026-09-02,13:55:54.13558,79.94412,,1031.25,0,,0,11.5625,774,27.0588235294118,0,18,14.5,-40,,0.78125,5.078125,,,,,,,,,,,,,1.66005,25,-3.125,0,0.78125,5.078125,41,14.7,3,
689,2026-09-02,13:55:54.22991,80.04405,,1031.25,0,,0,11.5625,774,27.0588235294118,0,19,14.4,-40,,0.78125,5.078125,,,,,,,,,,,,,1.58193,25,-3.125,0,0.78125,5.078125,41,14.7,3,
690,2026-09-02,13:55:54.37046,80.18392,,1031.25,0,,0,11.5625,775,27.0588235294118,0,18,14.4,-40,,0.78125,5.078125,,,,,,,,,,,,,1.60146,25,-3.125,0,0.78125,5.078125,41,14.7,1,
691,2026-09-02,13:55:54.49605,80.30866,,1031.25,0,,0,11.5625,775,27.0588235294118,0,19,14.2,-40,,0.78125,5.078125,,,,,,,,,,,,,1.62099,25,-3.125,0,0.78125,5.078125,41,14.7,3,
692,2026-09-02,13:55:54.62103,80.4286,,1031.25,0,,0,11.5625,774,27.0588235294118,0,20,14.3,-40,,0.78125,5.078125,,,,,,,,,,,,,1.64052,25,-3.125,0,0.78125,5.078125,41,14.7,3,
693,2026-09-02,13:55:54.76220,80.57051,,1031.25,0,,0,11.5625,775,27.0588235294118,0,20,14.6,-40,,0.78125,5.078125,,,,,,,,,,,,,1.5624,25,-3.3203125,0,0.78125,5.078125,41,14.7,4,
694,2026-09-02,13:55:54.88714,80.69812,,1000,0,,0,11.5625,775,27.0588235294118,0,20,14.3,-40,,0.78125,5.078125,,,,,,,,,,,,,1.54287,25,-3.3203125,0,0.78125,5.078125,41,14.7,4,
695,2026-09-02,13:55:54.98146,80.79781,,1000,0,,0,11.5625,775,27.4509803921569,0,22,14.6,-40,,0.78125,5.078125,,,,,,,,,,,,,1.66005,25,-3.3203125,0,0.78125,5.078125,41,14.7,5,
696,2026-09-02,13:55:55.09081,80.9028,,1000,0,,0,11.5625,775,27.4509803921569,0,22,14.4,-40,,0.78125,5.078125,,,,,,,,,,,,,1.54287,25,-3.3203125,0,0.78125,5.078125,41,14.7,2,
697,2026-09-02,13:55:55.23203,81.03998,,1000,0,,0,11.5625,775,27.4509803921569,0,22,14.3,-40,,0.78125,5.078125,,,,,,,,,,,,,1.64052,25,-3.515625,0,0.78125,5.078125,40,14.7,5,
698,2026-09-02,13:55:55.32571,81.13744,,1000,0,,0,11.5625,775,27.4509803921569,0,21,14.6,-40,,0.78125,5.078125,,,,,,,,,,,,,1.58193,25,-3.515625,0,0.78125,5.078125,41,14.7,4,
699,2026-09-02,13:55:55.43562,81.25224,,1000,0,,0,11.5625,774,27.4509803921569,0,21,14.5,-40,,0.78125,5.078125,,,,,,,,,,,,,1.66005,25,-3.515625,0,0.78125,5.078125,41,14.7,3,
700,2026-09-02,13:55:55.54498,81.35695,,1000,0,,0,11.5625,774,27.4509803921569,0,21,14.7,-40,,0.78125,5.078125,,,,,,,,,,,,,1.5624,25,-3.515625,0,0.78125,5.078125,41,14.7,1,
701,2026-09-02,13:55:55.65432,81.47174,,1000,0,,0,11.5625,775,27.4509803921569,0,21,14.6,-40,,0.78125,5.078125,,,,,,,,,,,,,1.58193,25,-3.7109375,0,0.78125,5.078125,40,14.7,1,
702,2026-09-02,13:55:55.79558,81.60384,,1000,0,,0,11.875,775,27.4509803921569,0,21,14.6,-40,,0.78125,5.078125,,,,,,,,,,,,,1.64052,25,-3.7109375,0,0.78125,5.078125,40,14.7,3,
703,2026-09-02,13:55:55.92109,81.73691,,1000,0,,0,11.875,775,27.4509803921569,0,22,14.7,-40,,0.78125,5.078125,,,,,,,,,,,,,1.54287,25,-3.7109375,0,0.78125,5.078125,40,14.7,4,
704,2026-09-02,13:55:56.03054,81.83671,,1000,0,,0,11.875,775,27.843137254902,0,20,14.6,-40,,0.78125,5.078125,,,,,,,,,,,,,1.5624,25,-3.7109375,0,0.78125,5.078125,40,14.7,3,
705,2026-09-02,13:55:56.17135,81.98611,,1000,0,,0,11.875,775,27.843137254902,0,19,14.5,-40,,0.78125,5.078125,,,,,,,,,,,,,1.64052,25,-3.90625,0,0.78125,5.078125,40,14.7,4,
706,2026-09-02,13:55:56.28045,82.09126,,1000,0,,0,11.875,775,27.4509803921569,0,23,14.9,-40,,0.78125,5.078125,,,,,,,,,,,,,1.66005,25,-3.90625,0,0.78125,5.078125,40,14.7,3,
707,2026-09-02,13:55:56.40562,82.21601,,1000,0,,0,11.875,775,27.843137254902,0,20,14.8,-40,,0.78125,5.078125,,,,,,,,,,,,,1.54287,25,-3.7109375,0,0.78125,5.078125,40,14.7,1,
708,2026-09-02,13:55:56.51628,82.32293,,1000,0,,0,11.875,775,27.843137254902,0,21,14.8,-40,,0.78125,5.078125,,,,,,,,,,,,,1.66005,25,-3.7109375,0,0.78125,5.078125,40,14.7,1,
709,2026-09-02,13:55:56.60957,82.42057,,1000,0,,0,11.875,775,27.843137254902,0,22,14.9,-40,,0.78125,5.078125,,,,,,,,,,,,,1.64052,25,-3.7109375,0,0.78125,5.078125,40,14.7,1,
710,2026-09-02,13:55:56.73528,82.55045,,1000,0,,0,11.875,775,27.843137254902,0,20,15,-40,,0.78125,5.078125,,,,,,,,,,,,,1.60146,25,-3.7109375,0,0.78125,5.078125,40,14.7,2,
711,2026-09-02,13:55:56.84455,82.65038,,1000,0,,0,11.875,775,27.843137254902,0,20,15,-40,,0.78125,5.078125,,,,,,,,,,,,,1.64052,25,-3.515625,0,0.78125,5.078125,40,14.7,0,
712,2026-09-02,13:55:56.93878,82.7553,,1031.25,0,,0,11.875,775,27.843137254902,0,19,14.9,-40,,0.78125,5.078125,,,,,,,,,,,,,1.54287,25,-3.515625,0,0.78125,5.078125,40,14.7,1,
713,2026-09-02,13:55:57.04804,82.85972,,1031.25,0,,0,11.875,774,27.843137254902,0,19,14.9,-40,,0.78125,5.078125,,,,,,,,,,,,,1.67958,25,-3.515625,0,0.78125,5.078125,40,14.7,0,
714,2026-09-02,13:55:57.15740,82.97006,,1031.25,0,,0,11.875,775,27.843137254902,0,19,14.8,-40,,0.78125,5.078125,,,,,,,,,,,,,1.54287,25,-3.515625,0,0.78125,5.078125,40,14.7,3,
715,2026-09-02,13:55:57.28292,83.09948,,1031.25,0,,0,11.875,775,27.843137254902,0,19,14.9,-40,,0.78125,5.078125,,,,,,,,,,,,,1.5624,25,-3.3203125,0,0.78125,5.078125,40,14.7,1,
716,2026-09-02,13:55:57.39228,83.20946,,1031.25,0,,0,11.875,775,27.843137254902,0,19,15.1,-40,,0.78125,5.078125,,,,,,,,,,,,,1.60146,25,-3.3203125,0,0.78125,5.078125,40,14.7,2,
717,2026-09-02,13:55:57.50227,83.31928,,1031.25,0,,0,11.875,774,27.843137254902,0,19,14.8,-40,,0.78125,5.078125,,,,,,,,,,,,,1.54287,25,-3.3203125,0,0.78125,5.078125,40,14.7,1,
718,2026-09-02,13:55:57.61162,83.42399,,1031.25,0,,0,11.875,775,27.843137254902,0,19,14.8,-40,,0.78125,5.078125,,,,,,,,,,,,,1.64052,25,-3.3203125,0,0.78125,5.078125,40,14.7,1,
719,2026-09-02,13:55:57.75283,83.56889,,1031.25,0,,0,11.875,774,27.4509803921569,0,19,14.7,-40,,0.78125,5.078125,,,,,,,,,,,,,1.62099,25,-3.3203125,0,0.78125,5.078125,40,14.7,2,
720,2026-09-02,13:55:57.86225,83.67146,,1031.25,0,,0,11.875,775,27.4509803921569,0,19,14.6,-40,,0.78125,5.078125,,,,,,,,,,,,,1.5624,25,-3.125,0,0.78125,5.078125,40,14.7,2,
721,2026-09-02,13:55:57.97153,83.77876,,1000,0,,0,11.875,775,27.4509803921569,0,19,14.4,-40,,0.78125,5.078125,,,,,,,,,,,,,1.62099,25,-3.125,0,0.78125,5.078125,40,14.7,1,
722,2026-09-02,13:55:58.06528,83.88321,,1031.25,0,,0,11.875,775,27.4509803921569,0,19,14.4,-40,,0.78125,5.078125,,,,,,,,,,,,,1.5624,25,-3.125,0,0.78125,5.078125,40,14.7,1,
723,2026-09-02,13:55:58.17604,83.98804,,1031.25,0,,0,11.5625,774,27.4509803921569,0,19,14.5,-40,,0.78125,5.078125,,,,,,,,,,,,,1.62099,25,-3.125,0,0.78125,5.078125,40,14.7,4,
724,2026-09-02,13:55:58.28541,84.09311,,1031.25,0,,0,11.5625,775,27.4509803921569,0,19,14.3,-40,,0.78125,5.078125,,,,,,,,,,,,,1.66005,25,-2.9296875,0,0.78125,5.078125,39,14.7,2,
725,2026-09-02,13:55:58.42653,84.23504,,1031.25,0,,0,11.5625,775,27.4509803921569,0,19,14.3,-40,,0.78125,5.078125,,,,,,,,,,,,,1.66005,25,-3.125,0,0.78125,5.078125,39,14.7,1,
726,2026-09-02,13:55:58.56745,84.37761,,1031.25,0,,0,11.5625,775,27.4509803921569,0,19,14.4,-40,,0.78125,5.078125,,,,,,,,,,,,,1.66005,25,-3.125,0,0.78125,5.078125,39,14.7,1,
727,2026-09-02,13:55:58.69266,84.50247,,1031.25,0,,0,11.5625,774,27.4509803921569,0,19,14.3,-40,,0.78125,5.078125,,,,,,,,,,,,,1.64052,25,-3.125,0,0.78125,5.078125,39,14.7,0,
728,2026-09-02,13:55:58.83373,84.63705,,1031.25,0,,0,11.5625,775,27.4509803921569,0,19,14.5,-40,,0.78125,5.078125,,,,,,,,,,,,,1.5624,25,-3.125,0,0.78125,5.078125,39,14.7,0,
729,2026-09-02,13:55:58.94260,84.75151,,1031.25,0,,0,11.5625,775,27.4509803921569,0,19,14.4,-40,,0.78125,5.078125,,,,,,,,,,,,,1.66005,25,-3.3203125,0,0.78125,5.078125,39,14.7,2,
730,2026-09-02,13:55:59.06762,84.88124,,1031.25,0,,0,11.5625,775,27.4509803921569,0,19,14.4,-40,,0.78125,5.078125,,,,,,,,,,,,,1.66005,25,-3.3203125,0,0.78125,5.078125,39,14.7,0,
731,2026-09-02,13:55:59.19356,85.00657,,1031.25,0,,0,11.5625,775,27.4509803921569,0,19,14.3,-40,,0.78125,5.078125,,,,,,,,,,,,,1.58193,25,-3.3203125,0,0.78125,5.078125,39,14.7,4,
732,2026-09-02,13:55:59.30315,85.11132,,1031.25,0,,0,11.5625,775,27.4509803921569,0,19,14.3,-40,,0.78125,5.078125,,,,,,,,,,,,,1.54287,25,-3.3203125,0,0.78125,5.078125,39,14.7,0,
733,2026-09-02,13:55:59.39702,85.2113,,1000,0,,0,11.875,775,27.4509803921569,0,19,14.6,-40,,0.78125,5.078125,,,,,,,,,,,,,1.66005,25,-3.515625,0,0.78125,5.078125,39,14.7,0,
734,2026-09-02,13:55:59.50696,85.32111,,1000,0,,0,11.875,775,27.4509803921569,0,20,14.4,-40,,0.78125,5.078125,,,,,,,,,,,,,1.54287,25,-3.515625,0,0.78125,5.078125,39,14.7,1,
735,2026-09-02,13:55:59.61592,85.43068,,1000,0,,0,11.875,775,27.4509803921569,0,20,14.3,-40,,0.78125,5.078125,,,,,,,,,,,,,1.66005,25,-3.515625,0,0.78125,5.078125,39,14.7,0,
736,2026-09-02,13:55:59.76823,85.5751,,1000,0,,0,11.875,776,27.4509803921569,0,22,14.6,-40,,0.78125,5.078125,,,,,,,,,,,,,1.60146,25,-3.515625,0,0.78125,5.078125,39,14.7,1,
737,2026-09-02,13:55:59.88556,85.69543,,1000,0,,0,11.875,775,27.4509803921569,0,20,14.3,-40,,0.78125,5.078125,,,,,,,,,,,,,1.66005,25,-3.7109375,0,0.78125,5.078125,39,14.7,1,
738,2026-09-02,13:55:59.97776,85.7955,,1000,0,,0,11.875,774,27.4509803921569,0,19,14.7,-40,,0.78125,5.078125,,,,,,,,,,,,,1.54287,25,-3.7109375,0,0.78125,5.078125,39,14.7,1,
739,2026-09-02,13:56:00.10275,85.90958,,1000,0,,0,11.5625,775,27.4509803921569,0,19,14.6,-40,,0.78125,5.078125,,,,,,,,,,,,,1.66005,25,-3.7109375,0,0.78125,5.078125,39,14.7,0,
740,2026-09-02,13:56:00.19700,86.00948,,1000,0,,0,11.875,775,27.4509803921569,0,20,14.5,-40,,0.78125,5.078125,,,,,,,,,,,,,1.60146,25,-3.7109375,0,0.78125,5.078125,39,14.7,1,
741,2026-09-02,13:56:00.32199,86.13976,,1031.25,0,,0,11.875,775,27.4509803921569,0,19,14.7,-40,,0.78125,5.078125,,,,,,,,,,,,,1.58193,25,-3.90625,0,0.78125,5.078125,39,14.7,1,
742,2026-09-02,13:56:00.43140,86.24961,,1000,0,,0,11.5625,775,27.4509803921569,0,19,14.6,-40,,0.78125,5.078125,,,,,,,,,,,,,1.58193,25,-3.90625,0,0.78125,5.078125,39,14.7,1,
743,2026-09-02,13:56:00.55690,86.374,,1000,0,,0,11.5625,775,27.4509803921569,0,20,14.8,-40,,0.78125,5.078125,,,,,,,,,,,,,1.60146,25,-3.90625,0,0.78125,5.078125,39,14.7,0,
744,2026-09-02,13:56:00.66625,86.47899,,1000,0,,0,11.875,775,27.4509803921569,0,19,14.8,-40,,0.78125,5.078125,,,,,,,,,,,,,1.5624,25,-3.90625,0,0.78125,5.078125,38,14.7,4,
745,2026-09-02,13:56:00.77616,86.58665,,1000,0,,0,11.875,774,27.4509803921569,0,19,14.7,-40,,0.78125,5.078125,,,,,,,,,,,,,1.66005,25,-4.1015625,0,0.78125,5.078125,39,14.7,2,
746,2026-09-02,13:56:00.90112,86.7133,,1000,0,,0,11.875,774,27.4509803921569,0,19,14.6,-40,,0.78125,5.078125,,,,,,,,,,,,,1.54287,25,-4.1015625,0,0.78125,5.078125,39,14.7,2,
747,2026-09-02,13:56:00.99488,86.81317,,1000,0,,0,11.875,775,27.4509803921569,0,22,14.9,-40,,0.78125,5.078125,,,,,,,,,,,,,1.60146,25,-4.1015625,0,0.78125,5.078125,39,14.7,1,
748,2026-09-02,13:56:01.13544,86.93856,,1000,0,,0,11.875,774,27.843137254902,0,23,14.7,-40,,0.78125,5.078125,,,,,,,,,,,,,1.58193,25,-4.1015625,0,0.78125,5.078125,39,14.7,3,
749,2026-09-02,13:56:01.24545,87.06297,,1000,0,,0,11.875,775,27.843137254902,0,20,14.7,-40,,0.78125,5.078125,,,,,,,,,,,,,1.64052,25,-3.90625,0,0.78125,5.078125,39,14.7,2,
750,2026-09-02,13:56:01.35489,87.16824,,1000,0,,0,11.5625,775,27.4509803921569,0,19,14.9,-40,,0.78125,5.078125,,,,,,,,,,,,,1.5624,25,-3.90625,0,0.78125,5.078125,38,14.7,2,
751,2026-09-02,13:56:01.46461,87.27269,,1000,0,,0,11.5625,775,27.4509803921569,0,19,14.9,-40,,0.78125,5.078125,,,,,,,,,,,,,1.66005,25,-3.90625,0,0.78125,5.078125,38,14.7,2,
752,2026-09-02,13:56:01.57395,87.38227,,1000,0,,0,11.875,775,27.843137254902,0,19,14.7,-40,,0.78125,5.078125,,,,,,,,,,,,,1.5624,25,-3.90625,0,0.78125,5.078125,38,14.7,1,
753,2026-09-02,13:56:01.71511,87.52488,,1000,0,,0,11.875,774,27.843137254902,0,20,14.9,-40,,0.78125,5.078125,,,,,,,,,,,,,1.5624,25,-3.7109375,0,0.78125,5.078125,39,14.7,2,
754,2026-09-02,13:56:01.85568,87.6674,,1000,0,,0,11.875,775,27.843137254902,0,19,15,-40,,0.78125,5.078125,,,,,,,,,,,,,1.5624,25,-3.7109375,0,0.78125,5.078125,38,14.7,2,
755,2026-09-02,13:56:01.98115,87.79678,,1000,0,,0,11.875,775,27.843137254902,0,20,14.7,-40,,0.78125,5.078125,,,,,,,,,,,,,1.60146,25,-3.7109375,0,0.78125,5.078125,38,14.7,3,
756,2026-09-02,13:56:02.12202,87.92988,,1000,0,,0,11.875,775,27.843137254902,0,19,14.6,-40,,0.78125,5.078125,,,,,,,,,,,,,1.66005,25,-3.515625,0,0.78125,5.078125,38,14.7,4,
757,2026-09-02,13:56:02.23199,88.03655,,1000,0,,0,11.875,775,27.843137254902,0,19,14.7,-40,,0.78125,5.078125,,,,,,,,,,,,,1.5624,25,-3.515625,0,0.78125,5.078125,38,14.7,2,
758,2026-09-02,13:56:02.35699,88.16648,,1000,0,,0,11.875,776,27.843137254902,0,19,14.7,-40,,0.78125,5.078125,,,,,,,,,,,,,1.60146,25,-3.515625,0,0.78125,5.078125,38,14.7,1,
759,2026-09-02,13:56:02.46625,88.27349,,1000,0,,0,11.875,775,27.843137254902,0,19,14.7,-40,,0.78125,5.078125,,,,,,,,,,,,,1.54287,25,-3.515625,0,0.78125,5.078125,38,14.7,2,
760,2026-09-02,13:56:02.60696,88.41094,,1000,0,,0,11.875,775,27.843137254902,0,20,14.5,-40,,0.78125,5.078125,,,,,,,,,,,,,1.58193,25,-3.3203125,0,0.78125,5.078125,38,14.7,5,
761,2026-09-02,13:56:02.70098,88.51566,,1000,0,,0,11.875,775,27.843137254902,0,19,14.5,-40,,0.78125,5.078125,,,,,,,,,,,,,1.58193,25,-3.3203125,0,0.78125,5.078125,38,14.7,2,
762,2026-09-02,13:56:02.81041,88.62057,,1000,0,,0,11.875,775,27.843137254902,0,19,14.7,-40,,0.78125,5.078125,,,,,,,,,,,,,1.66005,25,-3.3203125,0,0.78125,5.078125,38,14.7,0,
763,2026-09-02,13:56:02.91988,88.73563,,1000,0,,0,11.875,774,27.843137254902,0,19,14.5,-40,,0.78125,5.078125,,,,,,,,,,,,,1.67958,25,-3.3203125,0,0.78125,5.078125,38,14.7,0,
764,2026-09-02,13:56:03.03001,88.8399,,1000,0,,0,11.875,775,27.843137254902,0,19,14.5,-40,,0.78125,5.078125,,,,,,,,,,,,,1.5624,25,-3.3203125,0,0.78125,5.078125,38,14.7,2,
765,2026-09-02,13:56:03.15499,88.97026,,1000,0,,0,11.875,775,27.843137254902,0,19,14.5,-40,,0.78125,5.078125,,,,,,,,,,,,,1.64052,25,-3.125,0,0.78125,5.078125,38,14.7,1,
766,2026-09-02,13:56:03.28014,89.08785,,1000,0,,0,11.875,775,27.843137254902,0,19,14.5,-40,,0.78125,5.078125,,,,,,,,,,,,,1.58193,25,-3.125,0,0.78125,5.078125,38,14.7,1,
767,2026-09-02,13:56:03.38980,89.19486,,1000,0,,0,11.875,775,27.843137254902,0,19,14.5,-40,,0.78125,5.078125,,,,,,,,,,,,,1.5624,25,-3.125,0,0.78125,5.078125,38,14.7,2,
768,2026-09-02,13:56:03.49964,89.30761,,1000,0,,0,11.875,775,27.843137254902,0,19,14.8,-40,,0.78125,5.078125,,,,,,,,,,,,,1.66005,25,-3.125,0,0.78125,5.078125,38,14.7,1,
769,2026-09-02,13:56:03.59294,89.40952,,1000,0,,0,11.875,775,27.843137254902,0,19,14.4,-40,,0.78125,5.078125,,,,,,,,,,,,,1.60146,25,-2.9296875,0,0.78125,5.078125,38,14.7,2,
770,2026-09-02,13:56:03.70285,89.51936,,1000,0,,0,11.875,775,27.843137254902,0,18,14.4,-40,,0.78125,5.078125,,,,,,,,,,,,,1.60146,25,-2.9296875,0,0.78125,5.078125,37,14.7,2,
771,2026-09-02,13:56:03.82787,89.63924,,1031.25,0,,0,11.875,775,27.843137254902,0,18,14.4,-40,,0.78125,5.078125,,,,,,,,,,,,,1.64052,25,-2.9296875,0,0.78125,5.078125,38,14.7,2,
772,2026-09-02,13:56:03.95301,89.76894,,1031.25,0,,0,11.5625,775,27.843137254902,0,18,14.4,-40,,0.78125,5.078125,,,,,,,,,,,,,1.66005,25,-2.9296875,0,0.78125,5.078125,38,14.7,2,
773,2026-09-02,13:56:04.06226,89.87901,,1031.25,0,,0,11.875,774,27.843137254902,0,18,14.5,-40,,0.78125,5.078125,,,,,,,,,,,,,1.5624,25,-2.9296875,0,0.78125,5.078125,38,14.7,4,
774,2026-09-02,13:56:04.17155,89.98839,,1000,0,,0,11.875,775,27.843137254902,0,19,14.5,-40,,0.78125,5.078125,,,,,,,,,,,,,1.66005,25,-3.125,0,0.78125,5.078125,37,14.7,4,
775,2026-09-02,13:56:04.28199,90.09318,,1031.25,0,,0,11.875,775,27.843137254902,0,18,14.3,-40,,0.78125,5.078125,,,,,,,,,,,,,1.64052,25,-3.125,0,0.78125,5.078125,37,14.7,3,
776,2026-09-02,13:56:04.39115,90.20828,,1000,0,,0,11.875,775,27.843137254902,0,19,14.4,-40,,0.78125,5.078125,,,,,,,,,,,,,1.62099,25,-3.125,0,0.78125,5.078125,38,14.7,2,
777,2026-09-02,13:56:04.53281,90.34023,,1000,0,,0,11.875,774,27.843137254902,0,19,14.4,-40,,0.78125,5.078125,,,,,,,,,,,,,1.5624,25,-3.125,0,0.78125,5.078125,37,14.7,3,
778,2026-09-02,13:56:04.64200,90.45784,,1031.25,0,,0,11.875,775,27.843137254902,0,18,14.6,-40,,0.78125,5.078125,,,,,,,,,,,,,1.64052,25,-3.3203125,0,0.78125,5.078125,37,14.7,4,
779,2026-09-02,13:56:04.75176,90.56763,,1000,0,,0,11.5625,775,27.4509803921569,0,18,14.6,-40,,0.78125,5.078125,,,,,,,,,,,,,1.58193,25,-3.3203125,0,0.78125,5.078125,37,14.7,3,
780,2026-09-02,13:56:04.86103,90.66752,,1000,0,,0,11.5625,775,27.4509803921569,0,18,14.5,-40,,0.78125,5.078125,,,,,,,,,,,,,1.64052,25,-3.3203125,0,0.78125,5.078125,37,14.7,4,
781,2026-09-02,13:56:04.98683,90.79675,,1000,0,,0,11.5625,775,27.4509803921569,0,18,14.5,-40,,0.78125,5.078125,,,,,,,,,,,,,1.5624,25,-3.3203125,0,0.78125,5.078125,37,14.7,7,
782,2026-09-02,13:56:05.11152,90.92241,,1000,0,,0,11.875,774,27.843137254902,0,18,14.5,-40,,0.78125,5.078125,,,,,,,,,,,,,1.66005,25,-3.515625,0,0.78125,5.078125,37,14.7,2,
783,2026-09-02,13:56:05.22170,91.03107,,1000,0,,0,11.875,775,27.843137254902,0,19,14.5,-40,,0.78125,5.078125,,,,,,,,,,,,,1.64052,25,-3.515625,0,0.78125,5.078125,37,14.7,5,
784,2026-09-02,13:56:05.34673,91.15399,,1000,0,,0,11.875,776,27.843137254902,0,18,14.7,-40,,0.78125,5.078125,,,,,,,,,,,,,1.60146,25,-3.515625,0,0.78125,5.078125,37,14.7,5,
785,2026-09-02,13:56:05.48803,91.29615,,968.75,0,,0,11.875,775,27.843137254902,0,21,14.6,-40,,0.78125,5.078125,,,,,,,,,,,,,1.5624,25,-3.515625,0,0.78125,5.078125,37,14.7,4,
786,2026-09-02,13:56:05.59723,91.40609,,968.75,0,,0,11.875,775,27.843137254902,0,19,14.6,-40,,0.78125,5.078125,,,,,,,,,,,,,1.5624,25,-3.7109375,0,0.78125,5.078125,37,14.7,1,
787,2026-09-02,13:56:05.70669,91.51073,,1000,0,,0,11.875,775,27.843137254902,0,20,14.8,-40,,0.78125,5.078125,,,,,,,,,,,,,1.66005,25,-3.7109375,0,0.78125,5.078125,37,14.7,5,
788,2026-09-02,13:56:05.81599,91.63083,,1000,0,,0,11.875,776,27.843137254902,0,19,14.7,-40,,0.78125,5.078125,,,,,,,,,,,,,1.66005,25,-3.7109375,0,0.78125,5.078125,37,14.7,4,
789,2026-09-02,13:56:05.92518,91.73049,,1000,0,,0,11.875,775,27.843137254902,0,19,14.6,-40,,0.78125,5.078125,,,,,,,,,,,,,1.5624,25,-3.7109375,0,0.78125,5.078125,37,14.7,0,
790,2026-09-02,13:56:06.05139,91.86062,,1000,0,,0,11.875,774,27.843137254902,0,20,14.9,-40,,0.78125,5.078125,,,,,,,,,,,,,1.67958,25,-3.7109375,0,0.78125,5.078125,37,14.7,0,
791,2026-09-02,13:56:06.16033,91.96751,,1000,0,,0,11.875,775,27.843137254902,0,20,14.6,-40,,0.78125,5.078125,,,,,,,,,,,,,1.66005,25,-3.7109375,0,0.78125,5.078125,37,14.7,0,
792,2026-09-02,13:56:06.28574,92.09224,,1000,0,,0,11.875,775,27.843137254902,0,19,14.7,-40,,0.78125,5.078125,,,,,,,,,,,,,1.64052,25,-3.7109375,0,0.78125,5.078125,37,14.7,2,
793,2026-09-02,13:56:06.37942,92.18986,,1000,0,,0,11.875,775,27.843137254902,0,18,14.6,-40,,0.78125,5.078125,,,,,,,,,,,,,1.54287,25,-3.7109375,0,0.78125,5.078125,37,14.7,1,
794,2026-09-02,13:56:06.50549,92.31441,,1000,0,,0,11.875,775,27.843137254902,0,18,14.6,-40,,0.78125,5.078125,,,,,,,,,,,,,1.66005,25,-3.515625,0,0.78125,5.078125,37,14.7,3,
795,2026-09-02,13:56:06.61481,92.42187,,1000,0,,0,11.875,775,27.843137254902,0,19,14.7,-40,,0.78125,5.078125,,,,,,,,,,,,,1.64052,25,-3.515625,0,0.78125,5.078125,37,14.7,2,
796,2026-09-02,13:56:06.70874,92.52476,,1000,0,,0,11.875,775,27.843137254902,0,19,14.7,-40,,0.78125,5.078125,,,,,,,,,,,,,1.5624,25,-3.515625,0,0.78125,5.078125,37,14.7,2,
797,2026-09-02,13:56:06.83402,92.63907,,1000,0,,0,11.875,774,27.843137254902,0,19,14.6,-40,,0.78125,5.078125,,,,,,,,,,,,,1.64052,25,-3.515625,0,0.78125,5.078125,37,14.7,1,
798,2026-09-02,13:56:06.95929,92.76912,,1000,0,,0,11.875,775,27.843137254902,0,18,14.6,-40,,0.78125,5.078125,,,,,,,,,,,,,1.66005,25,-3.515625,0,0.78125,5.078125,36,14.7,2,
799,2026-09-02,13:56:07.08432,92.89846,,1000,0,,0,11.875,774,27.843137254902,0,18,14.5,-40,,0.78125,5.078125,,,,,,,,,,,,,1.58193,25,-3.3203125,0,0.78125,5.078125,36,14.7,1,
800,2026-09-02,13:56:07.19369,93.00819,,1000,0,,0,11.875,775,27.843137254902,0,18,14.5,-40,,0.78125,5.078125,,,,,,,,,,,,,1.5624,25,-3.3203125,0,0.78125,5.078125,36,14.7,1,
801,2026-09-02,13:56:07.30389,93.11861,,1000,0,,0,11.875,775,27.843137254902,0,20,14.6,-40,,0.78125,5.078125,,,,,,,,,,,,,1.66005,25,-3.3203125,0,0.78125,5.078125,36,14.7,1,
802,2026-09-02,13:56:07.41314,93.22316,,1000,0,,0,11.875,775,27.843137254902,0,18,14.4,-40,,0.78125,5.078125,,,,,,,,,,,,,1.58193,25,-3.3203125,0,0.78125,5.078125,36,14.7,1,
803,2026-09-02,13:56:07.52279,93.33326,,1000,0,,0,11.875,775,27.843137254902,0,18,14.4,-40,,0.78125,5.078125,,,,,,,,,,,,,1.66005,25,-3.125,0,0.78125,5.078125,36,14.7,1,
804,2026-09-02,13:56:07.63232,93.44042,,1000,0,,0,11.875,775,27.843137254902,0,18,14.6,-40,,0.78125,5.078125,,,,,,,,,,,,,1.64052,25,-3.125,0,0.78125,5.078125,36,14.7,3,
805,2026-09-02,13:56:07.75795,93.56539,,1000,0,,0,11.875,775,27.843137254902,0,19,14.4,-40,,0.78125,5.078125,,,,,,,,,,,,,1.58193,25,-3.125,0,0.78125,5.078125,36,14.7,2,
806,2026-09-02,13:56:07.89868,93.70216,,1000,0,,0,11.875,775,27.843137254902,0,18,14.6,-40,,0.78125,5.078125,,,,,,,,,,,,,1.64052,25,-3.3203125,0,0.78125,5.078125,36,14.7,2,
807,2026-09-02,13:56:07.99251,93.80251,,1000,0,,0,11.875,775,27.843137254902,0,18,14.4,-40,,0.78125,5.078125,,,,,,,,,,,,,1.66005,25,-3.3203125,0,0.78125,5.078125,36,14.7,1,
808,2026-09-02,13:56:08.10216,93.9122,,1000,0,,0,11.875,775,27.843137254902,0,18,14.4,-40,,0.78125,5.078125,,,,,,,,,,,,,1.5624,25,-3.3203125,0,0.78125,5.078125,36,14.7,2,
809,2026-09-02,13:56:08.22747,94.03711,,1000,0,,0,11.875,774,27.843137254902,0,19,14.4,-40,,0.78125,5.078125,,,,,,,,,,,,,1.66005,25,-3.3203125,0,0.78125,5.078125,36,14.7,0,
810,2026-09-02,13:56:08.35290,94.16684,,1000,0,,0,11.875,775,28.2352941176471,0,19,14.4,-40,,0.78125,5.078125,,,,,,,,,,,,,1.66005,25,-3.515625,0,0.78125,5.078125,36,14.7,1,
811,2026-09-02,13:56:08.46240,94.27677,,1000,0,,0,11.875,774,28.2352941176471,0,18,14.7,-40,,0.78125,5.078125,,,,,,,,,,,,,1.5624,25,-3.515625,0,0.78125,5.078125,36,14.7,0,
812,2026-09-02,13:56:08.58786,94.39612,,1000,0,,0,11.875,774,27.843137254902,0,18,14.7,-40,,0.78125,5.078125,,,,,,,,,,,,,1.54287,25,-3.515625,0,0.78125,5.078125,36,14.7,2,
813,2026-09-02,13:56:08.69713,94.50322,,1000,0,,0,11.875,775,28.2352941176471,0,18,14.6,-40,,0.78125,5.078125,,,,,,,,,,,,,1.62099,25,-3.515625,0,0.78125,5.078125,36,14.7,1,
814,2026-09-02,13:56:08.79071,94.60629,,1000,0,,0,11.875,774,28.2352941176471,0,18,14.7,-40,,0.78125,5.078125,,,,,,,,,,,,,1.5624,25,-3.7109375,0,0.78125,5.078125,36,14.7,3,
815,2026-09-02,13:56:08.89990,94.71106,,1000,0,,0,11.875,775,28.2352941176471,0,18,14.6,-40,,0.78125,5.078125,,,,,,,,,,,,,1.64052,25,-3.7109375,0,0.78125,5.078125,36,14.7,0,
816,2026-09-02,13:56:09.01020,94.82598,,1000,0,,0,11.875,775,28.2352941176471,0,18,14.6,-40,,0.78125,5.078125,,,,,,,,,,,,,1.54287,25,-3.7109375,0,0.78125,5.078125,36,14.7,2,
817,2026-09-02,13:56:09.11959,94.93572,,1000,0,,0,11.875,775,28.2352941176471,0,18,14.7,-40,,0.78125,5.078125,,,,,,,,,,,,,1.60146,25,-3.7109375,0,0.78125,5.078125,36,14.7,0,
818,2026-09-02,13:56:09.22963,95.03793,,1000,0,,0,11.875,775,28.2352941176471,0,18,14.8,-40,,0.78125,5.078125,,,,,,,,,,,,,1.66005,25,-3.7109375,0,0.78125,5.078125,36,14.7,1,
819,2026-09-02,13:56:09.37038,95.1847,,1000,0,,0,11.875,776,27.843137254902,0,17,14.7,-40,,0.78125,5.078125,,,,,,,,,,,,,1.62099,25,-3.7109375,0,0.78125,5.078125,36,14.7,2,
820,2026-09-02,13:56:09.49584,95.30513,,1000,0,,0,11.875,774,28.2352941176471,0,19,14.8,-40,,0.78125,5.078125,,,,,,,,,,,,,1.58193,25,-3.7109375,0,0.78125,5.078125,36,14.7,0,
821,2026-09-02,13:56:09.62104,95.43494,,1000,0,,0,11.875,775,28.2352941176471,0,18,14.7,-40,,0.78125,5.078125,,,,,,,,,,,,,1.58193,25,-3.515625,0,0.78125,5.078125,36,14.7,1,
822,2026-09-02,13:56:09.73026,95.5394,,1000,0,,0,11.875,775,28.2352941176471,0,18,14.7,-40,,0.78125,5.078125,,,,,,,,,,,,,1.64052,25,-3.515625,0,0.78125,5.078125,36,14.7,1,
823,2026-09-02,13:56:09.85534,95.66406,,1000,0,,0,11.875,775,28.2352941176471,0,18,14.9,-40,,0.78125,5.078125,,,,,,,,,,,,,1.66005,25,-3.515625,0,0.78125,5.078125,35,14.7,1,
824,2026-09-02,13:56:09.94891,95.76409,,1000,0,,0,11.875,775,28.2352941176471,0,17,14.5,-40,,0.78125,5.078125,,,,,,,,,,,,,1.58193,25,-3.515625,0,0.78125,5.078125,36,14.7,2,
825,2026-09-02,13:56:10.05893,95.86843,,1000,0,,0,11.875,775,27.843137254902,0,18,14.6,-40,,0.78125,5.078125,,,,,,,,,,,,,1.64052,25,-3.3203125,0,0.78125,5.078125,35,14.7,1,
826,2026-09-02,13:56:10.18407,95.99866,,1000,0,,0,11.875,775,27.843137254902,0,17,14.5,-40,,0.78125,5.078125,,,,,,,,,,,,,1.54287,25,-3.3203125,0,0.78125,5.078125,35,14.7,1,
827,2026-09-02,13:56:10.30939,96.12375,,1000,0,,0,11.875,774,27.843137254902,0,18,14.5,-40,,0.78125,5.078125,,,,,,,,,,,,,1.60146,25,-3.3203125,0,0.78125,5.078125,35,14.7,0,
828,2026-09-02,13:56:10.43484,96.24802,,1000,0,,0,11.875,775,27.843137254902,0,17,14.6,-40,,0.78125,5.078125,,,,,,,,,,,,,1.66005,25,-3.3203125,0,0.78125,5.078125,35,14.7,1,
829,2026-09-02,13:56:10.55967,96.3734,,1000,0,,0,11.875,775,28.2352941176471,0,18,14.4,-40,,0.78125,5.078125,,,,,,,,,,,,,1.66005,25,-3.125,0,0.78125,5.078125,35,14.7,2,
830,2026-09-02,13:56:10.68464,96.48784,,1000,0,,0,11.875,775,28.2352941176471,0,17,14.6,-40,,0.78125,5.078125,,,,,,,,,,,,,1.54287,25,-3.125,0,0.78125,5.078125,35,14.7,2,
831,2026-09-02,13:56:10.79454,96.60795,,1000,0,,0,11.875,774,27.843137254902,0,17,14.3,-40,,0.78125,5.078125,,,,,,,,,,,,,1.5624,25,-3.125,0,0.78125,5.078125,35,14.7,1,
832,2026-09-02,13:56:10.93519,96.7472,,1000,0,,0,11.875,775,27.843137254902,0,17,14.4,-40,,0.78125,5.078125,,,,,,,,,,,,,1.58193,25,-3.125,0,0.78125,5.078125,35,14.7,0,
833,2026-09-02,13:56:11.04513,96.85484,,1000,0,,0,11.875,774,27.843137254902,0,17,14.3,-40,,0.78125,5.078125,,,,,,,,,,,,,1.62099,25,-3.125,0,0.78125,5.078125,35,14.7,1,
834,2026-09-02,13:56:11.15449,96.96238,,1000,0,,0,11.875,775,27.843137254902,0,18,14.4,-40,,0.78125,5.078125,,,,,,,,,,,,,1.64052,25,-3.3203125,0,0.78125,5.078125,35,14.7,3,
835,2026-09-02,13:56:11.26389,97.07217,,1000,0,,0,11.875,775,27.843137254902,0,18,14.4,-40,,0.78125,5.078125,,,,,,,,,,,,,1.64052,25,-3.3203125,0,0.78125,5.078125,35,14.7,0,
836,2026-09-02,13:56:11.37365,97.17702,,1000,0,,0,11.875,775,27.843137254902,0,18,14.3,-40,,0.78125,5.078125,,,,,,,,,,,,,1.54287,25,-3.3203125,0,0.78125,5.078125,35,14.7,1,
837,2026-09-02,13:56:11.46801,97.28632,,1000,0,,0,11.875,775,27.843137254902,0,18,14.5,-40,,0.78125,5.078125,,,,,,,,,,,,,1.62099,25,-3.3203125,0,0.78125,5.078125,35,14.7,0,
838,2026-09-02,13:56:11.60864,97.41584,,1000,0,,0,11.875,775,27.843137254902,0,18,14.5,-40,,0.78125,5.078125,,,,,,,,,,,,,1.60146,25,-3.515625,0,0.78125,5.078125,35,14.7,2,
839,2026-09-02,13:56:11.73414,97.54381,,968.75,0,,0,11.875,775,27.843137254902,0,19,14.4,-40,,0.78125,5.078125,,,,,,,,,,,,,1.58193,25,-3.515625,0,0.78125,5.078125,35,14.7,2,
840,2026-09-02,13:56:11.85902,97.6684,,1000,0,,0,11.875,774,27.843137254902,0,18,14.6,-40,,0.78125,5.078125,,,,,,,,,,,,,1.60146,25,-3.515625,0,0.78125,5.078125,35,14.7,1,
841,2026-09-02,13:56:12.00043,97.81588,,968.75,0,,0,11.875,775,27.843137254902,0,19,14.5,-40,,0.78125,5.078125,,,,,,,,,,,,,1.62099,25,-3.515625,0,0.78125,5.078125,35,14.7,2,
842,2026-09-02,13:56:12.12542,97.94087,,1000,0,,0,11.875,775,27.843137254902,0,19,14.5,-40,,0.78125,5.078125,,,,,,,,,,,,,1.64052,25,-3.7109375,0,0.78125,5.078125,35,14.7,4,
843,2026-09-02,13:56:12.25123,98.05537,,1000,0,,0,11.875,774,27.843137254902,0,18,14.6,-40,,0.78125,5.078125,,,,,,,,,,,,,1.62099,25,-3.7109375,0,0.78125,5.078125,35,14.7,2,
844,2026-09-02,13:56:12.34474,98.16051,,1000,0,,0,11.875,775,27.843137254902,0,19,14.6,-40,,0.78125,5.078125,,,,,,,,,,,,,1.66005,25,-3.7109375,0,0.78125,5.078125,35,14.7,2,
845,2026-09-02,13:56:12.46974,98.28503,,1000,0,,0,11.875,775,27.843137254902,0,18,14.6,-40,,0.78125,5.078125,,,,,,,,,,,,,1.54287,25,-3.7109375,0,0.78125,5.078125,35,14.7,2,
846,2026-09-02,13:56:12.57890,98.39541,,1000,0,,0,11.875,775,28.2352941176471,0,18,14.8,-40,,0.78125,5.078125,,,,,,,,,,,,,1.5624,25,-3.90625,0,0.78125,5.078125,35,14.7,5,
847,2026-09-02,13:56:12.70385,98.51318,,968.75,0,,0,11.875,774,27.843137254902,0,19,14.5,-40,,0.78125,5.078125,,,,,,,,,,,,,1.60146,25,-3.90625,0,0.78125,5.078125,34,14.7,5,
848,2026-09-02,13:56:12.84547,98.65973,,1000,0,,0,11.875,775,27.843137254902,0,18,14.7,-40,,0.78125,5.078125,,,,,,,,,,,,,1.60146,25,-3.90625,0,0.78125,5.078125,35,14.7,4,
849,2026-09-02,13:56:12.97102,98.78936,,1000,0,,0,11.875,775,28.2352941176471,0,18,14.8,-40,,0.78125,5.078125,,,,,,,,,,,,,1.66005,25,-3.90625,0,0.78125,5.078125,35,14.7,1,
850,2026-09-02,13:56:13.08042,98.89426,,1000,0,,0,11.875,775,28.2352941176471,0,18,14.7,-40,,0.78125,5.078125,,,,,,,,,,,,,1.64052,25,-3.90625,0,0.78125,5.078125,34,14.7,2,
851,2026-09-02,13:56:13.22143,99.03846,,1000,0,,0,11.875,775,28.2352941176471,0,18,14.9,-40,,0.78125,5.078125,,,,,,,,,,,,,1.64052,25,-3.7109375,0,0.78125,5.078125,34,14.7,3,
852,2026-09-02,13:56:13.34648,99.15408,,1000,0,,0,11.875,774,28.2352941176471,0,17,14.9,-40,,0.78125,5.078125,,,,,,,,,,,,,1.58193,25,-3.7109375,0,0.78125,5.078125,34,14.7,1,
853,2026-09-02,13:56:13.45577,99.27374,,1000,0,,0,11.875,775,27.843137254902,0,17,14.8,-40,,0.78125,5.078125,,,,,,,,,,,,,1.5624,25,-3.7109375,0,0.78125,5.078125,34,14.7,2,
854,2026-09-02,13:56:13.56567,99.37864,,1000,0,,0,11.875,774,28.2352941176471,0,18,14.8,-40,,0.78125,5.078125,,,,,,,,,,,,,1.62099,25,-3.7109375,0,0.78125,5.078125,34,14.7,4,
855,2026-09-02,13:56:13.69063,99.50839,,1000,0,,0,11.875,775,28.2352941176471,0,18,14.7,-40,,0.78125,5.078125,,,,,,,,,,,,,1.60146,25,-3.515625,0,0.78125,5.078125,34,14.7,3,
856,2026-09-02,13:56:13.83194,99.64042,,1000,0,,0,11.875,775,28.2352941176471,0,18,14.8,-40,,0.78125,5.078125,,,,,,,,,,,,,1.62099,25,-3.515625,0,0.78125,5.078125,34,14.7,0,
857,2026-09-02,13:56:13.94117,99.75793,,1000,0,,0,11.875,775,28.2352941176471,0,18,14.9,-40,,0.78125,5.078125,,,,,,,,,,,,,1.58193,25,-3.515625,0,0.78125,5.078125,34,14.7,1,
858,2026-09-02,13:56:14.08170,99.89757,,1000,0,,0,11.875,775,28.2352941176471,0,18,14.7,-40,,0.78125,5.078125,,,,,,,,,,,,,1.5624,25,-3.515625,0,0.78125,5.078125,34,14.7,1,
859,2026-09-02,13:56:14.20690,100.0225,,1000,0,,0,11.875,775,28.2352941176471,0,18,14.6,-40,,0.78125,5.078125,,,,,,,,,,,,,1.54287,25,-3.3203125,0,0.78125,5.078125,34,14.7,1,
860,2026-09-02,13:56:14.31727,100.13212,,1000,0,,0,11.875,775,28.2352941176471,0,18,14.6,-40,,0.78125,5.078125,,,,,,,,,,,,,1.62099,25,-3.3203125,0,0.78125,5.078125,34,14.7,1,
861,2026-09-02,13:56:14.42629,100.24224,,1000,0,,0,11.875,775,28.2352941176471,0,18,14.4,-40,,0.78125,5.078125,,,,,,,,,,,,,1.66005,25,-3.3203125,0,0.78125,5.078125,34,14.7,2,
862,2026-09-02,13:56:14.53659,100.35214,,1000,0,,0,11.875,775,28.2352941176471,0,18,14.4,-40,,0.78125,5.078125,,,,,,,,,,,,,1.60146,25,-3.3203125,0,0.78125,5.078125,34,14.7,3,
863,2026-09-02,13:56:14.64594,100.45679,,1000,0,,0,11.875,774,28.2352941176471,0,18,14.4,-40,,0.78125,5.078125,,,,,,,,,,,,,1.66005,25,-3.125,0,0.78125,5.078125,34,14.7,3,
864,2026-09-02,13:56:14.78684,100.59414,,1000,0,,0,11.875,774,28.2352941176471,0,18,14.5,-40,,0.78125,5.078125,,,,,,,,,,,,,1.54287,25,-3.125,0,0.78125,5.078125,34,14.7,4,
865,2026-09-02,13:56:14.88062,100.69604,,1000,0,,0,11.875,775,28.2352941176471,0,18,14.3,-40,,0.78125,5.078125,,,,,,,,,,,,,1.64052,25,-3.125,0,0.78125,5.078125,34,14.7,1,
866,2026-09-02,13:56:14.99081,100.80626,,1000,0,,0,11.875,775,28.2352941176471,0,18,14.4,-40,,0.78125,5.078125,,,,,,,,,,,,,1.5624,25,-3.3203125,0,0.78125,5.078125,34,14.7,3,
867,2026-09-02,13:56:15.09991,100.91084,,1000,0,,0,11.875,775,27.843137254902,0,17,14.5,-40,,0.78125,5.078125,,,,,,,,,,,,,1.66005,25,-3.3203125,0,0.78125,5.078125,34,14.7,3,
868,2026-09-02,13:56:15.24080,101.05099,,1000,0,,0,11.875,774,27.843137254902,0,18,14.4,-40,,0.78125,5.078125,,,,,,,,,,,,,1.66005,25,-3.3203125,0,0.78125,5.078125,34,14.7,4,
869,2026-09-02,13:56:15.36582,101.17047,,1000,0,,0,11.875,775,28.2352941176471,0,18,14.5,-40,,0.78125,5.078125,,,,,,,,,,,,,1.60146,25,-3.3203125,0,0.78125,5.078125,34,14.7,2,
870,2026-09-02,13:56:15.49170,101.29554,,1000,0,,0,11.875,775,28.2352941176471,0,18,14.3,-40,,0.78125,5.078125,,,,,,,,,,,,,1.62099,25,-3.515625,0,0.78125,5.078125,34,14.7,2,
871,2026-09-02,13:56:15.60106,101.41001,,968.75,0,,0,11.875,775,28.2352941176471,0,19,14.4,-40,,0.78125,5.078125,,,,,,,,,,,,,1.58193,25,-3.515625,0,0.78125,5.078125,34,14.7,3,
872,2026-09-02,13:56:15.72614,101.54003,,1000,0,,0,11.875,775,28.2352941176471,0,18,14.6,-40,,0.78125,5.078125,,,,,,,,,,,,,1.62099,25,-3.515625,0,0.78125,5.078125,34,14.7,3,
873,2026-09-02,13:56:15.86676,101.66991,,1000,0,,0,11.875,775,28.2352941176471,0,18,14.5,-40,,0.78125,5.078125,,,,,,,,,,,,,1.60146,25,-3.515625,0,0.78125,5.078125,33,14.7,1,
874,2026-09-02,13:56:15.96049,101.76908,,1000,0,,0,11.875,775,27.843137254902,0,17,14.7,-40,,0.78125,5.078125,,,,,,,,,,,,,1.54287,25,-3.7109375,0,0.78125,5.078125,34,14.7,5,
875,2026-09-02,13:56:16.08599,101.8989,,1000,0,,0,11.875,774,27.843137254902,0,17,14.6,-40,,0.78125,5.078125,,,,,,,,,,,,,1.66005,25,-3.7109375,0,0.78125,5.078125,34,14.7,4,
876,2026-09-02,13:56:16.19539,102.0038,,1000,0,,0,11.875,774,27.843137254902,0,18,14.6,-40,,0.78125,5.078125,,,,,,,,,,,,,1.62099,25,-3.7109375,0,0.78125,5.078125,33,14.7,5,
877,2026-09-02,13:56:16.30522,102.10849,,1000,0,,0,11.875,775,27.843137254902,0,18,14.8,-40,,0.78125,5.078125,,,,,,,,,,,,,1.54287,25,-3.7109375,0,0.78125,5.078125,33,14.7,3,
878,2026-09-02,13:56:16.39895,102.21358,,1000,0,,0,11.875,775,27.843137254902,0,17,14.7,-40,,0.78125,5.078125,,,,,,,,,,,,,1.64052,25,-3.7109375,0,0.78125,5.078125,34,14.7,0,
879,2026-09-02,13:56:16.50884,102.31837,,1000,0,,0,11.875,775,27.843137254902,0,17,14.6,-40,,0.78125,5.078125,,,,,,,,,,,,,1.54287,25,-3.7109375,0,0.78125,5.078125,33,14.7,4,
880,2026-09-02,13:56:16.64949,102.46332,,1000,0,,0,11.875,775,27.843137254902,0,17,14.7,-40,,0.78125,5.078125,,,,,,,,,,,,,1.64052,25,-3.7109375,0,0.78125,5.078125,33,14.7,3,
881,2026-09-02,13:56:16.77494,102.59282,,1000,0,,0,11.875,774,27.843137254902,0,18,14.7,-40,,0.78125,5.078125,,,,,,,,,,,,,1.66005,25,-3.515625,0,0.78125,5.078125,33,14.7,5,
882,2026-09-02,13:56:16.88435,102.69778,,968.75,0,,0,11.875,775,27.843137254902,0,18,14.7,-40,,0.78125,5.078125,,,,,,,,,,,,,1.64052,25,-3.515625,0,0.78125,5.078125,33,14.7,2,
883,2026-09-02,13:56:17.00987,102.81987,,1000,0,,0,11.875,774,27.843137254902,0,18,14.9,-40,,0.78125,5.078125,,,,,,,,,,,,,1.54287,25,-3.515625,0,0.78125,5.078125,33,14.7,2,
884,2026-09-02,13:56:17.11926,102.92237,,1000,0,,0,11.875,775,27.843137254902,0,17,14.7,-40,,0.78125,5.078125,,,,,,,,,,,,,1.54287,25,-3.515625,0,0.78125,5.078125,33,14.7,2,
885,2026-09-02,13:56:17.21299,103.02209,,1000,0,,0,11.875,775,27.843137254902,0,17,14.6,-40,,0.78125,5.078125,,,,,,,,,,,,,1.66005,25,-3.3203125,0,0.78125,5.078125,33,14.7,1,
886,2026-09-02,13:56:17.32293,103.1297,,1000,0,,0,11.875,774,27.843137254902,0,18,14.7,-40,,0.78125,5.078125,,,,,,,,,,,,,1.62099,25,-3.3203125,0,0.78125,5.078125,33,14.7,2,
887,2026-09-02,13:56:17.43228,103.24188,,1000,0,,0,11.875,774,27.843137254902,0,18,14.5,-40,,0.78125,5.078125,,,,,,,,,,,,,1.62099,25,-3.3203125,0,0.78125,5.078125,33,14.7,1,
888,2026-09-02,13:56:17.54210,103.35664,,1000,0,,0,11.875,774,27.843137254902,0,17,14.4,-40,,0.78125,5.078125,,,,,,,,,,,,,1.5624,25,-3.3203125,0,0.78125,5.078125,33,14.7,0,
889,2026-09-02,13:56:17.65146,103.46652,,1000,0,,0,11.875,775,27.843137254902,0,18,14.4,-40,,0.78125,5.078125,,,,,,,,,,,,,1.54287,25,-3.3203125,0,0.78125,5.078125,33,14.7,4,
890,2026-09-02,13:56:17.76141,103.57628,,1000,0,,0,11.875,775,27.843137254902,0,18,14.4,-40,,0.78125,5.078125,,,,,,,,,,,,,1.64052,25,-3.125,0,0.78125,5.078125,33,14.7,1,
891,2026-09-02,13:56:17.87092,103.68152,,1000,0,,0,11.5625,775,27.843137254902,0,16,14.5,-40,,0.78125,5.078125,,,,,,,,,,,,,1.54287,25,-3.125,0,0.78125,5.078125,33,14.7,1,
892,2026-09-02,13:56:17.99632,103.80586,,1000,0,,0,11.5625,775,27.843137254902,0,17,14.3,-40,,0.78125,5.078125,,,,,,,,,,,,,1.64052,25,-3.3203125,0,0.78125,5.078125,33,14.7,1,
893,2026-09-02,13:56:18.10587,103.91477,,1000,0,,0,11.5625,774,27.843137254902,0,18,14.4,-40,,0.78125,5.078125,,,,,,,,,,,,,1.60146,25,-3.3203125,0,0.78125,5.078125,33,14.7,5,
894,2026-09-02,13:56:18.23099,104.03822,,1000,0,,0,11.5625,776,27.843137254902,0,18,14.5,-40,,0.78125,5.078125,,,,,,,,,,,,,1.60146,25,-3.3203125,0,0.78125,5.078125,33,14.7,3,
895,2026-09-02,13:56:18.35592,104.16395,,968.75,0,,0,11.875,775,27.843137254902,0,18,14.3,-40,,0.78125,5.078125,,,,,,,,,,,,,1.54287,25,-3.3203125,0,0.78125,5.078125,33,14.7,2,
896,2026-09-02,13:56:18.49737,104.31062,,1000,0,,0,11.5625,775,27.843137254902,0,18,14.5,-40,,0.78125,5.078125,,,,,,,,,,,,,1.58193,25,-3.515625,0,0.78125,5.078125,33,14.7,0,
897,2026-09-02,13:56:18.62227,104.42566,,968.75,0,,0,11.875,775,27.843137254902,0,18,14.4,-40,,0.78125,5.078125,,,,,,,,,,,,,1.60146,25,-3.515625,0,0.78125,5.078125,33,14.7,2,
898,2026-09-02,13:56:18.76357,104.57993,,968.75,0,,0,11.875,774,27.843137254902,0,20,14.4,-40,,0.78125,5.078125,,,,,,,,,,,,,1.64052,25,-3.515625,0,0.78125,5.078125,33,14.7,1,
899,2026-09-02,13:56:18.90402,104.71015,,968.75,0,,0,11.875,775,27.843137254902,0,18,14.4,-40,,0.78125,5.078125,,,,,,,,,,,,,1.66005,25,-3.515625,0,0.78125,5.078125,32,14.7,1,
900,2026-09-02,13:56:19.01388,104.82225,,968.75,0,,0,11.875,775,27.843137254902,0,18,14.4,-40,,0.78125,5.078125,,,,,,,,,,,,,1.54287,25,-3.7109375,0,0.78125,5.078125,33,14.7,3,
901,2026-09-02,13:56:19.15486,104.96395,,968.75,0,,0,11.875,775,27.843137254902,0,18,14.6,-40,,0.78125,5.078125,,,,,,,,,,,,,1.66005,25,-3.7109375,0,0.78125,5.078125,32,14.7,1,
902,2026-09-02,13:56:19.28027,105.08879,,968.75,0,,0,11.875,775,27.843137254902,0,19,14.5,-40,,0.78125,5.078125,,,,,,,,,,,,,1.66005,25,-3.7109375,0,0.78125,5.078125,33,14.7,0,
903,2026-09-02,13:56:19.37413,105.18909,,968.75,0,,0,11.875,774,27.843137254902,0,18,14.6,-40,,0.78125,5.078125,,,,,,,,,,,,,1.64052,25,-3.7109375,0,0.78125,5.078125,32,14.7,2,
904,2026-09-02,13:56:19.48367,105.29907,,968.75,0,,0,11.875,775,27.843137254902,0,18,14.5,-40,,0.78125,5.078125,,,,,,,,,,,,,1.54287,25,-3.90625,0,0.78125,5.078125,32,14.7,0,
905,2026-09-02,13:56:19.62475,105.43889,,968.75,0,,0,11.875,774,27.843137254902,0,18,14.5,-40,,0.78125,5.078125,,,,,,,,,,,,,1.62099,25,-3.90625,0,0.78125,5.078125,32,14.7,2,
906,2026-09-02,13:56:19.73406,105.5486,,968.75,0,,0,11.875,775,27.843137254902,0,18,14.6,-40,,0.78125,5.078125,,,,,,,,,,,,,1.54287,25,-3.90625,0,0.78125,5.078125,32,14.7,3,
907,2026-09-02,13:56:19.87469,105.68782,,968.75,0,,0,11.875,775,27.843137254902,0,18,14.5,-40,,0.78125,5.078125,,,,,,,,,,,,,1.54287,25,-3.90625,0,0.78125,5.078125,32,14.7,2,
908,2026-09-02,13:56:20.00028,105.81822,,968.75,0,,0,11.875,775,27.843137254902,0,19,14.6,-40,,0.78125,5.078125,,,,,,,,,,,,,1.58193,25,-4.1015625,0,0.78125,5.078125,32,14.7,0,
909,2026-09-02,13:56:20.14087,105.94977,,968.75,0,,0,11.875,775,27.843137254902,0,18,14.7,-40,,0.78125,5.078125,,,,,,,,,,,,,1.58193,25,-4.1015625,0,0.78125,5.078125,32,14.7,2,
910,2026-09-02,13:56:20.25276,106.05974,,968.75,0,,0,11.875,775,27.843137254902,0,18,14.7,-40,,0.78125,5.078125,,,,,,,,,,,,,1.66005,25,-4.1015625,0,0.78125,5.078125,32,14.7,1,
911,2026-09-02,13:56:20.34618,106.15744,,968.75,0,,0,11.875,775,27.843137254902,0,18,14.8,-40,,0.78125,5.078125,,,,,,,,,,,,,1.58193,25,-4.1015625,0,0.78125,5.078125,32,14.7,4,
912,2026-09-02,13:56:20.45555,106.2675,,968.75,0,,0,11.875,775,27.843137254902,0,18,14.8,-40,,0.78125,5.078125,,,,,,,,,,,,,1.66005,25,-4.296875,0,0.78125,5.078125,32,14.7,1,
913,2026-09-02,13:56:20.57945,106.38697,,968.75,0,,0,11.875,775,27.843137254902,0,20,14.7,-40,,0.78125,5.078125,,,,,,,,,,,,,1.62099,25,-4.296875,0,0.78125,5.078125,32,14.7,0,
914,2026-09-02,13:56:20.70449,106.51223,,968.75,0,,0,11.875,775,27.843137254902,0,18,14.7,-40,,0.78125,5.078125,,,,,,,,,,,,,1.64052,25,-4.296875,0,0.78125,5.078125,32,14.7,1,
915,2026-09-02,13:56:20.81437,106.62427,,968.75,0,,0,11.875,775,27.843137254902,0,18,14.7,-40,,0.78125,5.078125,,,,,,,,,,,,,1.5624,25,-4.296875,0,0.78125,5.078125,32,14.7,2,
916,2026-09-02,13:56:20.92370,106.73677,,968.75,0,,0,11.875,775,27.843137254902,0,18,14.7,-40,,0.78125,5.078125,,,,,,,,,,,,,1.66005,25,-4.296875,0,0.78125,5.078125,32,14.7,1,
917,2026-09-02,13:56:21.04868,106.86648,,968.75,0,,0,12.1875,775,28.2352941176471,0,18,14.7,-40,,0.78125,5.078125,,,,,,,,,,,,,1.60146,25,-4.1015625,0,0.78125,5.078125,32,14.7,2,
918,2026-09-02,13:56:21.15809,106.97137,,968.75,0,,0,12.1875,775,28.2352941176471,0,18,15,-40,,0.78125,5.078125,,,,,,,,,,,,,1.5624,25,-4.1015625,0,0.78125,5.078125,32,14.7,4,
919,2026-09-02,13:56:21.28411,107.09565,,968.75,0,,0,12.1875,775,28.2352941176471,0,18,14.8,-40,,0.78125,5.078125,,,,,,,,,,,,,1.64052,25,-4.1015625,0,0.78125,5.078125,32,14.7,1,
920,2026-09-02,13:56:21.40908,107.21842,,1000,0,,0,12.1875,775,28.2352941176471,0,18,14.8,-40,,0.78125,5.078125,,,,,,,,,,,,,1.60146,25,-4.1015625,0,0.78125,5.078125,32,14.7,4,
921,2026-09-02,13:56:21.53405,107.34527,,1000,0,,0,12.1875,774,28.2352941176471,0,18,15.1,-40,,0.78125,5.078125,,,,,,,,,,,,,1.66005,25,-4.1015625,0,0.78125,5.078125,32,14.7,0,
922,2026-09-02,13:56:21.65901,107.46735,,968.75,0,,0,12.1875,775,28.2352941176471,0,18,14.7,-40,,0.78125,5.078125,,,,,,,,,,,,,1.62099,25,-3.90625,0,0.78125,5.078125,32,14.7,0,
923,2026-09-02,13:56:21.78453,107.59324,,1000,0,,0,12.1875,775,28.2352941176471,0,18,14.8,-40,,0.78125,5.078125,,,,,,,,,,,,,1.5624,25,-3.90625,0,0.78125,5.078125,32,14.7,2,
924,2026-09-02,13:56:21.90955,107.71705,,1000,0,,0,12.1875,775,28.2352941176471,0,18,14.7,-40,,0.78125,5.078125,,,,,,,,,,,,,1.54287,25,-3.90625,0,0.78125,5.078125,32,14.7,4,
925,2026-09-02,13:56:22.05121,107.86,,968.75,0,,0,12.1875,775,28.2352941176471,0,18,14.8,-40,,0.78125,5.078125,,,,,,,,,,,,,1.64052,25,-3.7109375,0,0.78125,5.078125,32,14.7,2,
926,2026-09-02,13:56:22.17577,107.98923,,968.75,0,,0,12.1875,775,28.6274509803922,0,18,14.6,-40,,0.78125,5.078125,,,,,,,,,,,,,1.5624,25,-3.7109375,0,0.78125,5.078125,32,14.7,3,
927,2026-09-02,13:56:22.31636,108.12453,,1000,0,,0,12.1875,776,28.2352941176471,0,17,14.8,-40,,0.78125,5.078125,,,,,,,,,,,,,1.60146,25,-3.7109375,0,0.78125,5.078125,32,14.7,2,
928,2026-09-02,13:56:22.41003,108.22431,,1000,0,,0,11.875,775,28.2352941176471,0,17,14.6,-40,,0.78125,5.078125,,,,,,,,,,,,,1.66005,25,-3.7109375,0,0.78125,5.078125,31,14.7,5,
929,2026-09-02,13:56:22.55153,108.35853,,968.75,0,,0,12.1875,774,28.2352941176471,0,18,14.5,-40,,0.78125,5.078125,,,,,,,,,,,,,1.66005,25,-3.515625,0,0.78125,5.078125,32,14.7,1,
930,2026-09-02,13:56:22.64569,108.45892,,1000,0,,0,11.875,775,28.2352941176471,0,15,14.5,-40,,0.78125,5.078125,,,,,,,,,,,,,1.54287,25,-3.515625,0,0.78125,5.078125,31,14.7,1,
931,2026-09-02,13:56:22.77054,108.57882,,1000,0,,0,11.875,775,27.843137254902,0,15,14.5,-40,,0.78125,5.078125,,,,,,,,,,,,,1.67958,25,-3.515625,0,0.78125,5.078125,32,14.7,1,
932,2026-09-02,13:56:22.91077,108.72327,,1000,0,,0,12.1875,775,28.2352941176471,0,17,14.6,-40,,0.78125,5.078125,,,,,,,,,,,,,1.5624,25,-3.515625,0,0.78125,5.078125,31,14.7,3,
933,2026-09-02,13:56:23.03583,108.85339,,1000,0,,0,11.875,774,28.2352941176471,0,14,14.5,-40,,0.78125,5.078125,,,,,,,,,,,,,1.62099,25,-3.3203125,0,0.78125,5.078125,31,14.7,4,
934,2026-09-02,13:56:23.16126,108.9681,,1000,0,,0,11.875,775,27.843137254902,0,16,14.5,-40,,0.78125,5.078125,,,,,,,,,,,,,1.5624,25,-3.3203125,0,0.78125,5.078125,31,14.7,2,
935,2026-09-02,13:56:23.30238,109.11151,,1000,0,,0,11.875,775,28.2352941176471,0,16,14.3,-40,,0.78125,5.078125,,,,,,,,,,,,,1.54287,25,-3.3203125,0,0.78125,5.078125,31,14.7,1,
936,2026-09-02,13:56:23.45898,109.27272,,1000,0,,0,11.875,774,27.843137254902,0,16,14.5,-40,,0.78125,5.078125,,,,,,,,,,,,,1.58193,25,-3.3203125,0,0.78125,5.078125,31,14.7,1,
937,2026-09-02,13:56:23.58361,109.38712,,968.75,0,,0,11.875,775,27.843137254902,0,17,14.4,-40,,0.78125,5.078125,,,,,,,,,,,,,1.66005,25,-3.3203125,0,0.78125,5.078125,31,14.7,2,
938,2026-09-02,13:56:23.67756,109.49254,,968.75,0,,0,11.875,775,27.843137254902,0,16,14.3,-40,,0.78125,5.078125,,,,,,,,,,,,,1.54287,25,-3.3203125,0,0.78125,5.078125,31,14.7,4,
939,2026-09-02,13:56:23.80330,109.60664,,968.75,0,,0,11.875,775,27.843137254902,0,17,14.6,-40,,0.78125,5.078125,,,,,,,,,,,,,1.66005,25,-3.515625,0,0.78125,5.078125,31,14.7,1,
940,2026-09-02,13:56:23.89752,109.70692,,968.75,0,,0,11.875,775,27.843137254902,0,17,14.3,-40,,0.78125,5.078125,,,,,,,,,,,,,1.54287,25,-3.515625,0,0.78125,5.078125,31,14.7,3,
941,2026-09-02,13:56:24.03811,109.84362,,968.75,0,,0,11.875,775,27.843137254902,0,18,14.3,-40,,0.78125,5.078125,,,,,,,,,,,,,1.66005,25,-3.515625,0,0.78125,5.078125,31,14.7,0,
942,2026-09-02,13:56:24.19425,110.00398,,968.75,0,,0,11.875,775,27.843137254902,0,18,14.3,-40,,0.78125,5.078125,,,,,,,,,,,,,1.5624,25,-3.515625,0,0.78125,5.078125,31,14.7,1,
943,2026-09-02,13:56:24.33588,110.1412,,968.75,0,,0,11.875,774,27.843137254902,0,17,14.4,-40,,0.78125,5.078125,,,,,,,,,,,,,1.64052,25,-3.7109375,0,0.78125,5.078125,31,14.7,1,
944,2026-09-02,13:56:24.42935,110.24127,,968.75,0,,0,11.875,775,27.843137254902,0,17,14.6,-40,,0.78125,5.078125,,,,,,,,,,,,,1.60146,25,-3.7109375,0,0.78125,5.078125,31,14.7,0,
945,2026-09-02,13:56:24.57084,110.37782,,968.75,0,,0,11.875,774,27.843137254902,0,16,14.5,-40,,0.78125,5.078125,,,,,,,,,,,,,1.5624,25,-3.7109375,0,0.78125,5.078125,31,14.7,1,
946,2026-09-02,13:56:24.66443,110.47545,,968.75,0,,0,11.5625,776,27.4509803921569,0,17,14.6,-40,,0.78125,5.078125,,,,,,,,,,,,,1.5624,25,-3.7109375,0,0.78125,5.078125,31,14.7,1,
947,2026-09-02,13:56:24.78939,110.59956,,968.75,0,,0,11.875,775,27.843137254902,0,17,14.7,-40,,0.78125,5.078125,,,,,,,,,,,,,1.60146,25,-3.90625,0,0.78125,5.078125,31,14.7,2,
948,2026-09-02,13:56:24.89857,110.70535,,968.75,0,,0,11.875,775,27.843137254902,0,17,14.5,-40,,0.78125,5.078125,,,,,,,,,,,,,1.62099,25,-3.90625,0,0.78125,5.078125,31,14.7,0,
949,2026-09-02,13:56:25.02353,110.83512,,968.75,0,,0,11.875,775,27.4509803921569,0,17,14.6,-40,,0.78125,5.078125,,,,,,,,,,,,,1.5624,25,-3.90625,0,0.78125,5.078125,31,14.7,3,
950,2026-09-02,13:56:25.14992,110.95995,,968.75,0,,0,11.875,775,27.843137254902,0,17,14.6,-40,,0.78125,5.078125,,,,,,,,,,,,,1.5624,25,-3.90625,0,0.78125,5.078125,31,14.7,0,
951,2026-09-02,13:56:25.27488,111.08458,,937.5,0,,0,11.875,775,27.843137254902,0,20,14.5,-40,,0.78125,5.078125,,,,,,,,,,,,,1.58193,25,-4.1015625,0,0.78125,5.078125,31,14.7,3,
952,2026-09-02,13:56:25.40079,111.21422,,968.75,0,,0,11.875,775,27.843137254902,0,18,14.6,-40,,0.78125,5.078125,,,,,,,,,,,,,1.52334,25,-4.1015625,0,0.78125,5.078125,31,14.7,2,
953,2026-09-02,13:56:25.52565,111.33937,,968.75,0,,0,11.875,775,27.843137254902,0,19,14.5,-40,,0.78125,5.078125,,,,,,,,,,,,,1.54287,25,-4.1015625,0,0.78125,5.078125,31,14.7,0,
954,2026-09-02,13:56:25.65110,111.45428,,968.75,0,,0,11.875,775,27.843137254902,0,17,14.7,-40,,0.78125,5.078125,,,,,,,,,,,,,1.5624,25,-4.1015625,0,0.78125,5.078125,31,14.7,2,
955,2026-09-02,13:56:25.74483,111.55898,,937.5,0,,0,11.875,775,27.843137254902,0,20,14.8,-40,,0.78125,5.078125,,,,,,,,,,,,,1.64052,25,-4.296875,0,0.78125,5.078125,31,14.7,5,
956,2026-09-02,13:56:25.87054,111.67892,,968.75,0,,0,11.875,775,27.843137254902,0,18,14.7,-40,,0.78125,5.078125,,,,,,,,,,,,,1.60146,25,-4.296875,0,0.78125,5.078125,31,14.7,3,
957,2026-09-02,13:56:25.99504,111.80865,,968.75,0,,0,11.875,775,27.843137254902,0,18,14.9,-40,,0.78125,5.078125,,,,,,,,,,,,,1.54287,25,-4.296875,0,0.78125,5.078125,30,14.7,1,
958,2026-09-02,13:56:26.12014,111.93835,,968.75,0,,0,11.875,775,27.843137254902,0,17,14.7,-40,,0.78125,5.078125,,,,,,,,,,,,,1.54287,25,-4.296875,0,0.78125,5.078125,30,14.7,5,
959,2026-09-02,13:56:26.22965,112.04325,,968.75,0,,0,11.875,775,27.843137254902,0,18,14.7,-40,,0.78125,5.078125,,,,,,,,,,,,,1.54287,25,-4.296875,0,0.78125,5.078125,30,14.7,2,
960,2026-09-02,13:56:26.33975,112.15299,,968.75,0,,0,11.875,774,27.843137254902,0,17,14.8,-40,,0.78125,5.078125,,,,,,,,,,,,,1.66005,25,-4.4921875,0,0.78125,5.078125,30,14.7,0,
961,2026-09-02,13:56:26.44938,112.26249,,968.75,0,,0,11.875,775,27.843137254902,0,17,14.8,-40,,0.78125,5.078125,,,,,,,,,,,,,1.58193,25,-4.296875,0,0.78125,5.078125,30,14.7,2,
962,2026-09-02,13:56:26.55872,112.36776,,968.75,0,,0,11.875,775,27.843137254902,0,17,14.8,-40,,0.78125,5.078125,,,,,,,,,,,,,1.66005,25,-4.296875,0,0.78125,5.078125,30,14.7,1,
963,2026-09-02,13:56:26.68321,112.49698,,968.75,0,,0,11.875,775,27.843137254902,0,17,14.8,-40,,0.78125,5.078125,,,,,,,,,,,,,1.54287,25,-4.296875,0,0.78125,5.078125,30,14.7,3,
964,2026-09-02,13:56:26.80968,112.62201,,968.75,0,,0,11.875,775,27.843137254902,0,17,14.9,-40,,0.78125,5.078125,,,,,,,,,,,,,1.5624,25,-4.296875,0,0.78125,5.078125,30,14.7,4,
965,2026-09-02,13:56:26.93470,112.74685,,968.75,0,,0,11.875,775,27.843137254902,0,18,14.7,-40,,0.78125,5.078125,,,,,,,,,,,,,1.54287,25,-4.1015625,0,0.78125,5.078125,30,14.7,2,
966,2026-09-02,13:56:27.06016,112.87162,,968.75,0,,0,11.875,775,27.843137254902,0,17,15.3,-40,,0.78125,5.078125,,,,,,,,,,,,,1.54287,25,-4.1015625,0,0.78125,5.078125,30,14.7,1,
967,2026-09-02,13:56:27.18515,113.00168,,968.75,0,,0,11.875,774,27.843137254902,0,18,14.6,-40,,0.78125,5.078125,,,,,,,,,,,,,1.54287,25,-4.1015625,0,0.78125,5.078125,30,14.7,3,
968,2026-09-02,13:56:27.29450,113.10378,,968.75,0,,0,11.875,774,27.843137254902,0,17,14.7,-40,,0.78125,5.078125,,,,,,,,,,,,,1.5624,25,-4.1015625,0,0.78125,5.078125,30,14.7,0,
969,2026-09-02,13:56:27.40523,113.21152,,968.75,0,,0,12.1875,774,27.843137254902,0,17,14.7,-40,,0.78125,5.078125,,,,,,,,,,,,,1.62099,25,-3.90625,0,0.78125,5.078125,30,14.7,1,
970,2026-09-02,13:56:27.49888,113.31115,,968.75,0,,0,11.875,775,27.843137254902,0,17,14.6,-40,,0.78125,5.078125,,,,,,,,,,,,,1.5624,25,-3.90625,0,0.78125,5.078125,30,14.7,1,
971,2026-09-02,13:56:27.62385,113.43067,,968.75,0,,0,11.875,775,27.843137254902,0,17,14.7,-40,,0.78125,5.078125,,,,,,,,,,,,,1.54287,25,-3.90625,0,0.78125,5.078125,30,14.7,1,
972,2026-09-02,13:56:27.74882,113.56075,,968.75,0,,0,11.875,775,27.843137254902,0,17,14.9,-40,,0.78125,5.078125,,,,,,,,,,,,,1.62099,25,-3.90625,0,0.78125,5.078125,30,14.7,2,
973,2026-09-02,13:56:27.87484,113.68556,,968.75,0,,0,11.875,774,27.843137254902,0,17,14.8,-40,,0.78125,5.078125,,,,,,,,,,,,,1.62099,25,-3.7109375,0,0.78125,5.078125,30,14.7,1,
974,2026-09-02,13:56:27.98400,113.79547,,968.75,0,,0,11.875,775,27.843137254902,0,17,14.8,-40,,0.78125,5.078125,,,,,,,,,,,,,1.64052,25,-3.7109375,0,0.78125,5.078125,30,14.7,2,
975,2026-09-02,13:56:28.10925,113.91958,,968.75,0,,0,11.875,774,27.843137254902,0,16,14.6,-40,,0.78125,5.078125,,,,,,,,,,,,,1.62099,25,-3.7109375,0,0.78125,5.078125,30,14.7,1,
976,2026-09-02,13:56:28.21863,114.02954,,968.75,0,,0,11.875,775,27.843137254902,0,16,14.6,-40,,0.78125,5.078125,,,,,,,,,,,,,1.54287,25,-3.7109375,0,0.78125,5.078125,30,14.7,3,
977,2026-09-02,13:56:28.34421,114.14979,,968.75,0,,0,11.875,775,27.843137254902,0,17,14.4,-40,,0.78125,5.078125,,,,,,,,,,,,,1.62099,25,-3.7109375,0,0.78125,5.078125,30,14.7,1,
978,2026-09-02,13:56:28.45376,114.26315,,968.75,0,,0,11.875,775,27.843137254902,0,16,14.7,-40,,0.78125,5.078125,,,,,,,,,,,,,1.62099,25,-3.515625,0,0.78125,5.078125,30,14.7,1,
979,2026-09-02,13:56:28.57931,114.38642,,968.75,0,,0,11.875,775,27.843137254902,0,16,14.5,-40,,0.78125,5.078125,,,,,,,,,,,,,1.54287,25,-3.515625,0,0.78125,5.078125,30,14.7,3,
980,2026-09-02,13:56:28.67294,114.48892,,968.75,0,,0,11.875,775,27.843137254902,0,17,14.3,-40,,0.78125,5.078125,,,,,,,,,,,,,1.60146,25,-3.515625,0,0.78125,5.078125,30,14.7,1,
981,2026-09-02,13:56:28.81380,114.61906,,968.75,0,,0,11.875,775,27.843137254902,0,16,14.5,-40,,0.78125,5.078125,,,,,,,,,,,,,1.60146,25,-3.515625,0,0.78125,5.078125,30,14.7,0,
982,2026-09-02,13:56:28.90716,114.71895,,968.75,0,,0,11.875,774,27.843137254902,0,17,14.4,-40,,0.78125,5.078125,,,,,,,,,,,,,1.60146,25,-3.515625,0,0.78125,5.078125,30,14.7,0,
983,2026-09-02,13:56:29.01651,114.82859,,968.75,0,,0,11.875,775,27.843137254902,0,17,14.4,-40,,0.78125,5.078125,,,,,,,,,,,,,1.58193,25,-3.515625,0,0.78125,5.078125,30,14.7,1,
984,2026-09-02,13:56:29.11138,114.92883,,968.75,0,,0,11.875,774,27.843137254902,0,17,14.6,-40,,0.78125,5.078125,,,,,,,,,,,,,1.54287,25,-3.515625,0,0.78125,5.078125,29,14.7,1,
985,2026-09-02,13:56:29.22074,115.03832,,968.75,0,,0,11.875,775,27.843137254902,0,17,14.4,-40,,0.78125,5.078125,,,,,,,,,,,,,1.64052,25,-3.7109375,0,0.78125,5.078125,29,14.7,2,
986,2026-09-02,13:56:29.33069,115.14807,,968.75,0,,0,11.875,775,27.843137254902,0,17,14.3,-40,,0.78125,5.078125,,,,,,,,,,,,,1.54287,25,-3.7109375,0,0.78125,5.078125,30,14.7,3,
987,2026-09-02,13:56:29.44004,115.25304,,968.75,0,,0,11.875,775,27.843137254902,0,17,14.6,-40,,0.78125,5.078125,,,,,,,,,,,,,1.58193,25,-3.7109375,0,0.78125,5.078125,29,14.7,2,
988,2026-09-02,13:56:29.56498,115.368,,968.75,0,,0,11.875,775,27.843137254902,0,17,14.4,-40,,0.78125,5.078125,,,,,,,,,,,,,1.54287,25,-3.7109375,0,0.78125,5.078125,29,14.7,0,
989,2026-09-02,13:56:29.65898,115.46774,,968.75,0,,0,11.875,775,27.843137254902,0,17,14.7,-40,,0.78125,5.078125,,,,,,,,,,,,,1.60146,25,-3.7109375,0,0.78125,5.078125,29,14.7,3,
990,2026-09-02,13:56:29.78400,115.59702,,968.75,0,,0,11.875,775,27.843137254902,0,17,14.6,-40,,0.78125,5.078125,,,,,,,,,,,,,1.58193,25,-3.90625,0,0.78125,5.078125,29,14.7,1,
991,2026-09-02,13:56:29.89361,115.70216,,968.75,0,,0,11.875,775,27.843137254902,0,16,14.6,-40,,0.78125,5.078125,,,,,,,,,,,,,1.58193,25,-3.90625,0,0.78125,5.078125,29,14.7,1,
992,2026-09-02,13:56:30.00342,115.80667,,968.75,0,,0,11.875,775,27.843137254902,0,18,14.6,-40,,0.78125,5.078125,,,,,,,,,,,,,1.54287,25,-3.90625,0,0.78125,5.078125,29,14.7,1,
993,2026-09-02,13:56:30.12887,115.94639,,968.75,0,,0,11.875,775,27.843137254902,0,18,14.8,-40,,0.78125,5.078125,,,,,,,,,,,,,1.58193,25,-3.90625,0,0.78125,5.078125,29,14.7,2,
994,2026-09-02,13:56:30.25384,116.0666,,968.75,0,,0,11.875,775,27.843137254902,0,16,14.7,-40,,0.78125,5.078125,,,,,,,,,,,,,1.58193,25,-4.1015625,0,0.78125,5.078125,29,14.7,2,
995,2026-09-02,13:56:30.37880,116.19603,,968.75,0,,0,11.875,775,27.843137254902,0,17,14.8,-40,,0.78125,5.078125,,,,,,,,,,,,,1.54287,25,-4.1015625,0,0.78125,5.078125,29,14.7,2,
996,2026-09-02,13:56:30.48816,116.30633,,937.5,0,,0,11.875,775,27.843137254902,0,17,14.8,-40,,0.78125,5.078125,,,,,,,,,,,,,1.60146,25,-4.1015625,0,0.78125,5.078125,29,14.7,6,
997,2026-09-02,13:56:30.59855,116.41616,,968.75,0,,0,11.875,775,27.843137254902,0,17,14.8,-40,,0.78125,5.078125,,,,,,,,,,,,,1.64052,25,-3.90625,0,0.78125,5.078125,29,14.7,3,
998,2026-09-02,13:56:30.72353,116.54113,,968.75,0,,0,11.875,775,27.843137254902,0,16,14.8,-40,,0.78125,5.078125,,,,,,,,,,,,,1.5624,25,-3.90625,0,0.78125,5.078125,29,14.7,1,
999,2026-09-02,13:56:30.83330,116.65079,,968.75,0,,0,11.875,775,27.843137254902,0,17,14.9,-40,,0.78125,5.078125,,,,,,,,,,,,,1.54287,25,-3.90625,0,0.78125,5.078125,29,14.7,4,
1000,2026-09-02,13:56:30.94266,116.75048,,968.75,0,,0,11.875,775,27.843137254902,0,17,14.8,-40,,0.78125,5.078125,,,,,,,,,,,,,1.66005,25,-3.90625,0,0.78125,5.078125,29,14.7,3,
1001,2026-09-02,13:56:31.05218,116.85544,,968.75,0,,0,11.875,775,27.843137254902,0,17,15,-40,,0.78125,5.078125,,,,,,,,,,,,,1.62099,25,-3.90625,0,0.78125,5.078125,29,14.7,1,
1002,2026-09-02,13:56:31.19316,117.00244,,968.75,0,,0,11.875,774,27.843137254902,0,17,14.8,-40,,0.78125,5.078125,,,,,,,,,,,,,1.62099,25,-3.7109375,0,0.78125,5.078125,29,14.7,3,
1003,2026-09-02,13:56:31.28690,117.10002,,968.75,0,,0,11.875,774,27.843137254902,0,16,14.7,-40,,0.78125,5.078125,,,,,,,,,,,,,1.64052,25,-3.7109375,0,0.78125,5.078125,29,14.7,2,
1004,2026-09-02,13:56:31.41259,117.22936,,968.75,0,,0,11.875,775,27.843137254902,0,15,14.7,-40,,0.78125,5.078125,,,,,,,,,,,,,1.52334,25,-3.7109375,0,0.78125,5.078125,29,14.7,1,
1005,2026-09-02,13:56:31.55318,117.35974,,968.75,0,,0,11.875,775,27.843137254902,0,16,14.6,-40,,0.78125,5.078125,,,,,,,,,,,,,1.64052,25,-3.7109375,0,0.78125,5.078125,29,14.7,1,
1006,2026-09-02,13:56:31.64696,117.45951,,968.75,0,,0,11.875,775,27.843137254902,0,17,14.6,-40,,0.78125,5.078125,,,,,,,,,,,,,1.5624,25,-3.515625,0,0.78125,5.078125,29,14.7,0,
1007,2026-09-02,13:56:31.77191,117.58872,,968.75,0,,0,11.875,774,27.843137254902,0,17,14.5,-40,,0.78125,5.078125,,,,,,,,,,,,,1.66005,25,-3.515625,0,0.78125,5.078125,29,14.7,3,
1008,2026-09-02,13:56:31.88224,117.69393,,968.75,0,,0,11.875,775,27.843137254902,0,16,14.6,-40,,0.78125,5.078125,,,,,,,,,,,,,1.62099,25,-3.515625,0,0.78125,5.078125,29,14.7,2,
1009,2026-09-02,13:56:31.99159,117.80896,,968.75,0,,0,11.875,775,27.843137254902,0,16,14.5,-40,,0.78125,5.078125,,,,,,,,,,,,,1.58193,25,-3.515625,0,0.78125,5.078125,29,14.7,3,
1010,2026-09-02,13:56:32.11711,117.93409,,968.75,0,,0,11.875,774,27.843137254902,0,16,14.4,-40,,0.78125,5.078125,,,,,,,,,,,,,1.58193,25,-3.515625,0,0.78125,5.078125,29,14.7,2,
1011,2026-09-02,13:56:32.22645,118.03842,,968.75,0,,0,11.875,775,27.843137254902,0,15,14.6,-40,,0.78125,5.078125,,,,,,,,,,,,,1.5624,25,-3.515625,0,0.78125,5.078125,29,14.7,0,
1012,2026-09-02,13:56:32.33581,118.14336,,968.75,0,,0,11.875,775,27.843137254902,0,17,14.4,-40,,0.78125,5.078125,,,,,,,,,,,,,1.58193,25,-3.515625,0,0.78125,5.078125,29,14.7,1,
1013,2026-09-02,13:56:32.46135,118.27325,,968.75,0,,0,11.875,775,27.843137254902,0,17,14.6,-40,,0.78125,5.078125,,,,,,,,,,,,,1.60146,25,-3.7109375,0,0.78125,5.078125,29,14.7,3,
1014,2026-09-02,13:56:32.60215,118.41017,,968.75,0,,0,11.875,775,27.843137254902,0,17,14.6,-40,,0.78125,5.078125,,,,,,,,,,,,,1.52334,25,-3.7109375,0,0.78125,5.078125,28,14.7,2,
1015,2026-09-02,13:56:32.69568,118.51242,,968.75,0,,0,11.875,774,27.843137254902,0,17,14.4,-40,,0.78125,5.078125,,,,,,,,,,,,,1.54287,25,-3.7109375,0,0.78125,5.078125,28,14.7,2,
1016,2026-09-02,13:56:32.80509,118.62265,,968.75,0,,0,11.875,775,27.843137254902,0,17,14.4,-40,,0.78125,5.078125,,,,,,,,,,,,,1.64052,18.75,-3.7109375,0,0.78125,5.078125,28,14.7,2,
1017,2026-09-02,13:56:32.93106,118.74684,,968.75,0,,0,11.875,775,27.4509803921569,0,17,14.7,-40,,0.78125,5.078125,,,,,,,,,,,,,1.54287,18.75,-3.90625,0,0.78125,5.078125,29,14.7,4,
1018,2026-09-02,13:56:33.04036,118.85727,,968.75,0,,0,11.875,775,27.4509803921569,0,17,14.6,-40,,0.78125,5.078125,,,,,,,,,,,,,1.54287,18.75,-3.90625,0,0.78125,5.078125,28,14.7,0,
1019,2026-09-02,13:56:33.15031,118.9666,,968.75,0,,0,11.875,775,27.4509803921569,0,17,14.6,-40,,0.78125,5.078125,,,,,,,,,,,,,1.66005,18.75,-3.90625,0,0.78125,5.078125,28,14.7,0,
1020,2026-09-02,13:56:33.27523,119.08151,,937.5,0,,0,11.875,775,27.4509803921569,0,18,14.5,-40,,0.78125,5.078125,,,,,,,,,,,,,1.64052,18.75,-3.90625,0,0.78125,5.078125,28,14.7,2,
1021,2026-09-02,13:56:33.36951,119.18653,,937.5,0,,0,11.875,775,27.843137254902,0,18,14.6,-40,,0.78125,5.078125,,,,,,,,,,,,,1.64052,18.75,-3.90625,0,0.78125,5.078125,28,14.7,1,
1022,2026-09-02,13:56:33.49452,119.31164,,937.5,0,,0,11.875,775,27.843137254902,0,19,14.6,-40,,0.78125,5.078125,,,,,,,,,,,,,1.64052,18.75,-4.1015625,0,0.78125,5.078125,28,14.7,3,
1023,2026-09-02,13:56:33.62003,119.42636,,937.5,0,,0,11.875,775,27.843137254902,0,19,14.7,-40,,0.78125,5.078125,,,,,,,,,,,,,1.64052,18.75,-4.1015625,0,0.78125,5.078125,28,14.7,1,
1024,2026-09-02,13:56:33.71378,119.5264,,937.5,0,,0,11.875,774,27.843137254902,0,18,14.6,-40,,0.78125,5.078125,,,,,,,,,,,,,1.52334,18.75,-4.1015625,0,0.78125,5.078125,28,14.7,3,
1025,2026-09-02,13:56:33.83878,119.65628,,937.5,0,,0,11.875,775,27.843137254902,0,17,14.7,-40,,0.78125,5.078125,,,,,,,,,,,,,1.62099,18.75,-4.1015625,0,0.78125,5.078125,28,14.7,1,
1026,2026-09-02,13:56:33.94816,119.76075,,968.75,0,,0,11.5625,775,27.4509803921569,0,17,14.8,-40,,0.78125,5.078125,,,,,,,,,,,,,1.66005,18.75,-4.296875,0,0.78125,5.078125,28,14.7,0,
1027,2026-09-02,13:56:34.08905,119.89576,,968.75,0,,0,11.5625,775,27.4509803921569,0,17,14.7,-40,,0.78125,5.078125,,,,,,,,,,,,,1.64052,18.75,-4.1015625,0,0.78125,5.078125,28,14.7,2,
1028,2026-09-02,13:56:34.26106,120.06706,,937.5,0,,0,11.5625,775,27.4509803921569,0,18,14.8,-40,,0.78125,5.078125,,,,,,,,,,,,,1.64052,18.75,-4.1015625,0,0.78125,5.078125,28,14.7,2,
1029,2026-09-02,13:56:34.37110,120.18466,,937.5,0,,0,11.875,775,27.843137254902,0,18,14.7,-40,,0.78125,5.078125,,,,,,,,,,,,,1.54287,18.75,-4.1015625,0,0.78125,5.078125,28,14.7,1,
1030,2026-09-02,13:56:34.48074,120.29017,,968.75,0,,0,11.875,775,27.843137254902,0,17,14.8,-40,,0.78125,5.078125,,,,,,,,,,,,,1.5624,25,-3.90625,0,0.78125,5.078125,28,14.7,1,
1031,2026-09-02,13:56:34.59029,120.39458,,968.75,0,,0,11.875,775,27.4509803921569,0,17,15.1,-40,,0.78125,5.078125,,,,,,,,,,,,,1.64052,18.75,-3.90625,0,0.78125,5.078125,28,14.7,2,
1032,2026-09-02,13:56:34.73125,120.54451,,968.75,0,,0,11.875,775,27.4509803921569,0,17,14.9,-40,,0.78125,5.078125,,,,,,,,,,,,,1.62099,18.75,-3.90625,0,0.78125,5.078125,28,14.7,1,
1033,2026-09-02,13:56:34.87186,120.68876,,968.75,0,,0,11.875,774,27.843137254902,0,16,14.8,-40,,0.78125,5.078125,,,,,,,,,,,,,1.5624,25,-3.90625,0,0.78125,5.078125,28,14.7,3,
1034,2026-09-02,13:56:35.01253,120.8214,,968.75,0,,0,11.5625,775,27.4509803921569,0,17,14.8,-40,,0.78125,5.078125,,,,,,,,,,,,,1.66005,18.75,-3.7109375,0,0.78125,5.078125,28,14.7,3,
1035,2026-09-02,13:56:35.12238,120.93829,,968.75,0,,0,11.875,775,27.4509803921569,0,16,14.6,-40,,0.78125,5.078125,,,,,,,,,,,,,1.52334,18.75,-3.7109375,0,0.78125,5.078125,28,14.7,1,
1036,2026-09-02,13:56:35.23175,121.04873,,937.5,0,,0,11.875,775,27.4509803921569,0,17,14.6,-40,,0.78125,5.078125,,,,,,,,,,,,,1.60146,18.75,-3.7109375,0,0.78125,5.078125,28,14.7,2,
1037,2026-09-02,13:56:35.35674,121.16842,,968.75,0,,0,11.875,774,27.4509803921569,0,17,14.5,-40,,0.78125,5.078125,,,,,,,,,,,,,1.54287,18.75,-3.7109375,0,0.78125,5.078125,28,14.7,2,
1038,2026-09-02,13:56:35.48226,121.29319,,937.5,0,,0,11.875,775,27.4509803921569,0,17,14.5,-40,,0.78125,5.078125,,,,,,,,,,,,,1.58193,18.75,-3.515625,0,0.78125,5.078125,28,14.7,2,
1039,2026-09-02,13:56:35.60741,121.41799,,937.5,0,,0,11.875,775,27.4509803921569,0,17,14.5,-40,,0.78125,5.078125,,,,,,,,,,,,,1.64052,18.75,-3.515625,0,0.78125,5.078125,28,14.7,3,
1040,2026-09-02,13:56:35.73243,121.54269,,937.5,0,,0,11.875,775,27.843137254902,0,17,14.7,-40,,0.78125,5.078125,,,,,,,,,,,,,1.54287,18.75,-3.515625,0,0.78125,5.078125,28,14.7,2,
1041,2026-09-02,13:56:35.85746,121.66598,,968.75,0,,0,11.875,775,27.4509803921569,0,17,14.4,-40,,0.78125,5.078125,,,,,,,,,,,,,1.60146,18.75,-3.515625,0,0.78125,5.078125,28,14.7,3,
1042,2026-09-02,13:56:35.96806,121.77763,,968.75,0,,0,11.5625,775,27.4509803921569,0,16,14.8,-40,,0.78125,5.078125,,,,,,,,,,,,,1.64052,18.75,-3.515625,0,0.78125,5.078125,27,14.7,1,
1043,2026-09-02,13:56:36.07705,121.88721,,968.75,0,,0,11.5625,774,27.4509803921569,0,17,14.4,-40,,0.78125,5.078125,,,,,,,,,,,,,1.54287,18.75,-3.515625,0,0.78125,5.078125,28,14.7,1,
1044,2026-09-02,13:56:36.20281,122.01708,,937.5,0,,0,11.875,775,27.4509803921569,0,17,14.4,-40,,0.78125,5.078125,,,,,,,,,,,,,1.62099,18.75,-3.7109375,0,0.78125,5.078125,27,14.7,1,
1045,2026-09-02,13:56:36.34296,122.15692,,968.75,0,,0,11.875,775,27.4509803921569,0,17,14.6,-40,,0.78125,5.078125,,,,,,,,,,,,,1.52334,18.75,-3.7109375,0,0.78125,5.078125,28,14.7,1,
1046,2026-09-02,13:56:36.46860,122.2813,,937.5,0,,0,11.875,775,27.4509803921569,0,18,14.4,-40,,0.78125,5.078125,,,,,,,,,,,,,1.5624,18.75,-3.7109375,0,0.78125,5.078125,27,14.7,3,
1047,2026-09-02,13:56:36.59351,122.40156,,968.75,0,,0,11.875,775,27.843137254902,0,17,14.7,-40,,0.78125,5.078125,,,,,,,,,,,,,1.58193,18.75,-3.7109375,0,0.78125,5.078125,27,14.7,4,
1048,2026-09-02,13:56:36.71903,122.53633,,937.5,0,,0,11.875,775,27.4509803921569,0,17,14.5,-40,,0.78125,5.078125,,,,,,,,,,,,,1.60146,18.75,-3.90625,0,0.78125,5.078125,28,14.7,4,
1049,2026-09-02,13:56:36.82838,122.6385,,937.5,0,,0,11.875,775,27.4509803921569,0,18,14.6,-40,,0.78125,5.078125,,,,,,,,,,,,,1.62099,18.75,-3.90625,0,0.78125,5.078125,27,14.7,1,
1050,2026-09-02,13:56:36.96961,122.78535,,937.5,0,,0,11.875,775,27.843137254902,0,18,14.7,-40,,0.78125,5.078125,,,,,,,,,,,,,1.64052,18.75,-3.90625,0,0.78125,5.078125,27,14.7,2,
1051,2026-09-02,13:56:37.07892,122.89022,,937.5,0,,0,11.875,775,27.843137254902,0,18,14.7,-40,,0.78125,5.078125,,,,,,,,,,,,,1.64052,18.75,-3.90625,0,0.78125,5.078125,27,14.7,1,
1052,2026-09-02,13:56:37.23569,123.03846,,937.5,0,,0,11.875,775,27.843137254902,0,18,14.7,-40,,0.78125,5.078125,,,,,,,,,,,,,1.62099,18.75,-4.1015625,0,0.78125,5.078125,27,14.7,4,
1053,2026-09-02,13:56:37.36070,123.17017,,937.5,0,,0,11.875,775,27.843137254902,0,18,14.8,-40,,0.78125,5.078125,,,,,,,,,,,,,1.60146,18.75,-4.1015625,0,0.78125,5.078125,27,14.7,1,
1054,2026-09-02,13:56:37.48619,123.29517,,937.5,0,,0,11.875,775,27.843137254902,0,18,14.7,-40,,0.78125,5.078125,,,,,,,,,,,,,1.62099,18.75,-4.1015625,0,0.78125,5.078125,27,14.7,2,
1055,2026-09-02,13:56:37.58018,123.39525,,937.5,0,,0,11.875,775,27.843137254902,0,18,14.8,-40,,0.78125,5.078125,,,,,,,,,,,,,1.66005,18.75,-4.1015625,0,0.78125,5.078125,27,14.7,4,
1056,2026-09-02,13:56:37.70587,123.51991,,937.5,0,,0,11.875,776,27.843137254902,0,18,15,-40,,0.78125,5.078125,,,,,,,,,,,,,1.5624,18.75,-4.1015625,0,0.78125,5.078125,27,14.7,2,
1057,2026-09-02,13:56:37.86161,123.67391,,937.5,0,,0,11.875,775,27.843137254902,0,18,14.8,-40,,0.78125,5.078125,,,,,,,,,,,,,1.5624,18.75,-4.1015625,0,0.78125,5.078125,27,14.7,3,
1058,2026-09-02,13:56:37.97152,123.78878,,968.75,0,,0,11.875,775,27.843137254902,0,17,15,-40,,0.78125,5.078125,,,,,,,,,,,,,1.60146,18.75,-4.1015625,0,0.78125,5.078125,27,14.7,0,
1059,2026-09-02,13:56:38.08086,123.89356,,968.75,0,,0,11.875,775,27.843137254902,0,17,14.9,-40,,0.78125,5.078125,,,,,,,,,,,,,1.5624,18.75,-3.90625,0,0.78125,5.078125,27,14.7,0,
1060,2026-09-02,13:56:38.19075,124.0033,,968.75,0,,0,11.875,775,27.843137254902,0,17,14.8,-40,,0.78125,5.078125,,,,,,,,,,,,,1.64052,18.75,-3.90625,0,0.78125,5.078125,27,14.7,1,
1061,2026-09-02,13:56:38.30012,124.11324,,937.5,0,,0,11.875,774,27.843137254902,0,17,15.1,-40,,0.78125,5.078125,,,,,,,,,,,,,1.54287,18.75,-3.90625,0,0.78125,5.078125,27,14.7,1,
1062,2026-09-02,13:56:38.40998,124.21296,,968.75,0,,0,11.875,775,27.843137254902,0,17,14.8,-40,,0.78125,5.078125,,,,,,,,,,,,,1.64052,25,-3.90625,0,0.78125,5.078125,27,14.7,0,
1063,2026-09-02,13:56:38.50370,124.31282,,968.75,0,,0,11.875,775,27.843137254902,0,17,14.7,-40,,0.78125,5.078125,,,,,,,,,,,,,1.64052,25,-3.90625,0,0.78125,5.078125,27,14.7,2,
1064,2026-09-02,13:56:38.59743,124.41257,,968.75,0,,0,11.875,775,27.843137254902,0,16,14.8,-40,,0.78125,5.078125,,,,,,,,,,,,,1.60146,25,-3.7109375,0,0.78125,5.078125,27,14.7,2,
1065,2026-09-02,13:56:38.70735,124.52249,,968.75,0,,0,11.875,775,27.843137254902,0,16,14.7,-40,,0.78125,5.078125,,,,,,,,,,,,,1.52334,25,-3.7109375,0,0.78125,5.078125,27,14.7,2,
1066,2026-09-02,13:56:38.81666,124.63284,,968.75,0,,0,11.875,775,27.843137254902,0,16,14.7,-40,,0.78125,5.078125,,,,,,,,,,,,,1.66005,18.75,-3.7109375,0,0.78125,5.078125,27,14.7,1,
1067,2026-09-02,13:56:38.92658,124.73349,,968.75,0,,0,11.875,775,27.843137254902,0,16,14.7,-40,,0.78125,5.078125,,,,,,,,,,,,,1.54287,18.75,-3.7109375,0,0.78125,5.078125,27,14.7,3,
1068,2026-09-02,13:56:39.03593,124.84292,,968.75,0,,0,11.875,775,27.843137254902,0,17,14.6,-40,,0.78125,5.078125,,,,,,,,,,,,,1.64052,18.75,-3.515625,0,0.78125,5.078125,27,14.7,1,
1069,2026-09-02,13:56:39.12984,124.94242,,968.75,0,,0,11.875,775,27.843137254902,0,17,14.7,-40,,0.78125,5.078125,,,,,,,,,,,,,1.62099,18.75,-3.515625,0,0.78125,5.078125,27,14.7,2,
1070,2026-09-02,13:56:39.23921,125.05721,,968.75,0,,0,11.875,774,27.843137254902,0,17,14.7,-40,,0.78125,5.078125,,,,,,,,,,,,,1.5624,18.75,-3.515625,0,0.78125,5.078125,27,14.7,3,
1071,2026-09-02,13:56:39.34888,125.15713,,968.75,0,,0,11.875,775,27.4509803921569,0,16,14.7,-40,,0.78125,5.078125,,,,,,,,,,,,,1.64052,18.75,-3.515625,0,0.78125,5.078125,27,14.7,2,
1072,2026-09-02,13:56:39.47411,125.27715,,968.75,0,,0,11.5625,775,27.4509803921569,0,15,14.6,-40,,0.78125,5.078125,,,,,,,,,,,,,1.5624,18.75,-3.515625,0,0.78125,5.078125,27,14.7,2,
1073,2026-09-02,13:56:39.58345,125.3865,,968.75,0,,0,11.5625,775,27.4509803921569,0,17,14.4,-40,,0.78125,5.078125,,,,,,,,,,,,,1.60146,18.75,-3.3203125,0,0.78125,5.078125,27,14.7,2,
1074,2026-09-02,13:56:39.67743,125.48644,,937.5,0,,0,11.875,775,27.4509803921569,0,17,14.5,-40,,0.78125,5.078125,,,,,,,,,,,,,1.52334,18.75,-3.3203125,0,0.78125,5.078125,26,14.7,0,
1075,2026-09-02,13:56:39.78678,125.59606,,937.5,0,,0,11.875,775,27.843137254902,0,17,14.5,-40,,0.78125,5.078125,,,,,,,,,,,,,1.60146,18.75,-3.3203125,0,0.78125,5.078125,26,14.7,2,
1076,2026-09-02,13:56:39.91251,125.72118,,937.5,0,,0,11.875,775,27.4509803921569,0,17,14.3,-40,,0.78125,5.078125,,,,,,,,,,,,,1.62099,18.75,-3.3203125,0,0.78125,5.078125,27,14.7,1,
1077,2026-09-02,13:56:40.02197,125.83056,,937.5,0,,0,11.875,775,27.843137254902,0,17,14.4,-40,,0.78125,5.078125,,,,,,,,,,,,,1.62099,18.75,-3.515625,0,0.78125,5.078125,26,14.7,1,
1078,2026-09-02,13:56:40.14753,125.95331,,937.5,0,,0,11.875,775,27.843137254902,0,17,14.7,-40,,0.78125,5.078125,,,,,,,,,,,,,1.54287,18.75,-3.515625,0,0.78125,5.078125,26,14.7,3,
1079,2026-09-02,13:56:40.28779,126.10045,,937.5,0,,0,11.875,775,27.843137254902,0,17,14.4,-40,,0.78125,5.078125,,,,,,,,,,,,,1.62099,18.75,-3.515625,0,0.78125,5.078125,26,14.7,0,
1080,2026-09-02,13:56:40.41320,126.2255,,937.5,0,,0,11.875,775,27.843137254902,0,17,14.4,-40,,0.78125,5.078125,,,,,,,,,,,,,1.64052,18.75,-3.515625,0,0.78125,5.078125,26,14.7,0,
1081,2026-09-02,13:56:40.53818,126.35528,,968.75,0,,0,11.875,775,27.843137254902,0,16,14.3,-40,,0.78125,5.078125,,,,,,,,,,,,,1.64052,18.75,-3.7109375,0,0.78125,5.078125,26,14.7,1,
1082,2026-09-02,13:56:40.64794,126.46493,,937.5,0,,0,11.875,775,27.843137254902,0,17,14.5,-40,,0.78125,5.078125,,,,,,,,,,,,,1.64052,18.75,-3.7109375,0,0.78125,5.078125,26,14.7,1,
1083,2026-09-02,13:56:40.78852,126.59494,,937.5,0,,0,11.875,774,27.843137254902,0,17,14.5,-40,,0.78125,5.078125,,,,,,,,,,,,,1.64052,18.75,-3.7109375,0,0.78125,5.078125,26,14.7,4,
1084,2026-09-02,13:56:40.92996,126.74461,,937.5,0,,0,11.875,775,27.843137254902,0,17,14.6,-40,,0.78125,5.078125,,,,,,,,,,,,,1.64052,18.75,-3.90625,0,0.78125,5.078125,26,14.7,2,
1085,2026-09-02,13:56:41.07070,126.88466,,937.5,0,,0,11.875,775,27.843137254902,0,17,14.6,-40,,0.78125,5.078125,,,,,,,,,,,,,1.64052,18.75,-3.90625,0,0.78125,5.078125,26,14.7,1,
1086,2026-09-02,13:56:41.19597,127.00914,,937.5,0,,0,11.875,774,27.843137254902,0,17,14.7,-40,,0.78125,5.078125,,,,,,,,,,,,,1.62099,18.75,-3.90625,0,0.78125,5.078125,26,14.7,3,
1087,2026-09-02,13:56:41.30569,127.119,,937.5,0,,0,11.875,774,27.843137254902,0,17,14.7,-40,,0.78125,5.078125,,,,,,,,,,,,,1.58193,18.75,-3.90625,0,0.78125,5.078125,26,14.7,2,
1088,2026-09-02,13:56:41.41503,127.22391,,937.5,0,,0,11.875,774,27.843137254902,0,17,14.7,-40,,0.78125,5.078125,,,,,,,,,,,,,1.60146,18.75,-3.90625,0,0.78125,5.078125,26,14.7,1,
1089,2026-09-02,13:56:41.50864,127.32367,,937.5,0,,0,11.875,775,27.843137254902,0,17,14.7,-40,,0.78125,5.078125,,,,,,,,,,,,,1.54287,18.75,-3.90625,0,0.78125,5.078125,26,14.7,2,
1090,2026-09-02,13:56:41.61764,127.43343,,937.5,0,,0,11.875,774,27.843137254902,0,17,14.7,-40,,0.78125,5.078125,,,,,,,,,,,,,1.5624,18.75,-3.90625,0,0.78125,5.078125,26,14.7,2,
1091,2026-09-02,13:56:41.72830,127.53318,,937.5,0,,0,11.875,775,27.843137254902,0,17,14.8,-40,,0.78125,5.078125,,,,,,,,,,,,,1.64052,18.75,-3.90625,0,0.78125,5.078125,26,14.7,1,
1092,2026-09-02,13:56:41.83759,127.64587,,937.5,0,,0,11.875,775,27.843137254902,0,17,14.8,-40,,0.78125,5.078125,,,,,,,,,,,,,1.58193,18.75,-3.90625,0,0.78125,5.078125,26,14.7,1,
1093,2026-09-02,13:56:41.94763,127.75275,,937.5,0,,0,11.875,774,27.843137254902,0,17,14.7,-40,,0.78125,5.078125,,,,,,,,,,,,,1.64052,18.75,-3.7109375,0,0.78125,5.078125,26,14.7,1,
1094,2026-09-02,13:56:42.04108,127.85789,,937.5,0,,0,11.875,775,27.843137254902,0,17,14.9,-40,,0.78125,5.078125,,,,,,,,,,,,,1.60146,18.75,-3.7109375,0,0.78125,5.078125,26,14.7,2,
1095,2026-09-02,13:56:42.15094,127.96774,,937.5,0,,0,11.875,774,27.843137254902,0,17,14.7,-40,,0.78125,5.078125,,,,,,,,,,,,,1.52334,18.75,-3.7109375,0,0.78125,5.078125,26,14.7,2,
1096,2026-09-02,13:56:42.26032,128.07744,,937.5,0,,0,11.875,775,27.843137254902,0,17,14.7,-40,,0.78125,5.078125,,,,,,,,,,,,,1.62099,18.75,-3.7109375,0,0.78125,5.078125,26,14.7,3,
1097,2026-09-02,13:56:42.36972,128.18756,,937.5,0,,0,11.875,775,27.843137254902,0,16,14.6,-40,,0.78125,5.078125,,,,,,,,,,,,,1.52334,18.75,-3.515625,0,0.78125,5.078125,26,14.7,2,
1098,2026-09-02,13:56:42.49534,128.30457,,968.75,0,,0,11.875,774,27.4509803921569,0,16,14.6,-40,,0.78125,5.078125,,,,,,,,,,,,,1.60146,18.75,-3.515625,0,0.78125,5.078125,26,14.7,1,
1099,2026-09-02,13:56:42.63614,128.45186,,937.5,0,,0,11.875,775,27.4509803921569,0,17,14.6,-40,,0.78125,5.078125,,,,,,,,,,,,,1.62099,18.75,-3.515625,0,0.78125,5.078125,26,14.7,2,
1100,2026-09-02,13:56:42.74534,128.55415,,968.75,0,,0,11.875,774,27.843137254902,0,16,14.5,-40,,0.78125,5.078125,,,,,,,,,,,,,1.62099,18.75,-3.515625,0,0.78125,5.078125,26,14.7,0,
1101,2026-09-02,13:56:42.85463,128.67151,,937.5,0,,0,11.875,775,27.4509803921569,0,17,14.7,-40,,0.78125,5.078125,,,,,,,,,,,,,1.60146,18.75,-3.515625,0,0.78125,5.078125,26,14.7,2,
1102,2026-09-02,13:56:42.96499,128.78116,,937.5,0,,0,11.875,775,27.843137254902,0,17,14.5,-40,,0.78125,5.078125,,,,,,,,,,,,,1.60146,18.75,-3.3203125,0,0.78125,5.078125,25,14.7,1,
1103,2026-09-02,13:56:43.09015,128.89907,,937.5,0,,0,11.875,775,27.4509803921569,0,17,14.6,-40,,0.78125,5.078125,,,,,,,,,,,,,1.64052,18.75,-3.3203125,0,0.78125,5.078125,26,14.7,1,
1104,2026-09-02,13:56:43.21575,129.02336,,937.5,0,,0,11.875,774,27.4509803921569,0,17,14.6,-40,,0.78125,5.078125,,,,,,,,,,,,,1.58193,18.75,-3.3203125,0,0.78125,5.078125,26,14.7,0,
1105,2026-09-02,13:56:43.34056,129.14876,,937.5,0,,0,11.875,775,27.843137254902,0,17,14.5,-40,,0.78125,5.078125,,,,,,,,,,,,,1.62099,18.75,-3.3203125,0,0.78125,5.078125,26,14.7,0,
1106,2026-09-02,13:56:43.45054,129.2554,,937.5,0,,0,11.875,775,27.843137254902,0,17,14.5,-40,,0.78125,5.078125,,,,,,,,,,,,,1.62099,18.75,-3.3203125,0,0.78125,5.078125,26,14.7,1,
1107,2026-09-02,13:56:43.57555,129.37996,,937.5,0,,0,11.875,775,27.843137254902,0,17,14.5,-40,,0.78125,5.078125,,,,,,,,,,,,,1.58193,18.75,-3.3203125,0,0.78125,5.078125,26,14.7,3,
1108,2026-09-02,13:56:43.70119,129.51013,,968.75,0,,0,11.875,775,27.4509803921569,0,16,14.4,-40,,0.78125,5.078125,,,,,,,,,,,,,1.58193,18.75,-3.3203125,0,0.78125,5.078125,25,14.7,2,
1109,2026-09-02,13:56:43.81007,129.61688,,937.5,0,,0,11.5625,775,27.4509803921569,0,17,14.5,-40,,0.78125,5.078125,,,,,,,,,,,,,1.54287,18.75,-3.515625,0,0.78125,5.078125,25,14.7,2,
1110,2026-09-02,13:56:43.91973,129.72932,,937.5,0,,0,11.875,775,27.843137254902,0,17,14.5,-40,,0.78125,5.078125,,,,,,,,,,,,,1.64052,18.75,-3.515625,0,0.78125,5.078125,25,14.7,1,
1111,2026-09-02,13:56:44.02879,129.83705,,937.5,0,,0,11.875,775,27.843137254902,0,17,14.4,-40,,0.78125,5.078125,,,,,,,,,,,,,1.52334,18.75,-3.515625,0,0.78125,5.078125,25,14.7,2,
1112,2026-09-02,13:56:44.15454,129.96387,,937.5,0,,0,11.875,774,27.843137254902,0,17,14.6,-40,,0.78125,5.078125,,,,,,,,,,,,,1.64052,18.75,-3.515625,0,0.78125,5.078125,25,14.7,1,
1113,2026-09-02,13:56:44.26430,130.06913,,937.5,0,,0,11.875,775,27.843137254902,0,19,14.5,-40,,0.78125,5.078125,,,,,,,,,,,,,1.58193,18.75,-3.7109375,0,0.78125,5.078125,25,14.7,1,
1114,2026-09-02,13:56:44.35764,130.16912,,937.5,0,,0,11.875,775,28.2352941176471,0,17,14.5,-40,,0.78125,5.078125,,,,,,,,,,,,,1.64052,18.75,-3.7109375,0,0.78125,5.078125,25,14.7,1,
1115,2026-09-02,13:56:44.48265,130.29337,,937.5,0,,0,11.875,775,27.843137254902,0,17,14.6,-40,,0.78125,5.078125,,,,,,,,,,,,,1.60146,18.75,-3.7109375,0,0.78125,5.078125,25,14.7,0,
1116,2026-09-02,13:56:44.60774,130.41318,,937.5,0,,0,11.875,774,27.843137254902,0,17,14.5,-40,,0.78125,5.078125,,,,,,,,,,,,,1.64052,18.75,-3.7109375,0,0.78125,5.078125,25,14.7,1,
1117,2026-09-02,13:56:44.71821,130.52565,,968.75,0,,0,11.875,775,27.843137254902,0,16,14.5,-40,,0.78125,5.078125,,,,,,,,,,,,,1.62099,18.75,-3.7109375,0,0.78125,5.078125,25,14.7,2,
1118,2026-09-02,13:56:44.82747,130.63836,,968.75,0,,0,11.5625,775,27.4509803921569,0,16,14.8,-40,,0.78125,5.078125,,,,,,,,,,,,,1.60146,18.75,-3.90625,0,0.78125,5.078125,25,14.7,1,
1119,2026-09-02,13:56:44.95313,130.76813,,937.5,0,,0,11.5625,774,27.4509803921569,0,17,14.6,-40,,0.78125,5.078125,,,,,,,,,,,,,1.66005,18.75,-3.90625,0,0.78125,5.078125,25,14.7,3,
1120,2026-09-02,13:56:45.06218,130.87268,,937.5,0,,0,11.875,775,27.843137254902,0,16,14.8,-40,,0.78125,5.078125,,,,,,,,,,,,,1.62099,18.75,-3.90625,0,0.78125,5.078125,25,14.7,2,
1121,2026-09-02,13:56:45.18769,130.99733,,937.5,0,,0,11.875,775,27.843137254902,0,17,14.8,-40,,0.78125,5.078125,,,,,,,,,,,,,1.52334,18.75,-3.90625,0,0.78125,5.078125,25,14.7,0,
1122,2026-09-02,13:56:45.32830,131.14272,,937.5,0,,0,11.875,775,27.4509803921569,0,15,14.7,-40,,0.78125,5.078125,,,,,,,,,,,,,1.64052,18.75,-3.90625,0,0.78125,5.078125,25,14.7,3,
1123,2026-09-02,13:56:45.45230,131.26743,,937.5,0,,0,11.5625,775,27.4509803921569,0,16,14.7,-40,,0.78125,5.078125,,,,,,,,,,,,,1.66005,18.75,-3.90625,0,0.78125,5.078125,25,14.7,3,
1124,2026-09-02,13:56:45.56918,131.37229,,937.5,0,,0,11.875,775,27.4509803921569,0,16,14.7,-40,,0.78125,5.078125,,,,,,,,,,,,,1.54287,18.75,-3.7109375,0,0.78125,5.078125,25,14.7,1,
1125,2026-09-02,13:56:45.67380,131.47717,,937.5,0,,0,11.875,775,27.843137254902,0,16,14.7,-40,,0.78125,5.078125,,,,,,,,,,,,,1.64052,18.75,-3.7109375,0,0.78125,5.078125,25,14.7,1,
1126,2026-09-02,13:56:45.78273,131.58889,,937.5,0,,0,11.875,775,27.843137254902,0,18,14.7,-40,,0.78125,5.078125,,,,,,,,,,,,,1.5624,18.75,-3.7109375,0,0.78125,5.078125,25,14.7,1,
1127,2026-09-02,13:56:45.92336,131.72659,,937.5,0,,0,11.875,775,28.2352941176471,0,16,14.6,-40,,0.78125,5.078125,,,,,,,,,,,,,1.5624,18.75,-3.7109375,0,0.78125,5.078125,25,14.7,1,
1128,2026-09-02,13:56:46.03310,131.83872,,937.5,0,,0,11.875,775,27.843137254902,0,16,14.6,-40,,0.78125,5.078125,,,,,,,,,,,,,1.58193,18.75,-3.515625,0,0.78125,5.078125,25,14.7,2,
1129,2026-09-02,13:56:46.14234,131.94593,,937.5,0,,0,11.875,775,27.843137254902,0,16,14.6,-40,,0.78125,5.078125,,,,,,,,,,,,,1.54287,18.75,-3.515625,0,0.78125,5.078125,25,14.7,1,
1130,2026-09-02,13:56:46.25287,132.06086,,937.5,0,,0,11.875,775,27.843137254902,0,16,14.6,-40,,0.78125,5.078125,,,,,,,,,,,,,1.60146,18.75,-3.515625,0,0.78125,5.078125,25,14.7,2,
1131,2026-09-02,13:56:46.37765,132.18805,,937.5,0,,0,11.875,775,27.843137254902,0,16,14.5,-40,,0.78125,5.078125,,,,,,,,,,,,,1.5624,18.75,-3.515625,0,0.78125,5.078125,25,14.7,1,
1132,2026-09-02,13:56:46.48754,132.30566,,968.75,0,,0,11.875,774,27.843137254902,0,14,14.5,-40,,0.78125,5.078125,,,,,,,,,,,,,1.62099,18.75,-3.515625,0,0.78125,5.078125,25,14.7,2,
1133,2026-09-02,13:56:46.59712,132.41056,,937.5,0,,0,11.5625,775,27.4509803921569,0,16,14.6,-40,,0.78125,5.078125,,,,,,,,,,,,,1.5624,18.75,-3.515625,0,0.78125,5.078125,25,14.7,1,
1134,2026-09-02,13:56:46.73803,132.55531,,968.75,0,,0,11.5625,775,27.843137254902,0,15,14.6,-40,,0.78125,5.078125,,,,,,,,,,,,,1.58193,18.75,-3.515625,0,0.78125,5.078125,25,14.7,0,
1135,2026-09-02,13:56:46.84743,132.65994,,937.5,0,,0,11.5625,775,27.4509803921569,0,16,14.6,-40,,0.78125,5.078125,,,,,,,,,,,,,1.5624,18.75,-3.7109375,0,0.78125,5.078125,25,14.7,1,
1136,2026-09-02,13:56:46.97240,132.78932,,937.5,0,,0,11.5625,775,27.4509803921569,0,17,14.5,-40,,0.78125,5.078125,,,,,,,,,,,,,1.64052,18.75,-3.7109375,0,0.78125,5.078125,25,14.7,2,
1137,2026-09-02,13:56:47.08170,132.89476,,937.5,0,,0,11.875,775,27.843137254902,0,16,14.5,-40,,0.78125,5.078125,,,,,,,,,,,,,1.5624,18.75,-3.7109375,0,0.78125,5.078125,24,14.7,1,
1138,2026-09-02,13:56:47.20774,133.01954,,937.5,0,,0,11.875,775,27.843137254902,0,16,14.6,-40,,0.78125,5.078125,,,,,,,,,,,,,1.64052,18.75,-3.7109375,0,0.78125,5.078125,24,14.7,1,
1139,2026-09-02,13:56:47.33271,133.14432,,906.25,0,,0,11.875,775,27.843137254902,0,19,14.6,-40,,0.78125,5.078125,,,,,,,,,,,,,1.58193,18.75,-3.90625,0,0.78125,5.078125,24,14.7,2,
1140,2026-09-02,13:56:47.44260,133.25103,,937.5,0,,0,11.875,775,27.843137254902,0,16,14.6,-40,,0.78125,5.078125,,,,,,,,,,,,,1.52334,18.75,-3.90625,0,0.78125,5.078125,24,14.7,1,
1141,2026-09-02,13:56:47.59920,133.40401,,937.5,0,,0,11.875,775,27.843137254902,0,16,14.8,-40,,0.78125,5.078125,,,,,,,,,,,,,1.52334,18.75,-3.90625,0,0.78125,5.078125,24,14.7,1,
1142,2026-09-02,13:56:47.69318,133.50888,,937.5,0,,0,11.875,775,27.843137254902,0,17,14.7,-40,,0.78125,5.078125,,,,,,,,,,,,,1.5624,18.75,-3.90625,0,0.78125,5.078125,25,14.7,0,
1143,2026-09-02,13:56:47.80269,133.61854,,906.25,0,,0,11.875,775,27.843137254902,0,19,14.7,-40,,0.78125,5.078125,,,,,,,,,,,,,1.64052,18.75,-3.90625,0,0.78125,5.078125,24,14.7,2,
1144,2026-09-02,13:56:47.92808,133.73841,,937.5,0,,0,11.875,775,27.843137254902,0,17,14.8,-40,,0.78125,5.078125,,,,,,,,,,,,,1.64052,18.75,-4.1015625,0,0.78125,5.078125,24,14.7,0,
1145,2026-09-02,13:56:48.05344,133.86816,,937.5,0,,0,11.875,775,27.843137254902,0,17,15.1,-40,,0.78125,5.078125,,,,,,,,,,,,,1.64052,18.75,-4.1015625,0,0.78125,5.078125,24,14.7,3,
1146,2026-09-02,13:56:48.16261,133.97281,,937.5,0,,0,11.875,775,27.843137254902,0,17,14.8,-40,,0.78125,5.078125,,,,,,,,,,,,,1.64052,18.75,-4.1015625,0,0.78125,5.078125,24,14.7,2,
1147,2026-09-02,13:56:48.30347,134.11788,,937.5,0,,0,11.875,774,27.843137254902,0,17,15,-40,,0.78125,5.078125,,,,,,,,,,,,,1.5624,18.75,-3.90625,0,0.78125,5.078125,24,14.7,0,
1148,2026-09-02,13:56:48.42908,134.23755,,937.5,0,,0,11.875,775,27.843137254902,0,17,14.9,-40,,0.78125,5.078125,,,,,,,,,,,,,1.62099,18.75,-3.90625,0,0.78125,5.078125,24,14.7,4,
1149,2026-09-02,13:56:48.53892,134.34484,,937.5,0,,0,11.875,775,27.843137254902,0,16,14.8,-40,,0.78125,5.078125,,,,,,,,,,,,,1.58193,18.75,-3.90625,0,0.78125,5.078125,24,14.7,1,
1150,2026-09-02,13:56:48.67956,134.48663,,937.5,0,,0,11.875,775,27.843137254902,0,16,14.8,-40,,0.78125,5.078125,,,,,,,,,,,,,1.64052,18.75,-3.90625,0,0.78125,5.078125,24,14.7,3,
1151,2026-09-02,13:56:48.80454,134.61616,,968.75,0,,0,11.875,775,27.843137254902,0,16,14.8,-40,,0.78125,5.078125,,,,,,,,,,,,,1.52334,18.75,-3.7109375,0,0.78125,5.078125,24,14.7,0,
1152,2026-09-02,13:56:48.89826,134.71596,,968.75,0,,0,11.875,775,27.843137254902,0,16,14.8,-40,,0.78125,5.078125,,,,,,,,,,,,,1.58193,18.75,-3.7109375,0,0.78125,5.078125,24,14.7,2,
1153,2026-09-02,13:56:49.00051,134.81575,,968.75,0,,0,11.875,775,27.843137254902,0,15,14.8,-40,,0.78125,5.078125,,,,,,,,,,,,,1.52334,18.75,-3.7109375,0,0.78125,5.078125,24,14.7,1,
1154,2026-09-02,13:56:49.10986,134.92083,,968.75,0,,0,11.875,775,27.843137254902,0,15,14.7,-40,,0.78125,5.078125,,,,,,,,,,,,,1.54287,18.75,-3.7109375,0,0.78125,5.078125,24,14.7,3,
1155,2026-09-02,13:56:49.20410,135.02052,,937.5,0,,0,11.875,775,27.843137254902,0,16,14.9,-40,,0.78125,5.078125,,,,,,,,,,,,,1.64052,18.75,-3.7109375,0,0.78125,5.078125,24,14.7,4,
1156,2026-09-02,13:56:49.31345,135.12038,,937.5,0,,0,11.875,775,27.4509803921569,0,16,14.6,-40,,0.78125,5.078125,,,,,,,,,,,,,1.64052,18.75,-3.515625,0,0.78125,5.078125,24,14.7,4,
1157,2026-09-02,13:56:49.40718,135.22013,,937.5,0,,0,11.875,774,27.843137254902,0,16,14.8,-40,,0.78125,5.078125,,,,,,,,,,,,,1.60146,18.75,-3.515625,0,0.78125,5.078125,24,14.7,2,
1158,2026-09-02,13:56:49.51705,135.32094,,937.5,0,,0,11.875,775,27.843137254902,0,16,14.8,-40,,0.78125,5.078125,,,,,,,,,,,,,1.5624,18.75,-3.515625,0,0.78125,5.078125,24,14.7,2,
1159,2026-09-02,13:56:49.61077,135.42478,,937.5,0,,0,11.875,775,27.843137254902,0,17,14.7,-40,,0.78125,5.078125,,,,,,,,,,,,,1.52334,18.75,-3.515625,0,0.78125,5.078125,24,14.7,3,
1160,2026-09-02,13:56:49.72064,135.52991,,937.5,0,,0,11.875,775,27.843137254902,0,16,14.6,-40,,0.78125,5.078125,,,,,,,,,,,,,1.60146,18.75,-3.515625,0,0.78125,5.078125,24,14.7,3,
1161,2026-09-02,13:56:49.81468,135.6299,,937.5,0,,0,11.875,775,27.4509803921569,0,16,14.6,-40,,0.78125,5.078125,,,,,,,,,,,,,1.64052,18.75,-3.3203125,0,0.78125,5.078125,24,14.7,1,
1162,2026-09-02,13:56:49.93959,135.74518,,937.5,0,,0,11.5625,775,27.4509803921569,0,16,14.5,-40,,0.78125,5.078125,,,,,,,,,,,,,1.60146,18.75,-3.3203125,0,0.78125,5.078125,24,14.7,1,
1163,2026-09-02,13:56:50.04874,135.85978,,937.5,0,,0,11.5625,775,27.4509803921569,0,16,14.5,-40,,0.78125,5.078125,,,,,,,,,,,,,1.58193,18.75,-3.3203125,0,0.78125,5.078125,24,14.7,2,
1164,2026-09-02,13:56:50.17387,135.98944,,937.5,0,,0,11.5625,775,27.4509803921569,0,16,14.5,-40,,0.78125,5.078125,,,,,,,,,,,,,1.62099,18.75,-3.3203125,0,0.78125,5.078125,24,14.7,2,
1165,2026-09-02,13:56:50.29970,136.10938,,937.5,0,,0,11.875,774,27.843137254902,0,17,14.6,-40,,0.78125,5.078125,,,,,,,,,,,,,1.64052,18.75,-3.3203125,0,0.78125,5.078125,24,14.7,0,
1166,2026-09-02,13:56:50.40880,136.22445,,937.5,0,,0,11.875,774,27.843137254902,0,17,14.6,-40,,0.78125,5.078125,,,,,,,,,,,,,1.62099,18.75,-3.3203125,0,0.78125,5.078125,24,14.7,1,
1167,2026-09-02,13:56:50.53474,136.34415,,937.5,0,,0,11.875,775,27.843137254902,0,17,14.4,-40,,0.78125,5.078125,,,,,,,,,,,,,1.62099,18.75,-3.3203125,0,0.78125,5.078125,24,14.7,2,
1168,2026-09-02,13:56:50.64364,136.4516,,937.5,0,,0,11.5625,774,27.4509803921569,0,16,14.5,-40,,0.78125,5.078125,,,,,,,,,,,,,1.54287,18.75,-3.3203125,0,0.78125,5.078125,24,14.7,3,
1169,2026-09-02,13:56:50.76953,136.57877,,937.5,0,,0,11.875,775,27.843137254902,0,18,14.4,-40,,0.78125,5.078125,,,,,,,,,,,,,1.64052,18.75,-3.3203125,0,0.78125,5.078125,23,14.7,3,
1170,2026-09-02,13:56:50.86300,136.67882,,937.5,0,,0,11.875,775,27.843137254902,0,16,14.5,-40,,0.78125,5.078125,,,,,,,,,,,,,1.5624,18.75,-3.515625,0,0.78125,5.078125,24,14.7,3,
1171,2026-09-02,13:56:50.98802,136.80343,,937.5,0,,0,11.5625,775,27.4509803921569,0,16,14.6,-40,,0.78125,5.078125,,,,,,,,,,,,,1.52334,18.75,-3.515625,0,0.78125,5.078125,24,14.7,1,
1172,2026-09-02,13:56:51.09729,136.90314,,937.5,0,,0,11.5625,775,27.4509803921569,0,17,14.4,-40,,0.78125,5.078125,,,,,,,,,,,,,1.5624,18.75,-3.515625,0,0.78125,5.078125,23,14.7,3,
1173,2026-09-02,13:56:51.20718,137.01599,,937.5,0,,0,11.5625,774,27.4509803921569,0,17,14.5,-40,,0.78125,5.078125,,,,,,,,,,,,,1.64052,18.75,-3.515625,0,0.78125,5.078125,24,14.7,2,
1174,2026-09-02,13:56:51.33245,137.1429,,937.5,0,,0,11.5625,775,27.843137254902,0,17,14.6,-40,,0.78125,5.078125,,,,,,,,,,,,,1.50381,18.75,-3.7109375,0,0.78125,5.078125,23,14.7,2,
1175,2026-09-02,13:56:51.44169,137.24753,,937.5,0,,0,11.5625,774,27.843137254902,0,17,14.4,-40,,0.78125,5.078125,,,,,,,,,,,,,1.62099,18.75,-3.7109375,0,0.78125,5.078125,23,14.7,1,
1176,2026-09-02,13:56:51.56667,137.37224,,937.5,0,,0,11.5625,775,27.843137254902,0,17,14.6,-40,,0.78125,5.078125,,,,,,,,,,,,,1.52334,18.75,-3.7109375,0,0.78125,5.078125,23,14.7,1,
1177,2026-09-02,13:56:51.67583,137.48423,,937.5,0,,0,11.5625,775,27.843137254902,0,16,14.6,-40,,0.78125,5.078125,,,,,,,,,,,,,1.54287,18.75,-3.7109375,0,0.78125,5.078125,23,14.7,0,
1178,2026-09-02,13:56:51.80201,137.61215,,906.25,0,,0,11.5625,775,27.4509803921569,0,17,14.6,-40,,0.78125,5.078125,,,,,,,,,,,,,1.54287,18.75,-3.90625,0,0.78125,5.078125,23,14.7,0,
1179,2026-09-02,13:56:51.92672,137.73379,,937.5,0,,0,11.5625,775,27.4509803921569,0,17,14.7,-40,,0.78125,5.078125,,,,,,,,,,,,,1.52334,18.75,-3.90625,0,0.78125,5.078125,23,14.7,4,
1180,2026-09-02,13:56:52.03626,137.84646,,906.25,0,,0,11.875,775,27.843137254902,0,17,14.7,-40,,0.78125,5.078125,,,,,,,,,,,,,1.52334,18.75,-3.90625,0,0.78125,5.078125,23,14.7,1,
1181,2026-09-02,13:56:52.14536,137.95457,,937.5,0,,0,11.875,775,27.843137254902,0,17,14.6,-40,,0.78125,5.078125,,,,,,,,,,,,,1.64052,18.75,-3.90625,0,0.78125,5.078125,23,14.7,1,
1182,2026-09-02,13:56:52.30318,138.10946,,937.5,0,,0,11.875,775,27.843137254902,0,17,14.9,-40,,0.78125,5.078125,,,,,,,,,,,,,1.52334,18.75,-3.90625,0,0.78125,5.078125,23,14.7,5,
1183,2026-09-02,13:56:52.44364,138.25127,,906.25,0,,0,11.875,775,27.843137254902,0,18,14.7,-40,,0.78125,5.078125,,,,,,,,,,,,,1.5624,18.75,-4.1015625,0,0.78125,5.078125,23,14.7,1,
1184,2026-09-02,13:56:52.58486,138.39557,,906.25,0,,0,11.875,775,27.843137254902,0,20,14.9,-40,,0.78125,5.078125,,,,,,,,,,,,,1.64052,18.75,-4.1015625,0,0.78125,5.078125,23,14.7,1,
1185,2026-09-02,13:56:52.71079,138.51759,,906.25,0,,0,11.875,775,27.843137254902,0,17,14.8,-40,,0.78125,5.078125,,,,,,,,,,,,,1.52334,18.75,-4.1015625,0,0.78125,5.078125,23,14.7,2,
1186,2026-09-02,13:56:52.82050,138.62999,,906.25,0,,0,11.875,775,27.843137254902,0,19,14.8,-40,,0.78125,5.078125,,,,,,,,,,,,,1.52334,18.75,-3.90625,0,0.78125,5.078125,23,14.7,4,
1187,2026-09-02,13:56:52.94518,138.75551,,937.5,0,,0,11.875,775,27.843137254902,0,17,14.8,-40,,0.78125,5.078125,,,,,,,,,,,,,1.64052,18.75,-3.90625,0,0.78125,5.078125,23,14.7,1,
1188,2026-09-02,13:56:53.05540,138.8701,,937.5,0,,0,11.875,775,27.843137254902,0,16,14.8,-40,,0.78125,5.078125,,,,,,,,,,,,,1.60146,18.75,-3.90625,0,0.78125,5.078125,23,14.7,1,
1189,2026-09-02,13:56:53.18031,138.99485,,937.5,0,,0,11.5625,775,27.843137254902,0,16,14.8,-40,,0.78125,5.078125,,,,,,,,,,,,,1.60146,18.75,-3.90625,0,0.78125,5.078125,23,14.7,1,
1190,2026-09-02,13:56:53.30562,139.11423,,937.5,0,,0,11.875,775,27.843137254902,0,17,14.8,-40,,0.78125,5.078125,,,,,,,,,,,,,1.64052,18.75,-3.7109375,0,0.78125,5.078125,23,14.7,3,
1191,2026-09-02,13:56:53.39915,139.21425,,937.5,0,,0,11.875,775,27.843137254902,0,16,14.8,-40,,0.78125,5.078125,,,,,,,,,,,,,1.58193,18.75,-3.7109375,0,0.78125,5.078125,23,14.7,0,
1192,2026-09-02,13:56:53.52467,139.33941,,937.5,0,,0,11.875,775,27.843137254902,0,17,14.7,-40,,0.78125,5.078125,,,,,,,,,,,,,1.62099,18.75,-3.7109375,0,0.78125,5.078125,23,14.7,2,
1193,2026-09-02,13:56:53.66535,139.47903,,937.5,0,,0,11.875,776,27.843137254902,0,16,14.8,-40,,0.78125,5.078125,,,,,,,,,,,,,1.5624,18.75,-3.7109375,0,0.78125,5.078125,23,14.7,0,
1194,2026-09-02,13:56:53.79045,139.604,,937.5,0,,0,11.875,775,27.843137254902,0,16,14.5,-40,,0.78125,5.078125,,,,,,,,,,,,,1.62099,18.75,-3.515625,0,0.78125,5.078125,23,14.7,1,
1195,2026-09-02,13:56:53.91554,139.73361,,937.5,0,,0,11.875,775,27.843137254902,0,16,14.6,-40,,0.78125,5.078125,,,,,,,,,,,,,1.64052,18.75,-3.515625,0,0.78125,5.078125,23,14.7,3,
1196,2026-09-02,13:56:54.02559,139.83855,,937.5,0,,0,11.875,775,27.843137254902,0,16,14.5,-40,,0.78125,5.078125,,,,,,,,,,,,,1.64052,18.75,-3.515625,0,0.78125,5.078125,23,14.7,1,
1197,2026-09-02,13:56:54.13537,139.94786,,937.5,0,,0,11.875,775,27.843137254902,0,16,14.6,-40,,0.78125,5.078125,,,,,,,,,,,,,1.52334,18.75,-3.515625,0,0.78125,5.078125,23,14.7,2,
1198,2026-09-02,13:56:54.24426,140.05011,,937.5,0,,0,11.875,775,27.843137254902,0,17,14.6,-40,,0.78125,5.078125,,,,,,,,,,,,,1.52334,18.75,-3.515625,0,0.78125,5.078125,23,14.7,3,
1199,2026-09-02,13:56:54.36972,140.17519,,906.25,0,,0,11.875,775,27.843137254902,0,17,14.5,-40,,0.78125,5.078125,,,,,,,,,,,,,1.60146,18.75,-3.3203125,0,0.78125,5.078125,23,14.7,3,
1200,2026-09-02,13:56:54.52628,140.33474,,937.5,0,,0,11.875,775,27.843137254902,0,16,14.6,-40,,0.78125,5.078125,,,,,,,,,,,,,1.58193,18.75,-3.3203125,0,0.78125,5.078125,23,14.7,0,
1201,2026-09-02,13:56:54.65126,140.46215,,937.5,0,,0,11.5625,775,27.4509803921569,0,16,14.4,-40,,0.78125,5.078125,,,,,,,,,,,,,1.62099,18.75,-3.515625,0,0.78125,5.078125,23,14.7,1,
1202,2026-09-02,13:56:54.79227,140.60237,,937.5,0,,0,11.5625,775,27.4509803921569,0,15,14.6,-40,,0.78125,5.078125,,,,,,,,,,,,,1.60146,18.75,-3.515625,0,0.78125,5.078125,23,14.7,1,
1203,2026-09-02,13:56:54.91758,140.72717,,937.5,0,,0,11.5625,775,27.4509803921569,0,15,14.5,-40,,0.78125,5.078125,,,,,,,,,,,,,1.64052,18.75,-3.515625,0,0.78125,5.078125,22,14.7,2,
1204,2026-09-02,13:56:55.02712,140.83376,,937.5,0,,0,11.875,775,27.843137254902,0,16,14.4,-40,,0.78125,5.078125,,,,,,,,,,,,,1.64052,18.75,-3.515625,0,0.78125,5.078125,23,14.7,1,
1205,2026-09-02,13:56:55.13676,140.94173,,937.5,0,,0,11.5625,775,27.843137254902,0,15,14.6,-40,,0.78125,5.078125,,,,,,,,,,,,,1.58193,18.75,-3.7109375,0,0.78125,5.078125,22,14.7,4,
1206,2026-09-02,13:56:55.26172,141.06618,,937.5,0,,0,11.5625,775,27.4509803921569,0,16,14.4,-40,,0.78125,5.078125,,,,,,,,,,,,,1.62099,18.75,-3.7109375,0,0.78125,5.078125,22,14.7,2,
1207,2026-09-02,13:56:55.37096,141.18012,,937.5,0,,0,11.5625,776,27.4509803921569,0,16,14.6,-40,,0.78125,5.078125,,,,,,,,,,,,,1.52334,18.75,-3.7109375,0,0.78125,5.078125,22,14.7,2,
1208,2026-09-02,13:56:55.51202,141.32141,,937.5,0,,0,11.875,775,27.843137254902,0,17,14.5,-40,,0.78125,5.078125,,,,,,,,,,,,,1.52334,18.75,-3.7109375,0,0.78125,5.078125,22,14.7,5,
1209,2026-09-02,13:56:55.62175,141.43068,,906.25,0,,0,11.875,775,27.843137254902,0,17,14.6,-40,,0.78125,5.078125,,,,,,,,,,,,,1.5624,18.75,-3.90625,0,0.78125,5.078125,23,14.7,3,
1210,2026-09-02,13:56:55.74691,141.5557,,937.5,0,,0,11.875,775,27.843137254902,0,16,14.7,-40,,0.78125,5.078125,,,,,,,,,,,,,1.54287,18.75,-3.90625,0,0.78125,5.078125,22,14.7,1,
1211,2026-09-02,13:56:55.87206,141.68036,,937.5,0,,0,11.875,775,27.843137254902,0,17,14.7,-40,,0.78125,5.078125,,,,,,,,,,,,,1.52334,18.75,-3.90625,0,0.78125,5.078125,22,14.7,3,
1212,2026-09-02,13:56:55.98177,141.78989,,937.5,0,,0,11.875,775,27.843137254902,0,17,14.8,-40,,0.78125,5.078125,,,,,,,,,,,,,1.52334,18.75,-3.90625,0,0.78125,5.078125,22,14.7,3,
1213,2026-09-02,13:56:56.12239,141.92539,,937.5,0,,0,11.875,775,27.843137254902,0,17,14.8,-40,,0.78125,5.078125,,,,,,,,,,,,,1.62099,18.75,-4.1015625,0,0.78125,5.078125,22,14.7,1,
1214,2026-09-02,13:56:56.23213,142.04992,,937.5,0,,0,11.875,775,27.843137254902,0,17,14.9,-40,,0.78125,5.078125,,,,,,,,,,,,,1.62099,18.75,-4.1015625,0,0.78125,5.078125,22,14.7,2,
1215,2026-09-02,13:56:56.34164,142.15991,,906.25,0,,0,11.875,775,27.843137254902,0,17,14.8,-40,,0.78125,5.078125,,,,,,,,,,,,,1.5624,18.75,-4.1015625,0,0.78125,5.078125,22,14.7,1,
1216,2026-09-02,13:56:56.46659,142.28463,,906.25,0,,0,11.875,775,27.843137254902,0,18,14.7,-40,,0.78125,5.078125,,,,,,,,,,,,,1.52334,18.75,-3.90625,0,0.78125,5.078125,22,14.7,4,
1217,2026-09-02,13:56:56.57644,142.38443,,937.5,0,,0,11.875,775,27.843137254902,0,17,14.8,-40,,0.78125,5.078125,,,,,,,,,,,,,1.5624,18.75,-3.90625,0,0.78125,5.078125,22,14.7,2,
1218,2026-09-02,13:56:56.70142,142.50433,,937.5,0,,0,11.875,774,27.843137254902,0,16,14.8,-40,,0.78125,5.078125,,,,,,,,,,,,,1.52334,18.75,-3.90625,0,0.78125,5.078125,22,14.7,0,
1219,2026-09-02,13:56:56.79602,142.60909,,937.5,0,,0,11.875,775,27.843137254902,0,17,14.9,-40,,0.78125,5.078125,,,,,,,,,,,,,1.52334,18.75,-3.90625,0,0.78125,5.078125,22,14.7,2,
1220,2026-09-02,13:56:56.90568,142.71897,,937.5,0,,0,11.875,775,27.843137254902,0,17,14.7,-40,,0.78125,5.078125,,,,,,,,,,,,,1.62099,18.75,-3.7109375,0,0.78125,5.078125,22,14.7,3,
1221,2026-09-02,13:56:57.01502,142.82894,,937.5,0,,0,11.875,775,27.843137254902,0,16,14.7,-40,,0.78125,5.078125,,,,,,,,,,,,,1.58193,18.75,-3.7109375,0,0.78125,5.078125,22,14.7,2,
1222,2026-09-02,13:56:57.14000,142.95361,,937.5,0,,0,11.875,775,27.843137254902,0,16,14.7,-40,,0.78125,5.078125,,,,,,,,,,,,,1.5624,18.75,-3.7109375,0,0.78125,5.078125,22,14.7,1,
1223,2026-09-02,13:56:57.26552,143.08312,,937.5,0,,0,11.875,775,27.4509803921569,0,15,14.6,-40,,0.78125,5.078125,,,,,,,,,,,,,1.58193,18.75,-3.7109375,0,0.78125,5.078125,22,14.7,0,
1224,2026-09-02,13:56:57.37501,143.19274,,937.5,0,,0,11.5625,775,27.4509803921569,0,15,14.6,-40,,0.78125,5.078125,,,,,,,,,,,,,1.54287,18.75,-3.7109375,0,0.78125,5.078125,22,14.7,4,
1225,2026-09-02,13:56:57.50043,143.30598,,937.5,0,,0,11.5625,775,27.4509803921569,0,16,14.5,-40,,0.78125,5.078125,,,,,,,,,,,,,1.60146,18.75,-3.515625,0,0.78125,5.078125,22,14.7,2,
1226,2026-09-02,13:56:57.60979,143.41262,,937.5,0,,0,11.5625,775,27.4509803921569,0,16,14.6,-40,,0.78125,5.078125,,,,,,,,,,,,,1.52334,18.75,-3.515625,0,0.78125,5.078125,22,14.7,2,
1227,2026-09-02,13:56:57.71937,143.52487,,906.25,0,,0,11.5625,775,27.4509803921569,0,16,14.5,-40,,0.78125,5.078125,,,,,,,,,,,,,1.60146,18.75,-3.515625,0,0.78125,5.078125,22,14.7,2,
1228,2026-09-02,13:56:57.82919,143.6424,,937.5,0,,0,11.5625,774,27.4509803921569,0,16,14.5,-40,,0.78125,5.078125,,,,,,,,,,,,,1.64052,18.75,-3.515625,0,0.78125,5.078125,22,14.7,1,
1229,2026-09-02,13:56:57.93887,143.74676,,937.5,0,,0,11.5625,774,27.4509803921569,0,16,14.7,-40,,0.78125,5.078125,,,,,,,,,,,,,1.5624,18.75,-3.3203125,0,0.78125,5.078125,22,14.7,3,
1230,2026-09-02,13:56:58.06408,143.86966,,937.5,0,,0,11.5625,775,27.4509803921569,0,16,14.5,-40,,0.78125,5.078125,,,,,,,,,,,,,1.62099,18.75,-3.3203125,0,0.78125,5.078125,22,14.7,2,
1231,2026-09-02,13:56:58.17374,143.97696,,937.5,0,,0,11.5625,775,27.4509803921569,0,16,14.7,-40,,0.78125,5.078125,,,,,,,,,,,,,1.60146,18.75,-3.3203125,0,0.78125,5.078125,22,14.7,3,
1232,2026-09-02,13:56:58.28325,144.08936,,937.5,0,,0,11.5625,775,27.4509803921569,0,15,14.4,-40,,0.78125,5.078125,,,,,,,,,,,,,1.54287,18.75,-3.515625,0,0.78125,5.078125,22,14.7,3,
1233,2026-09-02,13:56:58.37650,144.19126,,937.5,0,,0,11.5625,774,27.4509803921569,0,16,14.4,-40,,0.78125,5.078125,,,,,,,,,,,,,1.52334,18.75,-3.515625,0,0.78125,5.078125,22,14.7,2,
1234,2026-09-02,13:56:58.50260,144.31112,,937.5,0,,0,11.5625,775,27.4509803921569,0,16,14.5,-40,,0.78125,5.078125,,,,,,,,,,,,,1.64052,18.75,-3.515625,0,0.78125,5.078125,22,14.7,4,
1235,2026-09-02,13:56:58.59665,144.41128,,937.5,0,,0,11.5625,775,27.4509803921569,0,16,14.5,-40,,0.78125,5.078125,,,,,,,,,,,,,1.5624,18.75,-3.515625,0,0.78125,5.078125,22,14.7,3,
1236,2026-09-02,13:56:58.72178,144.53053,,906.25,0,,0,11.5625,775,27.4509803921569,0,16,14.3,-40,,0.78125,5.078125,,,,,,,,,,,,,1.54287,18.75,-3.515625,0,0.78125,5.078125,22,14.7,2,
1237,2026-09-02,13:56:58.86244,144.67589,,906.25,0,,0,11.5625,774,27.4509803921569,0,16,14.4,-40,,0.78125,5.078125,,,,,,,,,,,,,1.58193,18.75,-3.7109375,0,0.78125,5.078125,22,14.7,3,
1238,2026-09-02,13:56:58.98733,144.8006,,906.25,0,,0,11.5625,775,27.4509803921569,0,17,14.3,-40,,0.78125,5.078125,,,,,,,,,,,,,1.52334,18.75,-3.7109375,0,0.78125,5.078125,22,14.7,2,
1239,2026-09-02,13:56:59.11308,144.93037,,906.25,0,,0,11.875,775,27.843137254902,0,18,14.6,-40,,0.78125,5.078125,,,,,,,,,,,,,1.50381,18.75,-3.7109375,0,0.78125,5.078125,21,14.7,1,
1240,2026-09-02,13:56:59.22241,145.03524,,906.25,0,,0,11.875,775,27.843137254902,0,18,14.5,-40,,0.78125,5.078125,,,,,,,,,,,,,1.62099,18.75,-3.7109375,0,0.78125,5.078125,21,14.7,2,
1241,2026-09-02,13:56:59.36378,145.17943,,906.25,0,,0,11.875,775,27.843137254902,0,17,14.5,-40,,0.78125,5.078125,,,,,,,,,,,,,1.62099,18.75,-3.90625,0,0.78125,5.078125,22,14.7,5,
1242,2026-09-02,13:56:59.50447,145.31249,,906.25,0,,0,11.5625,775,27.4509803921569,0,16,14.9,-40,,0.78125,5.078125,,,,,,,,,,,,,1.62099,18.75,-3.90625,0,0.78125,5.078125,21,14.7,4,
1243,2026-09-02,13:56:59.67600,145.48917,,906.25,0,,0,11.875,775,27.843137254902,0,17,14.6,-40,,0.78125,5.078125,,,,,,,,,,,,,1.52334,18.75,-3.90625,0,0.78125,5.078125,21,14.7,3,
1244,2026-09-02,13:56:59.80194,145.61929,,906.25,0,,0,11.875,775,27.843137254902,0,17,14.7,-40,,0.78125,5.078125,,,,,,,,,,,,,1.58193,18.75,-3.90625,0,0.78125,5.078125,22,14.7,3,
1245,2026-09-02,13:56:59.91129,145.7191,,906.25,0,,0,11.875,775,27.843137254902,0,17,14.7,-40,,0.78125,5.078125,,,,,,,,,,,,,1.62099,18.75,-4.1015625,0,0.78125,5.078125,21,14.7,2,
1246,2026-09-02,13:57:00.03680,145.85342,,906.25,0,,0,11.875,775,27.843137254902,0,16,14.6,-40,,0.78125,5.078125,,,,,,,,,,,,,1.50381,18.75,-4.1015625,0,0.78125,5.078125,21,14.7,1,
1247,2026-09-02,13:57:00.14614,145.95617,,906.25,0,,0,11.5625,774,27.843137254902,0,17,14.8,-40,,0.78125,5.078125,,,,,,,,,,,,,1.60146,18.75,-4.1015625,0,0.78125,5.078125,21,14.7,5,
1248,2026-09-02,13:57:00.30991,146.11616,,937.5,0,,0,11.875,774,27.843137254902,0,16,14.7,-40,,0.78125,5.078125,,,,,,,,,,,,,1.54287,18.75,-4.1015625,0,0.78125,5.078125,21,14.7,1,
1249,2026-09-02,13:57:00.43502,146.24054,,906.25,0,,0,11.875,775,27.843137254902,0,17,14.7,-40,,0.78125,5.078125,,,,,,,,,,,,,1.62099,18.75,-4.296875,0,0.78125,5.078125,21,14.7,1,
1250,2026-09-02,13:57:00.54493,146.34802,,906.25,0,,0,11.875,775,27.843137254902,0,17,14.9,-40,,0.78125,5.078125,,,,,,,,,,,,,1.62099,18.75,-4.296875,0,0.78125,5.078125,21,14.7,2,
1251,2026-09-02,13:57:00.68552,146.50285,,906.25,0,,0,11.875,774,27.843137254902,0,17,14.8,-40,,0.78125,5.078125,,,,,,,,,,,,,1.60146,18.75,-4.1015625,0,0.78125,5.078125,21,14.7,1,
1252,2026-09-02,13:57:00.81096,146.62248,,906.25,0,,0,11.875,775,27.843137254902,0,16,14.8,-40,,0.78125,5.078125,,,,,,,,,,,,,1.54287,18.75,-4.1015625,0,0.78125,5.078125,21,14.7,4,
1253,2026-09-02,13:57:00.92025,146.73228,,906.25,0,,0,11.875,775,27.843137254902,0,16,14.9,-40,,0.78125,5.078125,,,,,,,,,,,,,1.60146,18.75,-4.1015625,0,0.78125,5.078125,21,14.7,1,
1254,2026-09-02,13:57:01.04570,146.85731,,906.25,0,,0,11.875,775,27.843137254902,0,18,14.8,-40,,0.78125,5.078125,,,,,,,,,,,,,1.62099,18.75,-4.1015625,0,0.78125,5.078125,21,14.7,2,
1255,2026-09-02,13:57:01.15504,146.97214,,937.5,0,,0,11.875,775,27.843137254902,0,16,14.8,-40,,0.78125,5.078125,,,,,,,,,,,,,1.64052,18.75,-3.90625,0,0.78125,5.078125,21,14.7,3,
1256,2026-09-02,13:57:01.26506,147.07201,,906.25,0,,0,11.875,775,27.843137254902,0,17,14.7,-40,,0.78125,5.078125,,,,,,,,,,,,,1.5624,18.75,-3.90625,0,0.78125,5.078125,21,14.7,3,
1257,2026-09-02,13:57:01.39006,147.20176,,906.25,0,,0,11.875,775,27.843137254902,0,17,14.7,-40,,0.78125,5.078125,,,,,,,,,,,,,1.54287,18.75,-3.90625,0,0.78125,5.078125,21,14.7,0,
1258,2026-09-02,13:57:01.49941,147.30969,,906.25,0,,0,11.875,775,27.843137254902,0,17,14.8,-40,,0.78125,5.078125,,,,,,,,,,,,,1.52334,18.75,-3.90625,0,0.78125,5.078125,21,14.7,1,
1259,2026-09-02,13:57:01.62511,147.43407,,906.25,0,,0,11.875,775,27.843137254902,0,16,14.7,-40,,0.78125,5.078125,,,,,,,,,,,,,1.5624,18.75,-3.90625,0,0.78125,5.078125,21,14.7,1,
1260,2026-09-02,13:57:01.73443,147.54583,,906.25,0,,0,11.875,774,27.843137254902,0,17,14.8,-40,,0.78125,5.078125,,,,,,,,,,,,,1.54287,18.75,-3.7109375,0,0.78125,5.078125,21,14.7,0,
1261,2026-09-02,13:57:01.85939,147.67102,,906.25,0,,0,11.875,775,27.843137254902,0,16,14.8,-40,,0.78125,5.078125,,,,,,,,,,,,,1.64052,18.75,-3.7109375,0,0.78125,5.078125,21,14.7,1,
1262,2026-09-02,13:57:01.98441,147.80077,,906.25,0,,0,11.875,775,27.843137254902,0,16,14.7,-40,,0.78125,5.078125,,,,,,,,,,,,,1.60146,18.75,-3.7109375,0,0.78125,5.078125,21,14.7,2,
1263,2026-09-02,13:57:02.11054,147.92563,,937.5,0,,0,11.875,775,27.843137254902,0,16,14.6,-40,,0.78125,5.078125,,,,,,,,,,,,,1.60146,18.75,-3.7109375,0,0.78125,5.078125,21,14.7,1,
1264,2026-09-02,13:57:02.23585,148.04558,,937.5,0,,0,11.875,775,27.843137254902,0,16,14.5,-40,,0.78125,5.078125,,,,,,,,,,,,,1.60146,18.75,-3.515625,0,0.78125,5.078125,21,14.7,1,
1265,2026-09-02,13:57:02.34541,148.15243,,937.5,0,,0,11.875,775,27.843137254902,0,16,14.6,-40,,0.78125,5.078125,,,,,,,,,,,,,1.54287,18.75,-3.515625,0,0.78125,5.078125,21,14.7,0,
1266,2026-09-02,13:57:02.45501,148.26503,,906.25,0,,0,11.875,774,27.843137254902,0,16,14.5,-40,,0.78125,5.078125,,,,,,,,,,,,,1.52334,18.75,-3.515625,0,0.78125,5.078125,21,14.7,3,
1267,2026-09-02,13:57:02.57998,148.39458,,906.25,0,,0,11.875,774,27.843137254902,0,17,14.6,-40,,0.78125,5.078125,,,,,,,,,,,,,1.64052,18.75,-3.515625,0,0.78125,5.078125,21,14.7,1,
1268,2026-09-02,13:57:02.70462,148.51921,,937.5,0,,0,11.875,775,27.843137254902,0,15,14.6,-40,,0.78125,5.078125,,,,,,,,,,,,,1.62099,18.75,-3.515625,0,0.78125,5.078125,21,14.7,1,
1269,2026-09-02,13:57:02.83115,148.64463,,937.5,0,,0,11.5625,775,27.843137254902,0,16,14.4,-40,,0.78125,5.078125,,,,,,,,,,,,,1.64052,18.75,-3.515625,0,0.78125,5.078125,21,14.7,1,
1270,2026-09-02,13:57:02.94050,148.74902,,906.25,0,,0,11.875,775,27.843137254902,0,16,14.6,-40,,0.78125,5.078125,,,,,,,,,,,,,1.60146,18.75,-3.515625,0,0.78125,5.078125,21,14.7,0,
1271,2026-09-02,13:57:03.06548,148.87911,,937.5,0,,0,11.875,775,27.843137254902,0,16,14.4,-40,,0.78125,5.078125,,,,,,,,,,,,,1.62099,18.75,-3.515625,0,0.78125,5.078125,21,14.7,0,
1272,2026-09-02,13:57:03.17482,148.98393,,937.5,0,,0,11.875,775,27.843137254902,0,16,14.5,-40,,0.78125,5.078125,,,,,,,,,,,,,1.64052,18.75,-3.515625,0,0.78125,5.078125,21,14.7,2,
1273,2026-09-02,13:57:03.28425,149.09823,,906.25,0,,0,11.875,775,27.843137254902,0,16,14.4,-40,,0.78125,5.078125,,,,,,,,,,,,,1.62099,18.75,-3.7109375,0,0.78125,5.078125,21,14.7,1,
1274,2026-09-02,13:57:03.40922,149.22352,,937.5,0,,0,11.875,774,27.843137254902,0,16,14.3,-40,,0.78125,5.078125,,,,,,,,,,,,,1.62099,18.75,-3.7109375,0,0.78125,5.078125,20,14.7,0,
1275,2026-09-02,13:57:03.53504,149.34822,,937.5,0,,0,11.875,775,27.843137254902,0,16,14.6,-40,,0.78125,5.078125,,,,,,,,,,,,,1.62099,18.75,-3.7109375,0,0.78125,5.078125,20,14.7,2,
1276,2026-09-02,13:57:03.65991,149.47064,,937.5,0,,0,11.875,775,27.843137254902,0,16,14.5,-40,,0.78125,5.078125,,,,,,,,,,,,,1.60146,18.75,-3.7109375,0,0.78125,5.078125,20,14.7,1,
1277,2026-09-02,13:57:03.76970,149.57826,,906.25,0,,0,11.875,775,27.843137254902,0,16,14.6,-40,,0.78125,5.078125,,,,,,,,,,,,,1.60146,18.75,-3.90625,0,0.78125,5.078125,20,14.7,0,
1278,2026-09-02,13:57:03.86392,149.6778,,906.25,0,,0,11.875,775,27.843137254902,0,17,14.5,-40,,0.78125,5.078125,,,,,,,,,,,,,1.60146,18.75,-3.90625,0,0.78125,5.078125,20,14.7,1,
1279,2026-09-02,13:57:03.98852,149.80253,,906.25,0,,0,11.875,775,27.843137254902,0,16,14.5,-40,,0.78125,5.078125,,,,,,,,,,,,,1.52334,18.75,-3.90625,0,0.78125,5.078125,20,14.7,2,
1280,2026-09-02,13:57:04.11381,149.92742,,937.5,0,,0,11.875,775,27.843137254902,0,15,14.6,-40,,0.78125,5.078125,,,,,,,,,,,,,1.5624,18.75,-3.90625,0,0.78125,5.078125,20,14.7,3,
1281,2026-09-02,13:57:04.22321,150.03727,,906.25,0,,0,11.875,775,27.843137254902,0,16,14.6,-40,,0.78125,5.078125,,,,,,,,,,,,,1.62099,18.75,-3.90625,0,0.78125,5.078125,20,14.7,1,
1282,2026-09-02,13:57:04.34872,150.16216,,906.25,0,,0,11.875,775,27.843137254902,0,16,14.5,-40,,0.78125,5.078125,,,,,,,,,,,,,1.52334,18.75,-4.1015625,0,0.78125,5.078125,20,14.7,1,
1283,2026-09-02,13:57:04.45811,150.26704,,906.25,0,,0,11.875,775,27.843137254902,0,15,14.7,-40,,0.78125,5.078125,,,,,,,,,,,,,1.60146,18.75,-4.1015625,0,0.78125,5.078125,20,14.7,0,
1284,2026-09-02,13:57:04.58309,150.39616,,906.25,0,,0,11.875,774,27.843137254902,0,16,14.8,-40,,0.78125,5.078125,,,,,,,,,,,,,1.52334,18.75,-4.1015625,0,0.78125,5.078125,20,14.7,1,
1285,2026-09-02,13:57:04.72326,150.52952,,906.25,0,,0,11.875,775,27.843137254902,0,16,14.9,-40,,0.78125,5.078125,,,,,,,,,,,,,1.5624,18.75,-4.1015625,0,0.78125,5.078125,20,14.7,1,
1286,2026-09-02,13:57:04.83317,150.64585,,906.25,0,,0,11.875,774,27.843137254902,0,17,14.8,-40,,0.78125,5.078125,,,,,,,,,,,,,1.52334,18.75,-4.1015625,0,0.78125,5.078125,20,14.7,0,
1287,2026-09-02,13:57:04.95814,150.76114,,906.25,0,,0,11.875,775,27.843137254902,0,17,15,-40,,0.78125,5.078125,,,,,,,,,,,,,1.54287,18.75,-4.1015625,0,0.78125,5.078125,20,14.7,2,
1288,2026-09-02,13:57:05.06780,150.88591,,906.25,0,,0,11.875,775,27.843137254902,0,15,14.8,-40,,0.78125,5.078125,,,,,,,,,,,,,1.5624,18.75,-4.1015625,0,0.78125,5.078125,20,14.7,1,
1289,2026-09-02,13:57:05.17714,150.99014,,906.25,0,,0,11.875,775,27.843137254902,0,16,14.8,-40,,0.78125,5.078125,,,,,,,,,,,,,1.64052,18.75,-3.90625,0,0.78125,5.078125,20,14.7,4,
1290,2026-09-02,13:57:05.30256,151.11533,,906.25,0,,0,11.875,774,27.843137254902,0,16,14.8,-40,,0.78125,5.078125,,,,,,,,,,,,,1.60146,18.75,-3.90625,0,0.78125,5.078125,20,14.7,5,
1291,2026-09-02,13:57:05.42753,151.23761,,906.25,0,,0,11.875,775,27.843137254902,0,15,14.8,-40,,0.78125,5.078125,,,,,,,,,,,,,1.62099,18.75,-3.90625,0,0.78125,5.078125,20,14.7,1,
1292,2026-09-02,13:57:05.53726,151.34025,,906.25,0,,0,11.875,775,27.843137254902,0,15,14.8,-40,,0.78125,5.078125,,,,,,,,,,,,,1.50381,18.75,-3.90625,0,0.78125,5.078125,20,14.7,0,
1293,2026-09-02,13:57:05.67788,151.48754,,906.25,0,,0,11.875,774,27.843137254902,0,15,14.8,-40,,0.78125,5.078125,,,,,,,,,,,,,1.50381,18.75,-3.7109375,0,0.78125,5.078125,20,14.7,3,
1294,2026-09-02,13:57:05.80344,151.61977,,906.25,0,,0,11.875,774,27.843137254902,0,15,14.7,-40,,0.78125,5.078125,,,,,,,,,,,,,1.52334,18.75,-3.7109375,0,0.78125,5.078125,20,14.7,0,
1295,2026-09-02,13:57:05.92841,151.74445,,906.25,0,,0,11.875,775,27.843137254902,0,15,14.7,-40,,0.78125,5.078125,,,,,,,,,,,,,1.60146,18.75,-3.7109375,0,0.78125,5.078125,20,14.7,2,
1296,2026-09-02,13:57:06.03834,151.85428,,906.25,0,,0,11.875,775,27.843137254902,0,15,14.6,-40,,0.78125,5.078125,,,,,,,,,,,,,1.62099,18.75,-3.7109375,0,0.78125,5.078125,20,14.7,1,
1297,2026-09-02,13:57:06.14792,151.95885,,906.25,0,,0,11.875,774,27.843137254902,0,15,14.6,-40,,0.78125,5.078125,,,,,,,,,,,,,1.54287,18.75,-3.7109375,0,0.78125,5.078125,20,14.7,0,
1298,2026-09-02,13:57:06.24153,152.05892,,937.5,0,,0,11.875,775,27.843137254902,0,14,14.5,-40,,0.78125,5.078125,,,,,,,,,,,,,1.52334,18.75,-3.515625,0,0.78125,5.078125,20,14.7,4,
1299,2026-09-02,13:57:06.35135,152.16876,,906.25,0,,0,11.875,775,27.843137254902,0,15,14.6,-40,,0.78125,5.078125,,,,,,,,,,,,,1.60146,18.75,-3.515625,0,0.78125,5.078125,20,14.7,5,
1300,2026-09-02,13:57:06.46070,152.27088,,906.25,0,,0,11.875,775,27.843137254902,0,15,14.5,-40,,0.78125,5.078125,,,,,,,,,,,,,1.64052,18.75,-3.515625,0,0.78125,5.078125,20,14.7,0,
1301,2026-09-02,13:57:06.55522,152.37345,,906.25,0,,0,11.875,775,27.843137254902,0,15,14.5,-40,,0.78125,5.078125,,,,,,,,,,,,,1.64052,18.75,-3.515625,0,0.78125,5.078125,20,14.7,0,
1302,2026-09-02,13:57:06.66496,152.47329,,906.25,0,,0,11.875,775,27.843137254902,0,16,14.6,-40,,0.78125,5.078125,,,,,,,,,,,,,1.62099,18.75,-3.515625,0,0.78125,5.078125,20,14.7,4,
1303,2026-09-02,13:57:06.78983,152.6031,,906.25,0,,0,11.875,775,27.843137254902,0,15,14.5,-40,,0.78125,5.078125,,,,,,,,,,,,,1.52334,18.75,-3.3203125,0,0.78125,5.078125,20,14.7,1,
1304,2026-09-02,13:57:06.91489,152.73267,,937.5,0,,0,11.875,775,27.843137254902,0,14,14.6,-40,,0.78125,5.078125,,,,,,,,,,,,,1.52334,18.75,-3.515625,0,0.78125,5.078125,20,14.7,2,
1305,2026-09-02,13:57:07.05542,152.86659,,937.5,0,,0,11.5625,775,27.843137254902,0,15,14.6,-40,,0.78125,5.078125,,,,,,,,,,,,,1.5624,18.75,-3.515625,0,0.78125,5.078125,20,14.7,1,
1306,2026-09-02,13:57:07.18039,152.99019,,906.25,0,,0,11.875,775,27.843137254902,0,15,14.5,-40,,0.78125,5.078125,,,,,,,,,,,,,1.58193,18.75,-3.515625,0,0.78125,5.078125,20,14.7,1,
1307,2026-09-02,13:57:07.30592,153.11613,,906.25,0,,0,11.875,775,27.843137254902,0,15,14.5,-40,,0.78125,5.078125,,,,,,,,,,,,,1.64052,18.75,-3.515625,0,0.78125,5.078125,19,14.7,3,
1308,2026-09-02,13:57:07.41530,153.2271,,906.25,0,,0,11.875,774,27.843137254902,0,16,14.4,-40,,0.78125,5.078125,,,,,,,,,,,,,1.62099,18.75,-3.7109375,0,0.78125,5.078125,20,14.7,3,
1309,2026-09-02,13:57:07.54026,153.35185,,906.25,0,,0,11.875,775,27.843137254902,0,15,14.3,-40,,0.78125,5.078125,,,,,,,,,,,,,1.5624,18.75,-3.7109375,0,0.78125,5.078125,20,14.7,1,
1310,2026-09-02,13:57:07.65035,153.46647,,937.5,0,,0,11.875,775,27.843137254902,0,15,14.4,-40,,0.78125,5.078125,,,,,,,,,,,,,1.62099,18.75,-3.7109375,0,0.78125,5.078125,20,14.7,0,
1311,2026-09-02,13:57:07.77532,153.58634,,906.25,0,,0,11.875,774,27.843137254902,0,15,14.5,-40,,0.78125,5.078125,,,,,,,,,,,,,1.64052,18.75,-3.7109375,0,0.78125,5.078125,19,14.7,1,
1312,2026-09-02,13:57:07.88467,153.7014,,906.25,0,,0,11.875,776,27.843137254902,0,16,14.6,-40,,0.78125,5.078125,,,,,,,,,,,,,1.54287,18.75,-3.7109375,0,0.78125,5.078125,20,14.7,0,
1313,2026-09-02,13:57:07.99402,153.81115,,906.25,0,,0,11.875,775,27.843137254902,0,15,14.6,-40,,0.78125,5.078125,,,,,,,,,,,,,1.5624,18.75,-3.90625,0,0.78125,5.078125,19,14.7,1,
1314,2026-09-02,13:57:08.12017,153.93603,,906.25,0,,0,11.875,775,27.843137254902,0,15,14.6,-40,,0.78125,5.078125,,,,,,,,,,,,,1.50381,18.75,-3.90625,0,0.78125,5.078125,20,14.7,3,
1315,2026-09-02,13:57:08.22953,154.04573,,906.25,0,,0,11.875,775,27.843137254902,0,15,14.6,-40,,0.78125,5.078125,,,,,,,,,,,,,1.62099,18.75,-3.90625,0,0.78125,5.078125,19,14.7,2,
1316,2026-09-02,13:57:08.33874,154.15507,,906.25,0,,0,11.875,774,27.843137254902,0,15,14.5,-40,,0.78125,5.078125,,,,,,,,,,,,,1.62099,18.75,-3.90625,0,0.78125,5.078125,19,14.7,3,
1317,2026-09-02,13:57:08.44808,154.2607,,906.25,0,,0,11.875,775,27.843137254902,0,15,14.6,-40,,0.78125,5.078125,,,,,,,,,,,,,1.52334,18.75,-4.1015625,0,0.78125,5.078125,19,14.7,0,
1318,2026-09-02,13:57:08.57355,154.38993,,906.25,0,,0,11.875,775,27.843137254902,0,15,14.8,-40,,0.78125,5.078125,,,,,,,,,,,,,1.58193,18.75,-4.1015625,0,0.78125,5.078125,19,14.7,2,
1319,2026-09-02,13:57:08.68294,154.49447,,906.25,0,,0,11.875,775,27.843137254902,0,15,14.7,-40,,0.78125,5.078125,,,,,,,,,,,,,1.5624,18.75,-4.1015625,0,0.78125,5.078125,19,14.7,3,
1320,2026-09-02,13:57:08.79226,154.60483,,906.25,0,,0,11.875,775,27.843137254902,0,16,14.7,-40,,0.78125,5.078125,,,,,,,,,,,,,1.62099,18.75,-4.1015625,0,0.78125,5.078125,19,14.7,1,
1321,2026-09-02,13:57:08.90236,154.71282,,906.25,0,,0,11.875,775,27.843137254902,0,16,14.8,-40,,0.78125,5.078125,,,,,,,,,,,,,1.60146,18.75,-4.1015625,0,0.78125,5.078125,19,14.7,2,
1322,2026-09-02,13:57:09.01170,154.82943,,906.25,0,,0,11.875,775,27.843137254902,0,15,14.7,-40,,0.78125,5.078125,,,,,,,,,,,,,1.52334,18.75,-4.296875,0,0.78125,5.078125,19,14.7,0,
1323,2026-09-02,13:57:09.12119,154.93437,,906.25,0,,0,11.875,775,27.843137254902,0,17,14.7,-40,,0.78125,5.078125,,,,,,,,,,,,,1.64052,18.75,-4.296875,0,0.78125,5.078125,19,14.7,4,
1324,2026-09-02,13:57:09.23088,155.03943,,906.25,0,,0,11.875,775,27.843137254902,0,16,14.8,-40,,0.78125,5.078125,,,,,,,,,,,,,1.62099,18.75,-4.296875,0,0.78125,5.078125,19,14.7,2,
1325,2026-09-02,13:57:09.34083,155.15351,,906.25,0,,0,11.875,775,27.843137254902,0,15,14.8,-40,,0.78125,5.078125,,,,,,,,,,,,,1.50381,18.75,-4.296875,0,0.78125,5.078125,19,14.7,0,
1326,2026-09-02,13:57:09.45055,155.25889,,906.25,0,,0,11.875,774,27.843137254902,0,15,14.7,-40,,0.78125,5.078125,,,,,,,,,,,,,1.60146,18.75,-4.1015625,0,0.78125,5.078125,19,14.7,0,
1327,2026-09-02,13:57:09.54401,155.35873,,906.25,0,,0,11.875,775,27.843137254902,0,15,14.9,-40,,0.78125,5.078125,,,,,,,,,,,,,1.62099,18.75,-4.1015625,0,0.78125,5.078125,19,14.7,1,
1328,2026-09-02,13:57:09.66927,155.4786,,906.25,0,,0,11.875,775,27.843137254902,0,15,14.9,-40,,0.78125,5.078125,,,,,,,,,,,,,1.62099,18.75,-4.1015625,0,0.78125,5.078125,19,14.7,5,
1329,2026-09-02,13:57:09.77817,155.58498,,906.25,0,,0,11.875,775,27.843137254902,0,15,14.7,-40,,0.78125,5.078125,,,,,,,,,,,,,1.52334,18.75,-4.1015625,0,0.78125,5.078125,19,14.7,1,
1330,2026-09-02,13:57:09.88907,155.69251,,906.25,0,,0,11.875,774,27.843137254902,0,15,14.8,-40,,0.78125,5.078125,,,,,,,,,,,,,1.62099,18.75,-4.1015625,0,0.78125,5.078125,19,14.7,1,
1331,2026-09-02,13:57:09.98280,155.79793,,906.25,0,,0,11.875,775,27.843137254902,0,16,14.9,-40,,0.78125,5.078125,,,,,,,,,,,,,1.60146,18.75,-3.90625,0,0.78125,5.078125,19,14.7,0,
1332,2026-09-02,13:57:10.10836,155.91725,,906.25,0,,0,11.875,774,27.843137254902,0,15,14.6,-40,,0.78125,5.078125,,,,,,,,,,,,,1.60146,18.75,-3.90625,0,0.78125,5.078125,19,14.7,1,
1333,2026-09-02,13:57:10.23333,156.04712,,906.25,0,,0,11.875,775,27.843137254902,0,15,14.8,-40,,0.78125,5.078125,,,,,,,,,,,,,1.60146,18.75,-3.90625,0,0.78125,5.078125,19,14.7,1,
1334,2026-09-02,13:57:10.35877,156.16704,,906.25,0,,0,11.5625,775,27.843137254902,0,15,14.6,-40,,0.78125,5.078125,,,,,,,,,,,,,1.60146,18.75,-3.90625,0,0.78125,5.078125,19,14.7,3,
1335,2026-09-02,13:57:10.49937,156.30983,,937.5,0,,0,11.5625,775,27.4509803921569,0,14,14.6,-40,,0.78125,5.078125,,,,,,,,,,,,,1.60146,18.75,-3.7109375,0,0.78125,5.078125,19,14.7,3,
1336,2026-09-02,13:57:10.64062,156.45133,,906.25,0,,0,11.5625,775,27.4509803921569,0,15,14.5,-40,,0.78125,5.078125,,,,,,,,,,,,,1.52334,18.75,-3.7109375,0,0.78125,5.078125,19,14.7,2,
1337,2026-09-02,13:57:10.78121,156.58931,,906.25,0,,0,11.5625,774,27.4509803921569,0,14,14.5,-40,,0.78125,5.078125,,,,,,,,,,,,,1.52334,18.75,-3.7109375,0,0.78125,5.078125,19,14.7,1,
1338,2026-09-02,13:57:10.89106,156.69612,,906.25,0,,0,11.5625,775,27.4509803921569,0,15,14.5,-40,,0.78125,5.078125,,,,,,,,,,,,,1.50381,18.75,-3.7109375,0,0.78125,5.078125,19,14.7,2,
1339,2026-09-02,13:57:11.00042,156.80845,,906.25,0,,0,11.5625,775,27.4509803921569,0,15,14.6,-40,,0.78125,5.078125,,,,,,,,,,,,,1.62099,18.75,-3.7109375,0,0.78125,5.078125,19,14.7,1,
1340,2026-09-02,13:57:11.09470,156.90568,,906.25,0,,0,11.5625,775,27.4509803921569,0,15,14.5,-40,,0.78125,5.078125,,,,,,,,,,,,,1.62099,18.75,-3.7109375,0,0.78125,5.078125,19,14.7,2,
1341,2026-09-02,13:57:11.21970,157.02854,,906.25,0,,0,11.5625,775,27.4509803921569,0,15,14.4,-40,,0.78125,5.078125,,,,,,,,,,,,,1.62099,18.75,-3.7109375,0,0.78125,5.078125,19,14.7,1,
1342,2026-09-02,13:57:11.34516,157.1552,,906.25,0,,0,11.5625,775,27.4509803921569,0,15,14.5,-40,,0.78125,5.078125,,,,,,,,,,,,,1.60146,18.75,-3.7109375,0,0.78125,5.078125,19,14.7,1,
1343,2026-09-02,13:57:11.45456,157.26021,,906.25,0,,0,11.5625,775,27.4509803921569,0,15,14.4,-40,,0.78125,5.078125,,,,,,,,,,,,,1.50381,18.75,-3.7109375,0,0.78125,5.078125,19,14.7,1,
1344,2026-09-02,13:57:11.57998,157.38985,,906.25,0,,0,11.5625,775,27.4509803921569,0,15,14.5,-40,,0.78125,5.078125,,,,,,,,,,,,,1.62099,18.75,-3.90625,0,0.78125,5.078125,19,14.7,3,
1345,2026-09-02,13:57:11.72106,157.52685,,906.25,0,,0,11.5625,775,27.4509803921569,0,16,14.5,-40,,0.78125,5.078125,,,,,,,,,,,,,1.60146,18.75,-3.90625,0,0.78125,5.078125,19,14.7,1,
1346,2026-09-02,13:57:11.81465,157.62944,,906.25,0,,0,11.875,775,27.4509803921569,0,15,14.3,-40,,0.78125,5.078125,,,,,,,,,,,,,1.54287,18.75,-3.90625,0,0.78125,5.078125,19,14.7,2,
1347,2026-09-02,13:57:11.95612,157.77002,,906.25,0,,0,11.875,774,27.843137254902,0,16,14.5,-40,,0.78125,5.078125,,,,,,,,,,,,,1.58193,18.75,-3.90625,0,0.78125,5.078125,18,14.7,3,
1348,2026-09-02,13:57:12.06545,157.87453,,906.25,0,,0,11.875,775,27.843137254902,0,16,14.5,-40,,0.78125,5.078125,,,,,,,,,,,,,1.62099,18.75,-4.1015625,0,0.78125,5.078125,19,14.7,1,
1349,2026-09-02,13:57:12.19094,158.00441,,906.25,0,,0,11.875,775,27.843137254902,0,15,14.5,-40,,0.78125,5.078125,,,,,,,,,,,,,1.62099,18.75,-4.1015625,0,0.78125,5.078125,19,14.7,5,
1350,2026-09-02,13:57:12.31612,158.13437,,906.25,0,,0,11.875,775,27.843137254902,0,16,14.7,-40,,0.78125,5.078125,,,,,,,,,,,,,1.52334,18.75,-4.1015625,0,0.78125,5.078125,18,14.7,2,
1351,2026-09-02,13:57:12.45669,158.26378,,906.25,0,,0,11.875,775,27.843137254902,0,16,14.6,-40,,0.78125,5.078125,,,,,,,,,,,,,1.58193,18.75,-4.1015625,0,0.78125,5.078125,18,14.7,0,
1352,2026-09-02,13:57:12.59816,158.41409,,906.25,0,,0,11.875,775,27.843137254902,0,16,14.8,-40,,0.78125,5.078125,,,,,,,,,,,,,1.62099,18.75,-4.296875,0,0.78125,5.078125,19,14.7,2,
1353,2026-09-02,13:57:12.72304,158.53216,,906.25,0,,0,11.875,775,27.843137254902,0,16,14.8,-40,,0.78125,5.078125,,,,,,,,,,,,,1.64052,18.75,-4.296875,0,0.78125,5.078125,19,14.7,3,
1354,2026-09-02,13:57:12.84845,158.66278,,906.25,0,,0,11.875,775,27.843137254902,0,15,14.7,-40,,0.78125,5.078125,,,,,,,,,,,,,1.5624,18.75,-4.296875,0,0.78125,5.078125,18,14.7,2,
1355,2026-09-02,13:57:12.97333,158.7814,,906.25,0,,0,11.875,775,27.843137254902,0,15,14.8,-40,,0.78125,5.078125,,,,,,,,,,,,,1.50381,18.75,-4.296875,0,0.78125,5.078125,18,14.7,3,
1356,2026-09-02,13:57:13.08257,158.88783,,906.25,0,,0,11.875,775,27.843137254902,0,16,14.8,-40,,0.78125,5.078125,,,,,,,,,,,,,1.64052,18.75,-4.4921875,0,0.78125,5.078125,18,14.7,1,
1357,2026-09-02,13:57:13.17605,158.99263,,906.25,0,,0,11.875,774,27.843137254902,0,16,14.6,-40,,0.78125,5.078125,,,,,,,,,,,,,1.60146,18.75,-4.4921875,0,0.78125,5.078125,18,14.7,1,
1358,2026-09-02,13:57:13.30102,159.10764,,906.25,0,,0,11.875,774,27.843137254902,0,16,14.8,-40,,0.78125,5.078125,,,,,,,,,,,,,1.50381,18.75,-4.4921875,0,0.78125,5.078125,18,14.7,3,
1359,2026-09-02,13:57:13.39572,159.2125,,906.25,0,,0,11.875,775,27.843137254902,0,16,15,-40,,0.78125,5.078125,,,,,,,,,,,,,1.64052,18.75,-4.4921875,0,0.78125,5.078125,18,14.7,0,
1360,2026-09-02,13:57:13.50507,159.3223,,906.25,0,,0,11.875,775,27.843137254902,0,15,14.8,-40,,0.78125,5.078125,,,,,,,,,,,,,1.62099,18.75,-4.4921875,0,0.78125,5.078125,18,14.7,1,
1361,2026-09-02,13:57:13.61519,159.4271,,906.25,0,,0,11.875,775,27.843137254902,0,15,14.7,-40,,0.78125,5.078125,,,,,,,,,,,,,1.50381,18.75,-4.4921875,0,0.78125,5.078125,18,14.7,3,
1362,2026-09-02,13:57:13.73846,159.54641,,906.25,0,,0,11.875,775,27.843137254902,0,14,14.9,-40,,0.78125,5.078125,,,,,,,,,,,,,1.50381,18.75,-4.296875,0,0.78125,5.078125,18,14.7,1,
1363,2026-09-02,13:57:13.84993,159.66665,,906.25,0,,0,11.875,775,27.843137254902,0,14,14.9,-40,,0.78125,5.078125,,,,,,,,,,,,,1.62099,18.75,-4.296875,0,0.78125,5.078125,18,14.7,0,
1364,2026-09-02,13:57:13.95928,159.77158,,906.25,0,,0,11.875,775,27.843137254902,0,15,14.8,-40,,0.78125,5.078125,,,,,,,,,,,,,1.62099,18.75,-4.296875,0,0.78125,5.078125,18,14.7,1,
1365,2026-09-02,13:57:14.08481,159.90142,,906.25,0,,0,11.875,774,27.843137254902,0,16,14.8,-40,,0.78125,5.078125,,,,,,,,,,,,,1.64052,18.75,-4.296875,0,0.78125,5.078125,18,14.7,1,
1366,2026-09-02,13:57:14.20980,160.01599,,906.25,0,,0,11.875,775,27.843137254902,0,15,14.7,-40,,0.78125,5.078125,,,,,,,,,,,,,1.58193,18.75,-4.1015625,0,0.78125,5.078125,18,14.7,2,
1367,2026-09-02,13:57:14.30355,160.121,,906.25,0,,0,11.875,775,27.843137254902,0,15,14.7,-40,,0.78125,5.078125,,,,,,,,,,,,,1.52334,18.75,-4.1015625,0,0.78125,5.078125,18,14.7,2,
1368,2026-09-02,13:57:14.41368,160.23041,,906.25,0,,0,11.875,775,27.843137254902,0,15,14.8,-40,,0.78125,5.078125,,,,,,,,,,,,,1.52334,18.75,-4.1015625,0,0.78125,5.078125,18,14.7,1,
1369,2026-09-02,13:57:14.52302,160.34065,,906.25,0,,0,11.875,775,27.843137254902,0,15,14.7,-40,,0.78125,5.078125,,,,,,,,,,,,,1.62099,18.75,-4.1015625,0,0.78125,5.078125,18,14.7,3,
1370,2026-09-02,13:57:14.63291,160.44494,,906.25,0,,0,11.875,775,27.843137254902,0,14,14.7,-40,,0.78125,5.078125,,,,,,,,,,,,,1.60146,18.75,-4.1015625,0,0.78125,5.078125,18,14.7,1,
1371,2026-09-02,13:57:14.75788,160.56709,,906.25,0,,0,11.875,775,27.843137254902,0,14,14.7,-40,,0.78125,5.078125,,,,,,,,,,,,,1.58193,18.75,-3.90625,0,0.78125,5.078125,18,14.7,2,
1372,2026-09-02,13:57:14.88280,160.69224,,906.25,0,,0,11.875,774,27.843137254902,0,15,14.7,-40,,0.78125,5.078125,,,,,,,,,,,,,1.64052,18.75,-3.90625,0,0.78125,5.078125,18,14.7,1,
1373,2026-09-02,13:57:14.97653,160.79481,,906.25,0,,0,11.875,775,27.843137254902,0,16,14.6,-40,,0.78125,5.078125,,,,,,,,,,,,,1.52334,18.75,-3.90625,0,0.78125,5.078125,18,14.7,2,
1374,2026-09-02,13:57:15.08693,160.89953,,906.25,0,,0,11.875,775,27.843137254902,0,16,14.7,-40,,0.78125,5.078125,,,,,,,,,,,,,1.62099,18.75,-3.90625,0,0.78125,5.078125,18,14.7,1,
1375,2026-09-02,13:57:15.21193,161.01956,,906.25,0,,0,11.875,775,27.843137254902,0,16,14.7,-40,,0.78125,5.078125,,,,,,,,,,,,,1.62099,18.75,-3.90625,0,0.78125,5.078125,18,14.7,3,
1376,2026-09-02,13:57:15.33747,161.14437,,906.25,0,,0,11.875,775,27.843137254902,0,14,14.6,-40,,0.78125,5.078125,,,,,,,,,,,,,1.5624,18.75,-3.7109375,0,0.78125,5.078125,18,14.7,2,
1377,2026-09-02,13:57:15.47808,161.29369,,937.5,0,,0,11.5625,775,27.843137254902,0,13,14.7,-40,,0.78125,5.078125,,,,,,,,,,,,,1.5624,18.75,-3.7109375,0,0.78125,5.078125,18,14.7,3,
1378,2026-09-02,13:57:15.60394,161.41116,,906.25,0,,0,11.875,775,27.843137254902,0,15,14.6,-40,,0.78125,5.078125,,,,,,,,,,,,,1.60146,18.75,-3.7109375,0,0.78125,5.078125,18,14.7,2,
1379,2026-09-02,13:57:15.69736,161.51336,,906.25,0,,0,11.875,775,27.843137254902,0,15,14.5,-40,,0.78125,5.078125,,,,,,,,,,,,,1.54287,18.75,-3.7109375,0,0.78125,5.078125,18,14.7,2,
1380,2026-09-02,13:57:15.82237,161.63843,,906.25,0,,0,11.875,774,27.843137254902,0,15,14.6,-40,,0.78125,5.078125,,,,,,,,,,,,,1.62099,18.75,-3.515625,0,0.78125,5.078125,18,14.7,0,
1381,2026-09-02,13:57:15.94752,161.75837,,906.25,0,,0,11.875,775,27.843137254902,0,14,14.4,-40,,0.78125,5.078125,,,,,,,,,,,,,1.64052,18.75,-3.7109375,0,0.78125,5.078125,18,14.7,1,
1382,2026-09-02,13:57:16.07247,161.8818,,906.25,0,,0,11.5625,775,27.843137254902,0,14,14.5,-40,,0.78125,5.078125,,,,,,,,,,,,,1.62099,18.75,-3.7109375,0,0.78125,5.078125,18,14.7,2,
1383,2026-09-02,13:57:16.18249,161.98805,,906.25,0,,0,11.875,775,27.843137254902,0,15,14.3,-40,,0.78125,5.078125,,,,,,,,,,,,,1.58193,18.75,-3.7109375,0,0.78125,5.078125,18,14.7,0,
1384,2026-09-02,13:57:16.27594,162.08795,,906.25,0,,0,11.5625,775,27.843137254902,0,14,14.6,-40,,0.78125,5.078125,,,,,,,,,,,,,1.64052,18.75,-3.7109375,0,0.78125,5.078125,18,14.7,1,
1385,2026-09-02,13:57:16.40192,162.2176,,937.5,0,,0,11.5625,775,27.843137254902,0,13,14.5,-40,,0.78125,5.078125,,,,,,,,,,,,,1.62099,18.75,-3.7109375,0,0.78125,5.078125,18,14.7,2,
1386,2026-09-02,13:57:16.52655,162.33745,,906.25,0,,0,11.5625,775,27.843137254902,0,15,14.4,-40,,0.78125,5.078125,,,,,,,,,,,,,1.64052,18.75,-3.90625,0,0.78125,5.078125,18,14.7,1,
1387,2026-09-02,13:57:16.63650,162.45227,,906.25,0,,0,11.5625,775,27.843137254902,0,15,14.5,-40,,0.78125,5.078125,,,,,,,,,,,,,1.5624,18.75,-3.90625,0,0.78125,5.078125,17,14.7,1,
1388,2026-09-02,13:57:16.74585,162.55727,,906.25,0,,0,11.5625,775,27.843137254902,0,14,14.6,-40,,0.78125,5.078125,,,,,,,,,,,,,1.58193,18.75,-3.90625,0,0.78125,5.078125,17,14.7,0,
1389,2026-09-02,13:57:16.85571,162.67191,,906.25,0,,0,11.5625,776,27.4509803921569,0,16,14.5,-40,,0.78125,5.078125,,,,,,,,,,,,,1.54287,18.75,-3.90625,0,0.78125,5.078125,18,14.7,2,
1390,2026-09-02,13:57:16.96501,162.77178,,906.25,0,,0,11.875,775,27.843137254902,0,15,14.6,-40,,0.78125,5.078125,,,,,,,,,,,,,1.54287,18.75,-3.90625,0,0.78125,5.078125,17,14.7,1,
1391,2026-09-02,13:57:17.09057,162.90178,,906.25,0,,0,11.875,775,27.843137254902,0,15,14.5,-40,,0.78125,5.078125,,,,,,,,,,,,,1.52334,18.75,-4.1015625,0,0.78125,5.078125,17,14.7,1,
1392,2026-09-02,13:57:17.19998,163.01107,,906.25,0,,0,11.5625,775,27.4509803921569,0,15,14.7,-40,,0.78125,5.078125,,,,,,,,,,,,,1.58193,18.75,-4.1015625,0,0.78125,5.078125,17,14.7,5,
1393,2026-09-02,13:57:17.34082,163.15111,,906.25,0,,0,11.5625,775,27.4509803921569,0,15,15,-40,,0.78125,5.078125,,,,,,,,,,,,,1.50381,18.75,-4.1015625,0,0.78125,5.078125,17,14.7,1,
1394,2026-09-02,13:57:17.46582,163.27079,,906.25,0,,0,11.875,775,27.843137254902,0,15,14.7,-40,,0.78125,5.078125,,,,,,,,,,,,,1.50381,18.75,-4.1015625,0,0.78125,5.078125,17,14.7,2,
1395,2026-09-02,13:57:17.57505,163.38586,,906.25,0,,0,11.5625,775,27.4509803921569,0,15,14.7,-40,,0.78125,5.078125,,,,,,,,,,,,,1.60146,18.75,-4.296875,0,0.78125,5.078125,17,14.7,0,
1396,2026-09-02,13:57:17.68521,163.49555,,906.25,0,,0,11.5625,774,27.4509803921569,0,15,14.8,-40,,0.78125,5.078125,,,,,,,,,,,,,1.50381,18.75,-4.296875,0,0.78125,5.078125,17,14.7,0,
1397,2026-09-02,13:57:17.79448,163.60253,,906.25,0,,0,11.5625,775,27.4509803921569,0,15,14.8,-40,,0.78125,5.078125,,,,,,,,,,,,,1.54287,18.75,-4.296875,0,0.78125,5.078125,17,14.7,1,
1398,2026-09-02,13:57:17.92036,163.72965,,875,0,,0,11.5625,774,27.4509803921569,0,17,14.8,-40,,0.78125,5.078125,,,,,,,,,,,,,1.54287,18.75,-4.1015625,0,0.78125,5.078125,17,14.7,1,
1399,2026-09-02,13:57:18.07622,163.8826,,875,0,,0,11.875,776,27.843137254902,0,17,14.8,-40,,0.78125,5.078125,,,,,,,,,,,,,1.60146,18.75,-4.1015625,0,0.78125,5.078125,17,14.7,0,
1400,2026-09-02,13:57:18.20174,164.00712,,906.25,0,,0,11.5625,775,27.843137254902,0,15,14.8,-40,,0.78125,5.078125,,,,,,,,,,,,,1.54287,18.75,-4.1015625,0,0.78125,5.078125,17,14.7,2,
1401,2026-09-02,13:57:18.31119,164.11443,,906.25,0,,0,11.5625,775,27.4509803921569,0,15,14.8,-40,,0.78125,5.078125,,,,,,,,,,,,,1.60146,18.75,-4.1015625,0,0.78125,5.078125,17,14.7,0,
1402,2026-09-02,13:57:18.40581,164.21951,,906.25,0,,0,11.5625,775,27.4509803921569,0,15,14.8,-40,,0.78125,5.078125,,,,,,,,,,,,,1.62099,18.75,-3.90625,0,0.78125,5.078125,17,14.7,3,
1403,2026-09-02,13:57:18.53076,164.34428,,906.25,0,,0,11.5625,775,27.4509803921569,0,14,14.8,-40,,0.78125,5.078125,,,,,,,,,,,,,1.54287,18.75,-3.90625,0,0.78125,5.078125,17,14.7,1,
1404,2026-09-02,13:57:18.64067,164.45411,,906.25,0,,0,11.5625,774,27.4509803921569,0,13,14.8,-40,,0.78125,5.078125,,,,,,,,,,,,,1.62099,18.75,-3.90625,0,0.78125,5.078125,17,14.7,3,
1405,2026-09-02,13:57:18.76563,164.57897,,906.25,0,,0,11.5625,774,27.4509803921569,0,15,14.5,-40,,0.78125,5.078125,,,,,,,,,,,,,1.64052,18.75,-3.90625,0,0.78125,5.078125,17,14.7,2,
1406,2026-09-02,13:57:18.89088,164.70106,,906.25,0,,0,11.5625,776,27.4509803921569,0,15,14.7,-40,,0.78125,5.078125,,,,,,,,,,,,,1.64052,18.75,-3.90625,0,0.78125,5.078125,17,14.7,0,
1407,2026-09-02,13:57:19.00031,164.80853,,906.25,0,,0,11.5625,774,27.4509803921569,0,14,14.5,-40,,0.78125,5.078125,,,,,,,,,,,,,1.62099,18.75,-3.7109375,0,0.78125,5.078125,17,14.7,1,
1408,2026-09-02,13:57:19.12580,164.94333,,906.25,0,,0,11.5625,775,27.4509803921569,0,15,14.4,-40,,0.78125,5.078125,,,,,,,,,,,,,1.60146,18.75,-3.7109375,0,0.78125,5.078125,17,14.7,1,
1409,2026-09-02,13:57:19.26642,165.07506,,906.25,0,,0,11.5625,775,27.4509803921569,0,14,14.6,-40,,0.78125,5.078125,,,,,,,,,,,,,1.62099,18.75,-3.90625,0,0.78125,5.078125,17,14.7,0,
1410,2026-09-02,13:57:19.36073,165.17263,,906.25,0,,0,11.5625,775,27.4509803921569,0,15,14.5,-40,,0.78125,5.078125,,,,,,,,,,,,,1.62099,18.75,-3.90625,0,0.78125,5.078125,17,14.7,2,
1411,2026-09-02,13:57:19.47014,165.28714,,906.25,0,,0,11.5625,775,27.4509803921569,0,15,14.6,-40,,0.78125,5.078125,,,,,,,,,,,,,1.62099,18.75,-3.90625,0,0.78125,5.078125,17,14.7,3,
1412,2026-09-02,13:57:19.57943,165.39705,,906.25,0,,0,11.5625,775,27.4509803921569,0,15,14.5,-40,,0.78125,5.078125,,,,,,,,,,,,,1.52334,18.75,-3.90625,0,0.78125,5.078125,17,14.7,1,
1413,2026-09-02,13:57:19.68932,165.50237,,875,0,,0,11.5625,775,27.843137254902,0,15,14.4,-40,,0.78125,5.078125,,,,,,,,,,,,,1.50381,18.75,-3.90625,0,0.78125,5.078125,17,14.7,2,
1414,2026-09-02,13:57:19.81430,165.63196,,875,0,,0,11.5625,775,27.843137254902,0,16,14.6,-40,,0.78125,5.078125,,,,,,,,,,,,,1.62099,18.75,-4.1015625,0,0.78125,5.078125,17,14.7,1,
1415,2026-09-02,13:57:19.95494,165.76533,,906.25,0,,0,11.5625,776,27.843137254902,0,14,14.5,-40,,0.78125,5.078125,,,,,,,,,,,,,1.5624,18.75,-4.1015625,0,0.78125,5.078125,17,14.7,2,
1416,2026-09-02,13:57:20.12727,165.93622,,906.25,0,,0,11.5625,775,27.843137254902,0,14,14.7,-40,,0.78125,5.078125,,,,,,,,,,,,,1.50381,18.75,-4.1015625,0,0.78125,5.078125,17,14.7,2,
1417,2026-09-02,13:57:20.25270,166.06165,,906.25,0,,0,11.5625,775,27.843137254902,0,15,14.7,-40,,0.78125,5.078125,,,,,,,,,,,,,1.54287,18.75,-4.1015625,0,0.78125,5.078125,17,14.7,1,
1418,2026-09-02,13:57:20.34792,166.16608,,906.25,0,,0,11.5625,775,27.4509803921569,0,15,14.8,-40,,0.78125,5.078125,,,,,,,,,,,,,1.50381,18.75,-4.296875,0,0.78125,5.078125,17,14.7,0,
1419,2026-09-02,13:57:20.45777,166.27115,,906.25,0,,0,11.5625,775,27.4509803921569,0,14,14.9,-40,,0.78125,5.078125,,,,,,,,,,,,,1.52334,18.75,-4.296875,0,0.78125,5.078125,17,14.7,2,
1420,2026-09-02,13:57:20.58267,166.39581,,906.25,0,,0,11.5625,774,27.4509803921569,0,14,14.6,-40,,0.78125,5.078125,,,,,,,,,,,,,1.58193,18.75,-4.296875,0,0.78125,5.078125,17,14.7,3,
1421,2026-09-02,13:57:20.70763,166.52075,,906.25,0,,0,11.5625,775,27.4509803921569,0,14,14.7,-40,,0.78125,5.078125,,,,,,,,,,,,,1.58193,18.75,-4.296875,0,0.78125,5.078125,17,14.7,3,
1422,2026-09-02,13:57:20.83260,166.64579,,906.25,0,,0,11.5625,775,27.843137254902,0,15,14.8,-40,,0.78125,5.078125,,,,,,,,,,,,,1.54287,18.75,-4.296875,0,0.78125,5.078125,17,14.7,1,
1423,2026-09-02,13:57:20.94249,166.76036,,906.25,0,,0,11.5625,774,27.843137254902,0,14,14.9,-40,,0.78125,5.078125,,,,,,,,,,,,,1.54287,18.75,-4.296875,0,0.78125,5.078125,17,14.7,2,
1424,2026-09-02,13:57:21.08317,166.89518,,906.25,0,,0,11.5625,774,27.4509803921569,0,15,14.8,-40,,0.78125,5.078125,,,,,,,,,,,,,1.60146,18.75,-4.296875,0,0.78125,5.078125,17,14.7,3,
1425,2026-09-02,13:57:21.20869,167.01453,,906.25,0,,0,11.5625,774,27.4509803921569,0,14,14.9,-40,,0.78125,5.078125,,,,,,,,,,,,,1.62099,18.75,-4.296875,0,0.78125,5.078125,16,14.7,2,
1426,2026-09-02,13:57:21.30238,167.11979,,906.25,0,,0,11.5625,775,27.4509803921569,0,15,14.9,-40,,0.78125,5.078125,,,,,,,,,,,,,1.5624,18.75,-4.1015625,0,0.78125,5.078125,16,14.7,1,
1427,2026-09-02,13:57:21.42734,167.24445,,906.25,0,,0,11.5625,775,27.843137254902,0,15,14.9,-40,,0.78125,5.078125,,,,,,,,,,,,,1.62099,18.75,-4.1015625,0,0.78125,5.078125,16,14.7,5,
1428,2026-09-02,13:57:21.53675,167.35437,,906.25,0,,0,11.5625,775,27.4509803921569,0,15,15,-40,,0.78125,5.078125,,,,,,,,,,,,,1.60146,18.75,-4.1015625,0,0.78125,5.078125,16,14.7,4,
1429,2026-09-02,13:57:21.64718,167.45429,,906.25,0,,0,11.5625,775,27.4509803921569,0,15,14.7,-40,,0.78125,5.078125,,,,,,,,,,,,,1.62099,18.75,-4.1015625,0,0.78125,5.078125,17,14.7,4,
1430,2026-09-02,13:57:21.74097,167.5591,,906.25,0,,0,11.5625,775,27.4509803921569,0,15,14.8,-40,,0.78125,5.078125,,,,,,,,,,,,,1.64052,18.75,-4.1015625,0,0.78125,5.078125,16,14.7,5,
1431,2026-09-02,13:57:21.85073,167.66337,,906.25,0,,0,11.5625,775,27.4509803921569,0,15,14.7,-40,,0.78125,5.078125,,,,,,,,,,,,,1.58193,18.75,-3.90625,0,0.78125,5.078125,16,14.7,3,
1432,2026-09-02,13:57:21.97575,167.78244,,906.25,0,,0,11.5625,775,27.4509803921569,0,15,14.7,-40,,0.78125,5.078125,,,,,,,,,,,,,1.50381,18.75,-3.90625,0,0.78125,5.078125,16,14.7,4,
1433,2026-09-02,13:57:22.06991,167.88335,,906.25,0,,0,11.5625,775,27.4509803921569,0,15,14.6,-40,,0.78125,5.078125,,,,,,,,,,,,,1.62099,18.75,-3.90625,0,0.78125,5.078125,16,14.7,1,
1434,2026-09-02,13:57:22.17984,167.98855,,906.25,0,,0,11.5625,775,27.4509803921569,0,15,14.5,-40,,0.78125,5.078125,,,,,,,,,,,,,1.62099,18.75,-3.90625,0,0.78125,5.078125,16,14.7,4,
1435,2026-09-02,13:57:22.28870,168.09573,,906.25,0,,0,11.5625,775,27.4509803921569,0,15,14.6,-40,,0.78125,5.078125,,,,,,,,,,,,,1.64052,18.75,-3.90625,0,0.78125,5.078125,16,14.7,2,
1436,2026-09-02,13:57:22.41469,168.22288,,906.25,0,,0,11.5625,775,27.4509803921569,0,15,14.6,-40,,0.78125,5.078125,,,,,,,,,,,,,1.50381,18.75,-3.7109375,0,0.78125,5.078125,16,14.7,6,
1437,2026-09-02,13:57:22.52403,168.32741,,906.25,0,,0,11.5625,775,27.4509803921569,0,15,14.5,-40,,0.78125,5.078125,,,,,,,,,,,,,1.62099,18.75,-3.7109375,0,0.78125,5.078125,16,14.7,1,
1438,2026-09-02,13:57:22.63418,168.44002,,906.25,0,,0,11.5625,775,27.4509803921569,0,15,14.7,-40,,0.78125,5.078125,,,,,,,,,,,,,1.50381,18.75,-3.7109375,0,0.78125,5.078125,16,14.7,3,
1439,2026-09-02,13:57:22.75906,168.56611,,906.25,0,,0,11.5625,775,27.4509803921569,0,15,14.5,-40,,0.78125,5.078125,,,,,,,,,,,,,1.58193,18.75,-3.7109375,0,0.78125,5.078125,16,14.7,1,
1440,2026-09-02,13:57:22.86850,168.67187,,906.25,0,,0,11.5625,775,27.4509803921569,0,15,14.6,-40,,0.78125,5.078125,,,,,,,,,,,,,1.50381,18.75,-3.7109375,0,0.78125,5.078125,16,14.7,2,
1441,2026-09-02,13:57:22.96204,168.77715,,906.25,0,,0,11.5625,775,27.4509803921569,0,15,14.5,-40,,0.78125,5.078125,,,,,,,,,,,,,1.50381,18.75,-3.515625,0,0.78125,5.078125,16,14.7,3,
1442,2026-09-02,13:57:23.08675,168.90185,,906.25,0,,0,11.5625,775,27.4509803921569,0,14,14.4,-40,,0.78125,5.078125,,,,,,,,,,,,,1.62099,18.75,-3.515625,0,0.78125,5.078125,16,14.7,2,
1443,2026-09-02,13:57:23.21308,169.02673,,906.25,0,,0,11.5625,775,27.4509803921569,0,15,14.5,-40,,0.78125,5.078125,,,,,,,,,,,,,1.52334,18.75,-3.7109375,0,0.78125,5.078125,16,14.7,4,
1444,2026-09-02,13:57:23.32258,169.13665,,906.25,0,,0,11.5625,775,27.4509803921569,0,14,14.5,-40,,0.78125,5.078125,,,,,,,,,,,,,1.58193,18.75,-3.7109375,0,0.78125,5.078125,16,14.7,1,
1445,2026-09-02,13:57:23.43233,169.24069,,906.25,0,,0,11.5625,775,27.4509803921569,0,14,14.4,-40,,0.78125,5.078125,,,,,,,,,,,,,1.54287,18.75,-3.7109375,0,0.78125,5.078125,16,14.7,1,
1446,2026-09-02,13:57:23.52558,169.34115,,906.25,0,,0,11.5625,775,27.4509803921569,0,15,14.5,-40,,0.78125,5.078125,,,,,,,,,,,,,1.5624,18.75,-3.7109375,0,0.78125,5.078125,16,14.7,3,
1447,2026-09-02,13:57:23.65159,169.45579,,906.25,0,,0,11.5625,775,27.4509803921569,0,15,14.5,-40,,0.78125,5.078125,,,,,,,,,,,,,1.62099,18.75,-3.90625,0,0.78125,5.078125,16,14.7,2,
1448,2026-09-02,13:57:23.76049,169.56793,,906.25,0,,0,11.5625,775,27.4509803921569,0,14,14.5,-40,,0.78125,5.078125,,,,,,,,,,,,,1.5624,18.75,-3.90625,0,0.78125,5.078125,16,14.7,4,
1449,2026-09-02,13:57:23.87077,169.67529,,906.25,0,,0,11.5625,775,27.4509803921569,0,14,14.6,-40,,0.78125,5.078125,,,,,,,,,,,,,1.50381,18.75,-3.90625,0,0.78125,5.078125,16,14.7,1,
1450,2026-09-02,13:57:23.96414,169.78009,,906.25,0,,0,11.5625,775,27.4509803921569,0,15,14.5,-40,,0.78125,5.078125,,,,,,,,,,,,,1.60146,18.75,-3.90625,0,0.78125,5.078125,16,14.7,2,
1451,2026-09-02,13:57:24.07350,169.88517,,906.25,0,,0,11.5625,775,27.4509803921569,0,14,14.5,-40,,0.78125,5.078125,,,,,,,,,,,,,1.58193,18.75,-3.90625,0,0.78125,5.078125,16,14.7,1,
1452,2026-09-02,13:57:24.18289,169.98961,,875,0,,0,11.5625,775,27.4509803921569,0,14,14.7,-40,,0.78125,5.078125,,,,,,,,,,,,,1.64052,18.75,-3.90625,0,0.78125,5.078125,16,14.7,1,
1453,2026-09-02,13:57:24.27657,170.08959,,906.25,0,,0,11.5625,775,27.4509803921569,0,14,14.6,-40,,0.78125,5.078125,,,,,,,,,,,,,1.62099,18.75,-4.1015625,0,0.78125,5.078125,16,14.7,2,
1454,2026-09-02,13:57:24.40246,170.21977,,906.25,0,,0,11.5625,774,27.4509803921569,0,14,14.6,-40,,0.78125,5.078125,,,,,,,,,,,,,1.60146,18.75,-4.1015625,0,0.78125,5.078125,16,14.7,2,
1455,2026-09-02,13:57:24.51181,170.32136,,906.25,0,,0,11.5625,775,27.4509803921569,0,14,14.8,-40,,0.78125,5.078125,,,,,,,,,,,,,1.60146,18.75,-4.1015625,0,0.78125,5.078125,16,14.7,3,
1456,2026-09-02,13:57:24.62130,170.4246,,906.25,0,,0,11.5625,775,27.4509803921569,0,14,14.7,-40,,0.78125,5.078125,,,,,,,,,,,,,1.60146,18.75,-4.1015625,0,0.78125,5.078125,16,14.7,0,
1457,2026-09-02,13:57:24.71535,170.52909,,906.25,0,,0,11.5625,775,27.4509803921569,0,14,14.6,-40,,0.78125,5.078125,,,,,,,,,,,,,1.62099,18.75,-4.1015625,0,0.78125,5.078125,16,14.7,1,
1458,2026-09-02,13:57:24.82463,170.63916,,875,0,,0,11.5625,775,27.4509803921569,0,14,14.7,-40,,0.78125,5.078125,,,,,,,,,,,,,1.58193,18.75,-4.296875,0,0.78125,5.078125,16,14.7,3,
1459,2026-09-02,13:57:24.95057,170.76349,,875,0,,0,11.5625,775,27.4509803921569,0,15,14.7,-40,,0.78125,5.078125,,,,,,,,,,,,,1.50381,18.75,-4.296875,0,0.78125,5.078125,16,14.7,3,
1460,2026-09-02,13:57:25.09068,170.89362,,875,0,,0,11.5625,775,27.843137254902,0,18,14.7,-40,,0.78125,5.078125,,,,,,,,,,,,,1.52334,18.75,-4.296875,0,0.78125,5.078125,16,14.7,4,
1461,2026-09-02,13:57:25.20068,171.01312,,875,0,,0,11.875,776,27.843137254902,0,15,14.6,-40,,0.78125,5.078125,,,,,,,,,,,,,1.5624,18.75,-4.296875,0,0.78125,5.078125,16,14.7,0,
1462,2026-09-02,13:57:25.32564,171.12864,,875,0,,0,11.5625,775,27.843137254902,0,15,14.6,-40,,0.78125,5.078125,,,,,,,,,,,,,1.58193,18.75,-4.4921875,0,0.78125,5.078125,16,14.7,1,
1463,2026-09-02,13:57:25.42008,171.23815,,875,0,,0,11.5625,775,27.843137254902,0,14,14.8,-40,,0.78125,5.078125,,,,,,,,,,,,,1.5624,18.75,-4.4921875,0,0.78125,5.078125,16,14.7,1,
1464,2026-09-02,13:57:25.54507,171.35772,,875,0,,0,11.5625,774,27.843137254902,0,16,14.7,-40,,0.78125,5.078125,,,,,,,,,,,,,1.52334,18.75,-4.296875,0,0.78125,5.078125,16,14.7,2,
1465,2026-09-02,13:57:25.66997,171.48798,,875,0,,0,11.875,775,27.843137254902,0,15,14.9,-40,,0.78125,5.078125,,,,,,,,,,,,,1.50381,18.75,-4.296875,0,0.78125,5.078125,16,14.7,1,
1466,2026-09-02,13:57:25.77940,171.58767,,875,0,,0,11.5625,774,27.843137254902,0,15,14.7,-40,,0.78125,5.078125,,,,,,,,,,,,,1.60146,18.75,-4.296875,0,0.78125,5.078125,16,14.7,3,
1467,2026-09-02,13:57:25.90538,171.7175,,906.25,0,,0,11.5625,774,27.843137254902,0,14,14.8,-40,,0.78125,5.078125,,,,,,,,,,,,,1.50381,18.75,-4.296875,0,0.78125,5.078125,16,14.7,1,
1468,2026-09-02,13:57:26.01479,171.82456,,906.25,0,,0,11.5625,775,27.843137254902,0,14,14.8,-40,,0.78125,5.078125,,,,,,,,,,,,,1.62099,18.75,-4.1015625,0,0.78125,5.078125,16,14.7,1,
1469,2026-09-02,13:57:26.15532,171.97203,,875,0,,0,11.5625,774,27.843137254902,0,15,14.7,-40,,0.78125,5.078125,,,,,,,,,,,,,1.58193,18.75,-4.1015625,0,0.78125,5.078125,16,14.7,0,
1470,2026-09-02,13:57:26.26471,172.08165,,875,0,,0,11.5625,774,27.843137254902,0,14,14.7,-40,,0.78125,5.078125,,,,,,,,,,,,,1.52334,18.75,-4.1015625,0,0.78125,5.078125,16,14.7,1,
1471,2026-09-02,13:57:26.39078,172.20656,,875,0,,0,11.875,775,27.843137254902,0,15,14.8,-40,,0.78125,5.078125,,,,,,,,,,,,,1.60146,18.75,-4.1015625,0,0.78125,5.078125,16,14.7,2,
1472,2026-09-02,13:57:26.50012,172.31155,,875,0,,0,11.875,775,27.843137254902,0,15,14.7,-40,,0.78125,5.078125,,,,,,,,,,,,,1.52334,18.75,-4.1015625,0,0.78125,5.078125,16,14.7,0,
1473,2026-09-02,13:57:26.62564,172.43072,,875,0,,0,11.875,775,27.843137254902,0,15,14.7,-40,,0.78125,5.078125,,,,,,,,,,,,,1.50381,18.75,-3.90625,0,0.78125,5.078125,16,14.7,0,
1474,2026-09-02,13:57:26.79773,172.60329,,875,0,,0,11.875,775,27.843137254902,0,15,15,-40,,0.78125,5.078125,,,,,,,,,,,,,1.52334,18.75,-3.90625,0,0.78125,5.078125,16,14.7,0,
1475,2026-09-02,13:57:26.93864,172.74581,,906.25,0,,0,11.5625,775,27.843137254902,0,14,14.7,-40,,0.78125,5.078125,,,,,,,,,,,,,1.60146,18.75,-3.90625,0,0.78125,5.078125,15,14.7,0,
1476,2026-09-02,13:57:27.06359,172.87057,,906.25,0,,0,11.5625,775,27.4509803921569,0,14,14.7,-40,,0.78125,5.078125,,,,,,,,,,,,,1.60146,18.75,-3.7109375,0,0.78125,5.078125,15,14.7,2,
1477,2026-09-02,13:57:27.15732,172.97541,,906.25,0,,0,11.5625,775,27.4509803921569,0,13,14.5,-40,,0.78125,5.078125,,,,,,,,,,,,,1.60146,18.75,-3.7109375,0,0.78125,5.078125,15,14.7,0,
1478,2026-09-02,13:57:27.29795,173.1075,,906.25,0,,0,11.5625,775,27.4509803921569,0,14,14.6,-40,,0.78125,5.078125,,,,,,,,,,,,,1.54287,18.75,-3.7109375,0,0.78125,5.078125,15,14.7,1,
1479,2026-09-02,13:57:27.39218,173.21003,,906.25,0,,0,11.5625,775,27.4509803921569,0,14,14.5,-40,,0.78125,5.078125,,,,,,,,,,,,,1.58193,18.75,-3.7109375,0,0.78125,5.078125,15,14.7,2,
1480,2026-09-02,13:57:27.51721,173.32716,,906.25,0,,0,11.5625,775,27.4509803921569,0,14,14.4,-40,,0.78125,5.078125,,,,,,,,,,,,,1.54287,18.75,-3.7109375,0,0.78125,5.078125,15,14.7,4,
1481,2026-09-02,13:57:27.65831,173.46964,,906.25,0,,0,11.5625,775,27.4509803921569,0,13,14.5,-40,,0.78125,5.078125,,,,,,,,,,,,,1.50381,18.75,-3.515625,0,0.78125,5.078125,15,14.7,2,
1482,2026-09-02,13:57:27.78343,173.59424,,906.25,0,,0,11.5625,775,27.4509803921569,0,14,14.4,-40,,0.78125,5.078125,,,,,,,,,,,,,1.50381,18.75,-3.7109375,0,0.78125,5.078125,15,14.7,4,
1483,2026-09-02,13:57:27.90887,173.71363,,906.25,0,,0,11.5625,775,27.4509803921569,0,14,14.5,-40,,0.78125,5.078125,,,,,,,,,,,,,1.60146,18.75,-3.7109375,0,0.78125,5.078125,15,14.7,3,
1484,2026-09-02,13:57:28.03410,173.84396,,906.25,0,,0,11.5625,775,27.4509803921569,0,13,14.4,-40,,0.78125,5.078125,,,,,,,,,,,,,1.58193,18.75,-3.7109375,0,0.78125,5.078125,15,14.7,3,
1485,2026-09-02,13:57:28.14369,173.95072,,906.25,0,,0,11.5625,775,27.4509803921569,0,14,14.4,-40,,0.78125,5.078125,,,,,,,,,,,,,1.50381,18.75,-3.7109375,0,0.78125,5.078125,15,14.7,1,
1486,2026-09-02,13:57:28.25325,174.0587,,906.25,0,,0,11.5625,774,27.4509803921569,0,14,14.7,-40,,0.78125,5.078125,,,,,,,,,,,,,1.52334,18.75,-3.7109375,0,0.78125,5.078125,15,14.7,1,
1487,2026-09-02,13:57:28.37848,174.18846,,906.25,0,,0,11.5625,775,27.4509803921569,0,14,14.5,-40,,0.78125,5.078125,,,,,,,,,,,,,1.62099,18.75,-3.90625,0,0.78125,5.078125,15,14.7,0,
1488,2026-09-02,13:57:28.48813,174.29766,,875,0,,0,11.5625,775,27.4509803921569,0,14,14.5,-40,,0.78125,5.078125,,,,,,,,,,,,,1.5624,18.75,-3.90625,0,0.78125,5.078125,15,14.7,2,
1489,2026-09-02,13:57:28.59750,174.40812,,875,0,,0,11.5625,775,27.4509803921569,0,16,14.5,-40,,0.78125,5.078125,,,,,,,,,,,,,1.58193,18.75,-3.90625,0,0.78125,5.078125,15,14.7,0,
1490,2026-09-02,13:57:28.69093,174.50793,,875,0,,0,11.5625,775,27.4509803921569,0,15,14.5,-40,,0.78125,5.078125,,,,,,,,,,,,,1.62099,18.75,-3.90625,0,0.78125,5.078125,15,14.7,4,
1491,2026-09-02,13:57:28.80030,174.61215,,875,0,,0,11.5625,775,27.843137254902,0,14,14.7,-40,,0.78125,5.078125,,,,,,,,,,,,,1.62099,18.75,-3.90625,0,0.78125,5.078125,15,14.7,2,
1492,2026-09-02,13:57:28.91065,174.72763,,875,0,,0,11.5625,775,27.4509803921569,0,15,14.7,-40,,0.78125,5.078125,,,,,,,,,,,,,1.62099,18.75,-4.1015625,0,0.78125,5.078125,15,14.7,1,
1493,2026-09-02,13:57:29.05128,174.85964,,875,0,,0,11.5625,775,27.843137254902,0,15,14.6,-40,,0.78125,5.078125,,,,,,,,,,,,,1.50381,18.75,-4.1015625,0,0.78125,5.078125,15,14.7,1,
1494,2026-09-02,13:57:29.22387,175.02712,,875,0,,0,11.5625,775,27.843137254902,0,14,14.8,-40,,0.78125,5.078125,,,,,,,,,,,,,1.60146,18.75,-4.1015625,0,0.78125,5.078125,15,14.7,1,
1495,2026-09-02,13:57:29.31755,175.13151,,875,0,,0,11.5625,775,27.843137254902,0,16,14.7,-40,,0.78125,5.078125,,,,,,,,,,,,,1.52334,18.75,-4.1015625,0,0.78125,5.078125,15,14.7,0,
1496,2026-09-02,13:57:29.44266,175.25609,,875,0,,0,11.5625,775,27.843137254902,0,17,14.7,-40,,0.78125,5.078125,,,,,,,,,,,,,1.50381,18.75,-4.296875,0,0.78125,5.078125,15,14.7,2,
1497,2026-09-02,13:57:29.58334,175.38904,,875,0,,0,11.875,775,27.843137254902,0,15,14.8,-40,,0.78125,5.078125,,,,,,,,,,,,,1.5624,18.75,-4.296875,0,0.78125,5.078125,15,14.7,2,
1498,2026-09-02,13:57:29.67770,175.49081,,875,0,,0,11.5625,775,27.843137254902,0,14,14.8,-40,,0.78125,5.078125,,,,,,,,,,,,,1.62099,18.75,-4.296875,0,0.78125,5.078125,15,14.7,0,
1499,2026-09-02,13:57:29.78708,175.60117,,906.25,0,,0,11.5625,775,27.843137254902,0,14,14.8,-40,,0.78125,5.078125,,,,,,,,,,,,,1.60146,18.75,-4.296875,0,0.78125,5.078125,15,14.7,2,
1500,2026-09-02,13:57:29.91225,175.7261,,875,0,,0,11.5625,775,27.843137254902,0,15,15.1,-40,,0.78125,5.078125,,,,,,,,,,,,,1.58193,18.75,-4.296875,0,0.78125,5.078125,15,14.7,0,
1501,2026-09-02,13:57:30.03748,175.85072,,875,0,,0,11.875,775,27.843137254902,0,14,15,-40,,0.78125,5.078125,,,,,,,,,,,,,1.62099,18.75,-4.1015625,0,0.78125,5.078125,15,14.7,0,
1502,2026-09-02,13:57:30.16284,175.97054,,906.25,0,,0,11.5625,775,27.843137254902,0,14,14.9,-40,,0.78125,5.078125,,,,,,,,,,,,,1.54287,18.75,-4.1015625,0,0.78125,5.078125,15,14.7,3,
1503,2026-09-02,13:57:30.28774,176.09498,,906.25,0,,0,11.5625,775,27.4509803921569,0,14,15.1,-40,,0.78125,5.078125,,,,,,,,,,,,,1.5624,18.75,-4.1015625,0,0.78125,5.078125,15,14.7,1,
1504,2026-09-02,13:57:30.41334,176.22515,,906.25,0,,0,11.5625,775,27.4509803921569,0,14,14.9,-40,,0.78125,5.078125,,,,,,,,,,,,,1.60146,18.75,-4.1015625,0,0.78125,5.078125,15,14.7,3,
1505,2026-09-02,13:57:30.53829,176.34507,,906.25,0,,0,11.5625,775,27.843137254902,0,14,14.8,-40,,0.78125,5.078125,,,,,,,,,,,,,1.54287,18.75,-4.1015625,0,0.78125,5.078125,15,14.7,3,
1506,2026-09-02,13:57:30.66414,176.47477,,875,0,,0,11.5625,774,27.4509803921569,0,14,14.9,-40,,0.78125,5.078125,,,,,,,,,,,,,1.50381,18.75,-3.90625,0,0.78125,5.078125,15,14.7,1,
1507,2026-09-02,13:57:30.78897,176.59409,,875,0,,0,11.5625,775,27.4509803921569,0,14,14.7,-40,,0.78125,5.078125,,,,,,,,,,,,,1.62099,18.75,-3.90625,0,0.78125,5.078125,15,14.7,1,
1508,2026-09-02,13:57:30.89900,176.70665,,875,0,,0,11.5625,775,27.4509803921569,0,14,14.7,-40,,0.78125,5.078125,,,,,,,,,,,,,1.62099,18.75,-3.90625,0,0.78125,5.078125,15,14.7,1,
1509,2026-09-02,13:57:30.99275,176.80921,,875,0,,0,11.5625,774,27.843137254902,0,15,14.7,-40,,0.78125,5.078125,,,,,,,,,,,,,1.58193,18.75,-3.90625,0,0.78125,5.078125,15,14.7,2,
1510,2026-09-02,13:57:31.11791,176.9308,,875,0,,0,11.5625,775,27.843137254902,0,15,14.8,-40,,0.78125,5.078125,,,,,,,,,,,,,1.60146,18.75,-3.7109375,0,0.78125,5.078125,15,14.7,0,
1511,2026-09-02,13:57:31.22706,177.03871,,875,0,,0,11.5625,776,27.843137254902,0,14,14.8,-40,,0.78125,5.078125,,,,,,,,,,,,,1.52334,18.75,-3.7109375,0,0.78125,5.078125,15,14.7,1,
1512,2026-09-02,13:57:31.33644,177.15349,,875,0,,0,11.5625,775,27.843137254902,0,14,14.6,-40,,0.78125,5.078125,,,,,,,,,,,,,1.62099,18.75,-3.7109375,0,0.78125,5.078125,15,14.7,0,
1513,2026-09-02,13:57:31.44653,177.25788,,906.25,0,,0,11.5625,775,27.4509803921569,0,14,14.5,-40,,0.78125,5.078125,,,,,,,,,,,,,1.5624,18.75,-3.7109375,0,0.78125,5.078125,15,14.7,3,
1514,2026-09-02,13:57:31.55588,177.37286,,906.25,0,,0,11.5625,774,27.4509803921569,0,14,14.4,-40,,0.78125,5.078125,,,,,,,,,,,,,1.52334,18.75,-3.7109375,0,0.78125,5.078125,15,14.7,0,
1515,2026-09-02,13:57:31.71269,177.51986,,875,0,,0,11.5625,774,27.843137254902,0,15,14.6,-40,,0.78125,5.078125,,,,,,,,,,,,,1.5624,18.75,-3.515625,0,0.78125,5.078125,15,14.7,2,
1516,2026-09-02,13:57:31.82204,177.62734,,875,0,,0,11.5625,775,27.843137254902,0,14,14.4,-40,,0.78125,5.078125,,,,,,,,,,,,,1.58193,18.75,-3.515625,0,0.78125,5.078125,14,14.7,1,
1517,2026-09-02,13:57:31.93194,177.73945,,875,0,,0,11.5625,775,27.843137254902,0,15,14.5,-40,,0.78125,5.078125,,,,,,,,,,,,,1.60146,18.75,-3.515625,0,0.78125,5.078125,14,14.7,1,
1518,2026-09-02,13:57:32.02561,177.84209,,875,0,,0,11.875,775,27.843137254902,0,15,14.5,-40,,0.78125,5.078125,,,,,,,,,,,,,1.52334,18.75,-3.515625,0,0.78125,5.078125,14,14.7,1,
1519,2026-09-02,13:57:32.18249,177.99675,,875,0,,0,11.875,775,27.843137254902,0,17,14.4,-40,,0.78125,5.078125,,,,,,,,,,,,,1.5624,18.75,-3.7109375,0,0.78125,5.078125,14,14.7,0,
1520,2026-09-02,13:57:32.32307,178.1283,,875,0,,0,11.875,775,28.2352941176471,0,15,14.5,-40,,0.78125,5.078125,,,,,,,,,,,,,1.62099,18.75,-3.7109375,0,0.78125,5.078125,14,14.7,0,
1521,2026-09-02,13:57:32.46427,178.28134,,875,0,,0,11.875,775,27.843137254902,0,15,14.4,-40,,0.78125,5.078125,,,,,,,,,,,,,1.50381,18.75,-3.7109375,0,0.78125,5.078125,15,14.7,0,
1522,2026-09-02,13:57:32.57361,178.38607,,906.25,0,,0,11.5625,775,27.843137254902,0,14,14.5,-40,,0.78125,5.078125,,,,,,,,,,,,,1.58193,18.75,-3.7109375,0,0.78125,5.078125,14,14.7,2,
1523,2026-09-02,13:57:32.71475,178.52413,,875,0,,0,11.5625,775,27.843137254902,0,16,14.5,-40,,0.78125,5.078125,,,,,,,,,,,,,1.52334,18.75,-3.90625,0,0.78125,5.078125,14,14.7,2,
1524,2026-09-02,13:57:32.85533,178.66073,,875,0,,0,11.875,775,28.2352941176471,0,15,14.3,-40,,0.78125,5.078125,,,,,,,,,,,,,1.62099,18.75,-3.90625,0,0.78125,5.078125,14,14.7,2,
1525,2026-09-02,13:57:32.98084,178.7956,,875,0,,0,11.875,775,28.2352941176471,0,16,14.5,-40,,0.78125,5.078125,,,,,,,,,,,,,1.52334,18.75,-3.90625,0,0.78125,5.078125,14,14.7,2,
1526,2026-09-02,13:57:33.10581,178.92055,,875,0,,0,11.875,775,28.2352941176471,0,16,14.5,-40,,0.78125,5.078125,,,,,,,,,,,,,1.50381,18.75,-3.90625,0,0.78125,5.078125,14,14.7,2,
1527,2026-09-02,13:57:33.24700,179.055,,875,0,,0,11.875,775,28.2352941176471,0,15,14.6,-40,,0.78125,5.078125,,,,,,,,,,,,,1.62099,18.75,-4.1015625,0,0.78125,5.078125,14,14.7,2,
1528,2026-09-02,13:57:33.35635,179.16488,,875,0,,0,11.875,775,28.2352941176471,0,14,14.6,-40,,0.78125,5.078125,,,,,,,,,,,,,1.58193,18.75,-4.1015625,0,0.78125,5.078125,14,14.7,4,
1529,2026-09-02,13:57:33.46634,179.27468,,906.25,0,,0,11.875,775,28.2352941176471,0,14,14.8,-40,,0.78125,5.078125,,,,,,,,,,,,,1.60146,18.75,-4.1015625,0,0.78125,5.078125,14,14.7,2,
1530,2026-09-02,13:57:33.57564,179.38446,,875,0,,0,11.875,775,27.843137254902,0,14,14.8,-40,,0.78125,5.078125,,,,,,,,,,,,,1.50381,18.75,-4.1015625,0,0.78125,5.078125,14,14.7,4,
1531,2026-09-02,13:57:33.71680,179.52208,,875,0,,0,11.875,776,28.2352941176471,0,16,14.8,-40,,0.78125,5.078125,,,,,,,,,,,,,1.58193,18.75,-4.1015625,0,0.78125,5.078125,14,14.7,1,
1532,2026-09-02,13:57:33.81052,179.6195,,875,0,,0,11.875,775,28.2352941176471,0,15,14.7,-40,,0.78125,5.078125,,,,,,,,,,,,,1.52334,18.75,-4.1015625,0,0.78125,5.078125,14,14.7,3,
1533,2026-09-02,13:57:33.91988,179.72898,,875,0,,0,11.875,775,28.2352941176471,0,15,14.8,-40,,0.78125,5.078125,,,,,,,,,,,,,1.54287,18.75,-4.1015625,0,0.78125,5.078125,14,14.7,0,
