LogID,LogEntryDate,LogEntryTime,LogEntrySeconds,LogNotes,RPM,Speed,Boost,KnockSum,Load,MAT,TPS,IPW,TimingAdv,WideBandAF,IAT,STFT,LTFT_Idle,LTFT_Cruise,LTFT_High,ActiveWGDC,Octane,Trans_Temp,OddClutchTemp,EvenClutchTemp,OddClutchPressure,EvenClutchPressure,OddClutchSlipSpeed,EvenClutchSlipSpeed,OddInputShaftSpeed,EvenInputShaftSpeed,MAF_Voltage,Airflow,STFT#2,LTFT_High#2,LTFT,LTFT_Mid#2,Cooltemp,Target_AFR,Knock_change,Custom
1,2026-09-02,14:28:42.92562,0.17939,,2156.25,32,,0,16.875,774,38.8235294117647,0,40,0,-40,,0,4.6875,0,,,,,,,,,,,,2.16783,68.75,-0.1953125,0,0,4.6875,-11,14.7,15,
2,2026-09-02,14:28:43.16042,0.41421,,2156.25,32,,0,16.875,773,38.4313725490196,0,40,14.3,-40,,0,4.6875,0,,,,,,,,,,,,2.12877,68.75,-0.78125,0,0,4.6875,-11,14.7,14,
3,2026-09-02,14:28:43.38018,0.63379,,2187.5,32,,0,21.5625,774,45.4901960784314,0,36,15.5,-40,,0,4.6875,0,,,,,,,,,,,,2.36313,106.25,-0.390625,0,0,4.6875,-11,14.7,1,
4,2026-09-02,14:28:43.66156,0.91082,,2218.75,34,,2,24.375,773,52.9411764705882,0,30,13.7,-40,,0,4.6875,0,,,,,,,,,,,,2.40219,106.25,-0.1953125,0,0,4.6875,-11,14.7,1,
5,2026-09-02,14:28:43.88021,1.13772,,2312.5,34,,2,23.75,773,52.5490196078431,0,31,14.4,-40,,0,4.6875,0,,,,,,,,,,,,2.36313,106.25,-0.9765625,0,0,4.6875,-11,14.7,21,
6,2026-09-02,14:28:44.09995,1.35126,,2343.75,36,,2,23.4375,774,51.7647058823529,0,32,15,-40,,0,4.6875,0,,,,,,,,,,,,2.44125,112.5,-1.5625,0,0,4.6875,-11,14.7,17,
7,2026-09-02,14:28:44.33489,1.59215,,2406.25,36,,1,26.25,774,58.0392156862745,0,29,14.9,-40,,0,4.6875,0,,,,,,,,,,,,2.63655,131.25,-2.9296875,0,0,4.6875,-11,14.7,27,
8,2026-09-02,14:28:44.56922,1.81884,,2500,36,,1,30,773,65.4901960784314,0,27,15.5,-40,,0,4.6875,0,,,,,,,,,,,,2.57796,143.75,-1.953125,0,0,4.6875,-11,14.7,18,
9,2026-09-02,14:28:44.85174,2.10676,,2593.75,38,,1,28.75,774,63.5294117647059,0,28,15.6,-40,,0,4.6875,0,,,,,,,,,,,,2.65608,143.75,-0.390625,0,0,4.6875,-11,14.7,9,
10,2026-09-02,14:28:45.07089,2.3181,,2687.5,38,,0,28.125,773,62.3529411764706,0,31,14.8,-40,,0,4.6875,0,,,,,,,,,,,,2.55843,150,0.78125,0,0,4.6875,-11,14.7,36,
11,2026-09-02,14:28:45.30522,2.55592,,2781.25,38,,0,27.8125,774,61.9607843137255,0,31,14.2,-40,,0,4.6875,0,,,,,,,,,,,,2.59749,150,1.171875,0,0,4.6875,-11,14.7,12,
12,2026-09-02,14:28:45.55598,2.80552,,2843.75,42,,0,27.5,774,61.9607843137255,0,31,14.7,-40,,0,4.6875,0,,,,,,,,,,,,2.61702,156.25,0.390625,0,0,4.6875,-11,14.7,17,
13,2026-09-02,14:28:45.79112,3.04507,,2937.5,42,,0,27.1875,773,61.1764705882353,0,32,14.8,-40,,0,4.6875,0,,,,,,,,,,,,2.67561,156.25,0.5859375,0,0,4.6875,-11,14.7,12,
14,2026-09-02,14:28:46.01064,3.25977,,3031.25,42,,0,26.875,773,60.7843137254902,0,32,14.5,-40,,0,4.6875,0,,,,,,,,,,,,2.63655,156.25,1.953125,0,0,4.6875,-11,14.7,20,
15,2026-09-02,14:28:46.27578,3.52933,,3093.75,46,,0,25.3125,774,58.0392156862745,0,32,14.1,-40,,0,4.6875,0,,,,,,,,,,,,2.48031,143.75,1.171875,0,0,4.6875,-11,14.7,20,
16,2026-09-02,14:28:46.49562,3.74351,,3187.5,46,,0,20.9375,773,50.1960784313725,0,38,14.5,-40,,0,4.6875,0,,,,,,,,,,,,2.5389,131.25,0.1953125,0,0,4.6875,-11,14.7,7,
17,2026-09-02,14:28:46.69886,3.94565,,3250,46,,0,20.3125,773,48.6274509803922,0,37,14.4,-40,,0,4.6875,0,,,,,,,,,,,,2.49984,125,-0.5859375,0,0,4.6875,-11,14.7,9,
18,2026-09-02,14:28:46.96489,4.21834,,3281.25,50,,0,19.6875,773,48.2352941176471,0,37,14.5,-40,,0,4.6875,0,,,,,,,,,,,,2.48031,125,-1.7578125,0,0,4.6875,-11,14.7,3,
19,2026-09-02,14:28:47.17610,4.43252,,3343.75,50,,0,20,774,49.0196078431373,0,38,15.3,-40,,0,4.6875,0,,,,,,,,,,,,2.61702,137.5,-2.5390625,0,0,4.6875,-11,14.7,7,
20,2026-09-02,14:28:47.41900,4.67241,,3406.25,50,,0,23.4375,773,54.1176470588235,0,36,14.9,-40,,0,4.6875,0,,,,,,,,,,,,2.69514,156.25,-1.171875,0,0,4.6875,-11,14.7,2,
21,2026-09-02,14:28:47.63765,4.88459,,3468.75,52,,0,23.75,773,54.9019607843137,0,32,14.9,-40,,0,4.6875,0,,,,,,,,,,,,2.83185,175,0.5859375,0,0,4.6875,-11,14.7,2,
22,2026-09-02,14:28:47.90425,5.15675,,3531.25,52,,0,26.875,773,58.0392156862745,0,30,14,-40,,0,4.6875,0,,,,,,,,,,,,2.77326,187.5,0.78125,0,0,4.6875,-11,14.7,16,
23,2026-09-02,14:28:48.12333,5.37138,,3625,52,,0,27.8125,773,59.2156862745098,0,30,14.4,-40,,0,4.6875,0,,,,,,,,,,,,3.14433,212.5,-0.1953125,0,0,4.6875,-11,14.7,3,
24,2026-09-02,14:28:48.37405,5.62115,,3750,56,,0,35.625,773,70.9803921568627,0,25,13.6,-40,,0,4.6875,0,,,,,,,,,,,,3.1248,256.25,-0.78125,0,0,4.6875,-11,14.7,6,
25,2026-09-02,14:28:48.60871,5.86526,,3812.5,56,,0,36.875,774,72.5490196078431,0,24,15,-40,,0,4.6875,0,,,,,,,,,,,,3.06621,281.25,-1.5625,0,0,4.6875,-11,14.7,27,
26,2026-09-02,14:28:48.81248,6.06021,,3906.25,56,,0,37.8125,774,72.156862745098,0,23,14.8,-40,,0,4.6875,0,,,,,,,,,,,,3.28104,293.75,0,0,0,4.6875,-11,12.544,8,
27,2026-09-02,14:28:49.04680,6.29752,,4062.5,56,,0,42.1875,774,77.2549019607843,0,21,13.5,-40,,0,4.6875,0,,,,,,,,,,,,3.30057,343.75,0,0,0,4.6875,-11,12.1393548387097,23,
28,2026-09-02,14:28:49.32943,6.58444,,4187.5,60,,0,46.25,774,79.6078431372549,0,20,13,-40,,0,4.6875,0,,,,,,,,,,,,3.24198,400,0,0,0,4.6875,-11,11.9847133757962,4,
29,2026-09-02,14:28:49.54849,6.80414,,4343.75,60,,0,48.125,774,79.6078431372549,0,20,12.6,-40,,0,4.6875,0,,,,,,,,,,,,3.35916,406.25,0,0,0,4.6875,-11,11.8339622641509,35,
30,2026-09-02,14:28:49.75129,7.00877,,4500,68,,0,47.1875,773,79.6078431372549,0,20,11.3,-40,,0,4.6875,0,,,,,,,,,,,,3.61305,412.5,0,0,0,4.6875,-11,11.8339622641509,4,
31,2026-09-02,14:28:49.96997,7.22363,,4625,68,,0,46.25,773,79.2156862745098,0,22,12,-40,,0,4.6875,0,,,,,,,,,,,,3.33963,418.75,0,0,0,4.6875,-11,11.76,3,
32,2026-09-02,14:28:50.20480,7.45585,,4750,68,,0,43.75,773,74.9019607843137,0,25,12,-40,,0,4.6875,0,,,,,,,,,,,,2.38266,306.25,0,0,0,4.6875,-11,13.7343065693431,1,
33,2026-09-02,14:28:50.42413,7.6779,,4625,68,,0,5,773,14.1176470588235,0,24,10.1,-40,,0,4.6875,0,,,,,,,,,,,,1.67958,37.5,0,0,0,4.6875,-11,12.7135135135135,3,
34,2026-09-02,14:28:50.65889,7.90729,,4343.75,72,,0,3.125,773,11.3725490196078,0,23,11.5,-40,,0,4.6875,0,,,,,,,,,,,,1.64052,25,0,0,0,4.6875,-11,14.363358778626,11,
35,2026-09-02,14:28:50.89371,8.13995,,4000,72,,0,3.125,773,11.3725490196078,0,20,13.1,-40,,0,4.6875,0,,,,,,,,,,,,1.60146,18.75,0,0,0,4.6875,-11,14.7,6,
36,2026-09-02,14:28:51.09734,8.35157,,3687.5,72,,0,24.0625,773,47.4509803921569,0,31,13.1,-40,,0,4.6875,0,,,,,,,,,,,,3.10527,256.25,-0.390625,0,0,4.6875,-10,14.7,27,
37,2026-09-02,14:28:51.31712,8.57076,,3312.5,72,,2,35.3125,774,71.7647058823529,0,22,13.4,-40,,0,4.6875,0,,,,,,,,,,,,2.69514,200,-0.9765625,0,0,4.6875,-11,14.7,9,
38,2026-09-02,14:28:51.55217,8.79588,,3375,72,,1,24.6875,773,54.9019607843137,0,34,15.5,-40,,0,4.6875,0,,,,,,,,,,,,2.22642,131.25,-1.953125,0,0,4.6875,-11,14.7,4,
39,2026-09-02,14:28:51.77128,9.02554,,3406.25,72,,0,14.375,773,33.7254901960784,0,41,15.8,-40,,0,4.6875,0,,,,,,,,,,,,2.22642,87.5,-2.1484375,0,0,4.6875,-10,14.7,15,
40,2026-09-02,14:28:52.00614,9.25198,,3406.25,72,,0,12.5,773,30.1960784313725,0,41,15.3,-40,,0,4.6875,0,,,,,,,,,,,,2.18736,81.25,-0.9765625,0,0,4.6875,-10,14.7,19,
41,2026-09-02,14:28:52.24096,9.48468,,3406.25,72,,0,12.1875,773,30.1960784313725,0,41,14.8,-40,,0,4.6875,0,,,,,,,,,,,,2.22642,81.25,0.1953125,0,0,4.6875,-11,14.7,19,
42,2026-09-02,14:28:52.46010,9.71445,,3406.25,72,,0,11.25,773,28.6274509803922,0,41,14.4,-40,,0,4.6875,0,,,,,,,,,,,,2.08971,75,0.390625,0,0,4.6875,-10,14.7,8,
43,2026-09-02,14:28:52.67937,9.93427,,3406.25,72,,0,9.0625,774,25.0980392156863,0,31,14.2,-40,,0,4.6875,0,,,,,,,,,,,,1.58193,37.5,-0.5859375,0,0,4.6875,-10,14.7,6,
44,2026-09-02,14:28:52.91424,10.16375,,3312.5,72,,0,4.0625,773,14.9019607843137,0,13,14.5,-40,,0,4.6875,0,,,,,,,,,,,,1.5624,25,0,0,0,4.6875,-10,14.7,11,
45,2026-09-02,14:28:53.14914,10.39789,,3312.5,72,,0,3.125,773,13.7254901960784,0,12,16.7,-40,,0,4.6875,0,,,,,,,,,,,,1.5624,18.75,0,0,0,4.6875,-11,14.7,9,
46,2026-09-02,14:28:53.33612,10.59301,,3281.25,72,,0,2.8125,773,13.3333333333333,0,11,14.7,-40,,0,4.6875,0,,,,,,,,,,,,1.52334,18.75,0,0,0,4.6875,-11,14.7,21,
47,2026-09-02,14:28:53.57044,10.82775,,3250,72,,0,2.8125,773,13.3333333333333,0,9,15.1,-40,,0,4.6875,0,,,,,,,,,,,,1.54287,18.75,0,0,0,4.6875,-10,14.7,4,
48,2026-09-02,14:28:53.78954,11.04021,,3218.75,72,,0,2.5,773,12.9411764705882,0,9,22.7,-40,,0,4.6875,0,,,,,,,,,,,,1.50381,12.5,0,0,0,4.6875,-10,14.7,4,
49,2026-09-02,14:28:54.07125,11.32683,,3156.25,68,,0,2.5,773,12.5490196078431,0,7,33.4,-40,,0,4.6875,0,,,,,,,,,,,,1.5624,18.75,0,0,0,4.6875,-10,14.7,18,
50,2026-09-02,14:28:54.30573,11.5516,,3062.5,68,,0,3.4375,773,14.1176470588235,0,6,67.8,-40,,0,4.6875,0,,,,,,,,,,,,1.52334,18.75,0,0,0,4.6875,-10,14.7,22,
51,2026-09-02,14:28:54.50872,11.76087,,2968.75,68,,0,3.4375,773,14.5098039215686,0,5,85,-40,,0,4.6875,0,,,,,,,,,,,,1.50381,18.75,0,0,0,4.6875,-10,14.7,16,
52,2026-09-02,14:28:54.74354,11.99086,,2937.5,62,,0,3.4375,773,14.5098039215686,0,4,96,-40,,0,4.6875,0,,,,,,,,,,,,1.5624,18.75,0,0,0,4.6875,-10,14.7,1,
53,2026-09-02,14:28:54.94714,12.19062,,2875,62,,0,3.4375,773,14.5098039215686,0,3,96,-40,,0,4.6875,0,,,,,,,,,,,,1.50381,18.75,0,0,0,4.6875,-10,14.7,8,
54,2026-09-02,14:28:55.16642,12.41471,,2812.5,62,,0,3.4375,773,14.5098039215686,0,3,96,-40,,0,4.6875,0,,,,,,,,,,,,1.60146,18.75,0,0,0,4.6875,-10,14.7,13,
55,2026-09-02,14:28:55.41694,12.66966,,2750,58,,0,3.75,773,14.5098039215686,0,1,96,-40,,0,4.6875,0,,,,,,,,,,,,1.54287,18.75,0,0,0,4.6875,-10,14.7,11,
56,2026-09-02,14:28:55.63617,12.88313,,2687.5,58,,0,3.4375,773,14.5098039215686,0,1,99.9,-40,,0,4.6875,0,,,,,,,,,,,,1.54287,18.75,0,0,0,4.6875,-10,14.7,10,
57,2026-09-02,14:28:55.85545,13.11419,,2625,58,,0,3.75,773,14.1176470588235,0,-1,99.9,-40,,0,4.6875,0,,,,,,,,,,,,1.54287,18.75,0,0,0,4.6875,-10,14.7,21,
58,2026-09-02,14:28:56.05899,13.30883,,2562.5,58,,0,3.4375,773,14.1176470588235,0,-1,99.9,-40,,0,4.6875,0,,,,,,,,,,,,1.54287,18.75,0,0,0,4.6875,-10,14.7,10,
59,2026-09-02,14:28:56.27821,13.52318,,2531.25,54,,0,3.75,773,13.7254901960784,0,-2,99.9,-40,,0,4.6875,0,,,,,,,,,,,,1.48428,18.75,0,0,0,4.6875,-10,14.7,1,
60,2026-09-02,14:28:56.48135,13.73773,,2468.75,54,,0,4.0625,773,13.7254901960784,0,-3,99.9,-40,,0,4.6875,0,,,,,,,,,,,,1.58193,18.75,0,0,0,4.6875,-11,14.7,8,
61,2026-09-02,14:28:56.68493,13.93768,,2437.5,54,,0,3.75,773,13.7254901960784,0,-3,99.9,-40,,0,4.6875,0,,,,,,,,,,,,1.5624,18.75,0,0,0,4.6875,-11,14.7,4,
62,2026-09-02,14:28:56.91979,14.17007,,2406.25,52,,0,3.75,773,13.3333333333333,0,-4,99.9,-40,,0,4.6875,0,,,,,,,,,,,,1.48428,18.75,0,0,0,4.6875,-11,14.7,4,
63,2026-09-02,14:28:57.18612,14.43695,,2375,52,,0,3.75,773,13.3333333333333,0,-4,99.9,-40,,0,4.6875,0,,,,,,,,,,,,1.50381,18.75,0,0,0,4.6875,-10,14.7,2,
64,2026-09-02,14:28:57.38959,14.63993,,2375,52,,0,4.0625,773,13.3333333333333,0,-5,99.9,-40,,0,4.6875,0,,,,,,,,,,,,1.52334,18.75,0,0,0,4.6875,-11,14.7,7,
65,2026-09-02,14:28:57.64030,14.8884,,2343.75,50,,0,4.0625,773,13.3333333333333,0,-5,99.9,-40,,0,4.6875,0,,,,,,,,,,,,1.5624,18.75,0,0,0,4.6875,-11,14.7,18,
66,2026-09-02,14:28:57.84388,15.09579,,2312.5,50,,0,4.0625,773,13.3333333333333,0,-5,99.9,-40,,0,4.6875,0,,,,,,,,,,,,1.54287,18.75,0,0,0,4.6875,-10,14.7,15,
67,2026-09-02,14:28:58.04744,15.29847,,2281.25,50,,0,4.0625,773,13.3333333333333,0,-6,99.9,-40,,0,4.6875,0,,,,,,,,,,,,1.5624,18.75,0,0,0,4.6875,-11,14.7,1,
68,2026-09-02,14:28:58.32882,15.57741,,2250,48,,0,4.0625,773,13.3333333333333,0,-7,99.9,-40,,0,4.6875,0,,,,,,,,,,,,1.54287,18.75,0,0,0,4.6875,-11,14.7,7,
69,2026-09-02,14:28:58.54795,15.79766,,2156.25,48,,0,4.375,773,13.7254901960784,0,-7,99.9,-40,,0,4.6875,0,,,,,,,,,,,,1.54287,18.75,0,0,0,4.6875,-11,14.7,3,
70,2026-09-02,14:28:58.79850,16.04886,,2125,48,,0,4.375,773,14.1176470588235,0,-8,99.9,-40,,0,4.6875,0,,,,,,,,,,,,1.58193,18.75,0,0,0,4.6875,-11,14.7,17,
71,2026-09-02,14:28:59.01723,16.27402,,2062.5,44,,0,4.6875,773,14.9019607843137,0,-9,99.9,-40,,0,4.6875,0,,,,,,,,,,,,1.52334,18.75,0,0,0,4.6875,-11,14.7,11,
72,2026-09-02,14:28:59.23649,16.48615,,2000,44,,0,4.6875,773,15.2941176470588,0,-10,99.9,-40,,0,4.6875,0,,,,,,,,,,,,1.5624,18.75,0,0,0,4.6875,-11,14.7,8,
73,2026-09-02,14:28:59.44007,16.69789,,1906.25,44,,0,5,773,16.078431372549,0,7,99.9,-40,,0,4.6875,0,,,,,,,,,,,,1.5624,18.75,0,0,0,4.6875,-11,14.7,2,
74,2026-09-02,14:28:59.70628,16.95519,,1843.75,40,,0,5.3125,773,16.8627450980392,0,20,99.9,-40,,0,4.6875,0,,,,,,,,,,,,1.48428,18.75,0,0,0,4.6875,-11,14.7,2,
75,2026-09-02,14:28:59.90990,17.16743,,1750,40,,0,5.625,773,17.2549019607843,0,20,99.9,-40,,0,4.6875,0,,,,,,,,,,,,1.60146,18.75,0,0,0,4.6875,-11,14.7,1,
76,2026-09-02,14:29:00.14481,17.39236,,1687.5,40,,0,5.9375,773,17.2549019607843,0,20,99.9,-40,,0,4.6875,0,,,,,,,,,,,,1.48428,18.75,0,0,0,4.6875,-11,14.7,3,
77,2026-09-02,14:29:00.31709,17.56149,,1593.75,40,,0,5.9375,773,17.2549019607843,0,-5,99.9,-40,,0,4.6875,0,,,,,,,,,,,,1.50381,18.75,0,0,0,4.6875,-11,14.7,0,
78,2026-09-02,14:29:00.55188,17.80654,,1531.25,34,,0,6.25,773,16.8627450980392,0,32,99.9,-40,,0,4.6875,0,,,,,,,,,,,,1.48428,18.75,0,0,0,4.6875,-11,14.7,2,
79,2026-09-02,14:29:00.77060,18.02569,,1343.75,34,,0,6.875,773,18.4313725490196,0,32,78.8,-40,,0,4.6875,0,,,,,,,,,,,,1.48428,18.75,0,0,0,4.6875,-11,14.7,1,
80,2026-09-02,14:29:00.98988,18.24544,,1187.5,34,,0,8.125,773,20.3921568627451,0,27,17.1,-40,,0,4.6875,0,,,,,,,,,,,,1.58193,18.75,0,0,0,4.6875,-11,14.7,3,
81,2026-09-02,14:29:01.20913,18.4599,,1062.5,28,,0,8.75,773,21.9607843137255,0,23,14.6,-40,,0,4.6875,0,,,,,,,,,,,,1.50381,18.75,0,0,0,4.6875,-11,14.7,1,
82,2026-09-02,14:29:01.42836,18.67476,,937.5,28,,0,9.375,773,23.5294117647059,0,21,13.8,-40,,0,4.6875,0,,,,,,,,,,,,1.58193,18.75,0,0,0,4.6875,-11,14.7,1,
83,2026-09-02,14:29:01.61635,18.86919,,875,28,,0,10,773,25.0980392156863,0,19,13.6,-40,,0,4.6875,0,,,,,,,,,,,,1.5624,18.75,0,0,0,4.6875,-11,14.7,3,
84,2026-09-02,14:29:01.80431,19.04887,,812.5,22,,0,10.9375,773,26.2745098039216,0,16,13.5,-40,,0,4.6875,0,,,,,,,,,,,,1.5624,18.75,0,0,0,4.6875,-11,14.7,2,
85,2026-09-02,14:29:01.96054,19.21378,,750,22,,0,11.5625,773,27.4509803921569,0,14,13.6,-40,,0,4.6875,0,,,,,,,,,,,,1.40616,18.75,0,0,0,4.6875,-11,14.7,3,
86,2026-09-02,14:29:02.13291,19.38332,,750,22,,0,11.25,773,27.4509803921569,0,13,13.5,-40,,0,4.6875,0,,,,,,,,,,,,1.3671,12.5,0,0,0,4.6875,-11,14.7,3,
87,2026-09-02,14:29:02.30527,19.55858,,718.75,22,,0,10.625,773,26.6666666666667,0,14,13.7,-40,,0,4.6875,0,,,,,,,,,,,,1.42569,12.5,0.1953125,0,0,4.6875,-11,14.7,2,
88,2026-09-02,14:29:02.49319,19.7382,,656.25,18,,0,10.3125,773,26.6666666666667,0,15,13.9,-40,,0,4.6875,0,,,,,,,,,,,,1.50381,12.5,0.1953125,0,0,4.6875,-11,14.7,3,
89,2026-09-02,14:29:02.64972,19.90799,,687.5,18,,0,10.3125,772,26.6666666666667,0,10,13.8,-40,,0,4.6875,0,,,,,,,,,,,,1.52334,12.5,0.1953125,0,0,4.6875,-11,14.7,1,
90,2026-09-02,14:29:02.83754,20.08234,,718.75,18,,0,10,772,26.6666666666667,0,9,14.2,-40,,0,4.6875,0,,,,,,,,,,,,1.50381,12.5,0.1953125,0,0,4.6875,-11,14.7,3,
91,2026-09-02,14:29:03.00937,20.26043,,718.75,18,,0,10,773,26.2745098039216,0,10,14.2,-40,,0,4.6875,0,,,,,,,,,,,,1.38663,12.5,0.390625,0,0,4.6875,-11,14.7,3,
92,2026-09-02,14:29:03.22852,20.47688,,718.75,14,,0,9.6875,773,25.8823529411765,0,9,14.5,-40,,0,4.6875,0,,,,,,,,,,,,1.48428,12.5,0.390625,0,0,4.6875,-11,14.7,0,
93,2026-09-02,14:29:03.40116,20.65685,,718.75,14,,0,9.6875,773,25.8823529411765,0,10,14.6,-40,,0,4.6875,0,,,,,,,,,,,,1.38663,12.5,0.390625,0,0,4.6875,-11,14.7,2,
94,2026-09-02,14:29:03.58904,20.83674,,718.75,14,,0,9.6875,773,25.8823529411765,0,10,14.8,-40,,0,4.6875,0,,,,,,,,,,,,1.52334,12.5,0.5859375,0,0,4.6875,-11,14.7,1,
95,2026-09-02,14:29:03.76128,21.01131,,718.75,14,,0,9.375,772,25.8823529411765,0,10,15.1,-40,,0,4.6875,0,,,,,,,,,,,,1.38663,12.5,0.5859375,0,0,4.6875,-11,14.7,2,
96,2026-09-02,14:29:03.98035,21.23103,,718.75,12,,0,9.375,774,25.8823529411765,0,10,15.4,-40,,0,4.6875,0,,,,,,,,,,,,1.38663,12.5,0.5859375,0,0,4.6875,-11,14.7,3,
97,2026-09-02,14:29:04.18370,21.43587,,718.75,12,,0,9.375,773,25.4901960784314,0,9,15.5,-40,,0,4.6875,0,,,,,,,,,,,,1.40616,12.5,0.5859375,0,0,4.6875,-11,14.7,1,
98,2026-09-02,14:29:04.35644,21.61499,,718.75,12,,0,9.375,772,25.4901960784314,0,10,15.4,-40,,0,4.6875,0,,,,,,,,,,,,1.52334,12.5,0.78125,0,0,4.6875,-11,14.7,2,
99,2026-09-02,14:29:04.54393,21.79994,,718.75,12,,0,9.375,774,25.4901960784314,0,10,15.5,-40,,0,4.6875,0,,,,,,,,,,,,1.40616,12.5,0.78125,0,0,4.6875,-11,14.7,3,
100,2026-09-02,14:29:04.76256,22.01283,,718.75,8,,0,9.375,773,25.4901960784314,0,10,15.4,-40,,0,4.6875,0,,,,,,,,,,,,1.3671,12.5,0.78125,0,0,4.6875,-11,14.7,1,
101,2026-09-02,14:29:04.98111,22.23431,,718.75,8,,0,9.375,773,25.4901960784314,0,10,15.4,-40,,0,4.6875,0,,,,,,,,,,,,1.3671,12.5,0.9765625,0,0,4.6875,-11,14.7,0,
102,2026-09-02,14:29:05.20095,22.45121,,718.75,8,,0,9.375,773,25.4901960784314,0,10,15.7,-40,,0,4.6875,0,,,,,,,,,,,,1.42569,12.5,0.9765625,0,0,4.6875,-11,14.7,2,
103,2026-09-02,14:29:05.43580,22.68348,,718.75,8,,0,9.375,772,25.4901960784314,0,10,15.3,-40,,0,4.6875,0,,,,,,,,,,,,1.52334,12.5,0.9765625,0,0,4.6875,-11,14.7,1,
104,2026-09-02,14:29:05.65510,22.91337,,750,8,,0,9.0625,773,25.0980392156863,0,10,15.4,-40,,0,4.6875,0,,,,,,,,,,,,1.48428,12.5,1.171875,0,0,4.6875,-11,14.7,2,
105,2026-09-02,14:29:05.88941,23.14779,,750,8,,0,9.0625,773,24.7058823529412,0,10,15.3,-40,,0,4.6875,0,,,,,,,,,,,,1.44522,12.5,1.171875,0,0,4.6875,-11,14.7,0,
106,2026-09-02,14:29:06.12484,23.38216,,750,4,,0,9.0625,773,24.7058823529412,0,9,15.2,-40,,0,4.6875,0,,,,,,,,,,,,1.46475,12.5,1.171875,0,0,4.6875,-11,14.7,2,
107,2026-09-02,14:29:06.34432,23.59227,,781.25,4,,0,11.5625,773,28.6274509803922,0,10,15.2,-40,,0,4.6875,0,,,,,,,,,,,,2.3436,37.5,1.3671875,0,0,4.6875,-11,14.7,2,
108,2026-09-02,14:29:06.54786,23.79683,,875,4,,0,28.75,773,57.2549019607843,0,2,15,-40,,0,4.6875,0,,,,,,,,,,,,1.5624,50,1.7578125,0,0,4.6875,-11,14.7,2,
109,2026-09-02,14:29:06.76718,24.0142,,1093.75,4,,0,21.875,773,46.6666666666667,0,13,12.3,-40,,0,4.6875,0,,,,,,,,,,,,2.03112,50,1.5625,0,0,4.6875,-11,14.7,7,
110,2026-09-02,14:29:07.00157,24.25125,,1187.5,4,,0,19.0625,773,43.1372549019608,0,21,11.6,-40,,0,4.6875,0,,,,,,,,,,,,1.58193,37.5,1.171875,0,0,4.6875,-11,14.7,7,
111,2026-09-02,14:29:07.19033,24.44537,,1156.25,4,,0,14.0625,773,34.5098039215686,0,24,11.4,-40,,0,4.6875,0,,,,,,,,,,,,1.46475,25,0.9765625,0,0,4.6875,-12,14.7,8,
112,2026-09-02,14:29:07.48690,24.73507,,1000,8,,0,11.25,773,29.0196078431373,0,23,11.5,-40,,0,4.6875,0,,,,,,,,,,,,1.46475,18.75,0.78125,0,0,4.6875,-11,14.7,2,
113,2026-09-02,14:29:07.76937,25.02536,,1000,8,,0,8.75,773,25.0980392156863,0,13,12,-40,,0,4.6875,0,,,,,,,,,,,,1.52334,18.75,0.5859375,0,0,4.6875,-11,14.7,1,
114,2026-09-02,14:29:07.98849,25.2377,,1062.5,8,,0,7.5,773,22.7450980392157,0,17,12.3,-40,,0,4.6875,0,,,,,,,,,,,,1.54287,12.5,0.390625,0,0,4.6875,-11,14.7,5,
115,2026-09-02,14:29:08.22385,25.46914,,1000,8,,0,8.125,773,22.7450980392157,0,16,12.8,-40,,0,4.6875,0,,,,,,,,,,,,1.54287,12.5,0.1953125,0,0,4.6875,-12,14.7,1,
116,2026-09-02,14:29:08.44323,25.69393,,968.75,8,,0,8.4375,773,23.1372549019608,0,15,13,-40,,0,4.6875,0,,,,,,,,,,,,1.44522,18.75,0,0,0,4.6875,-12,14.7,3,
117,2026-09-02,14:29:08.64665,25.90361,,1031.25,8,,0,8.4375,773,23.1372549019608,0,17,13.4,-40,,0,4.6875,0,,,,,,,,,,,,1.5624,18.75,-0.1953125,0,0,4.6875,-12,14.7,0,
118,2026-09-02,14:29:08.86589,26.11643,,1000,8,,0,9.0625,772,23.921568627451,0,16,14,-40,,0,4.6875,0,,,,,,,,,,,,1.58193,18.75,-0.390625,0,0,4.6875,-12,14.7,1,
119,2026-09-02,14:29:09.10014,26.35787,,937.5,8,,0,10,772,25.4901960784314,0,15,14.3,-40,,0,4.6875,0,,,,,,,,,,,,1.69911,18.75,-0.5859375,0,0,4.6875,-12,14.7,1,
120,2026-09-02,14:29:09.35068,26.59787,,1000,8,,0,11.875,772,28.2352941176471,0,16,14.3,-40,,0,4.6875,0,,,,,,,,,,,,1.73817,25,-0.78125,0,0,4.6875,-12,14.7,4,
121,2026-09-02,14:29:09.55379,26.81218,,1031.25,8,,0,13.125,773,30.9803921568627,0,17,14.4,-40,,0,4.6875,0,,,,,,,,,,,,1.64052,25,-0.9765625,0,0,4.6875,-12,14.7,1,
122,2026-09-02,14:29:09.77300,27.02163,,1031.25,8,,0,13.75,772,32.9411764705882,0,15,14.8,-40,,0,4.6875,0,,,,,,,,,,,,1.66005,31.25,-1.171875,0,0,4.6875,-12,14.7,0,
123,2026-09-02,14:29:10.00791,27.26141,,1156.25,8,,0,13.4375,773,32.156862745098,0,19,14.4,-40,,0,4.6875,0,,,,,,,,,,,,1.73817,31.25,-1.3671875,0,0,4.6875,-12,14.7,0,
124,2026-09-02,14:29:10.25848,27.51115,,1156.25,10,,0,13.4375,773,32.9411764705882,0,18,14.5,-40,,0,4.6875,0,,,,,,,,,,,,1.77723,31.25,-1.5625,0,0,4.6875,-12,14.7,7,
125,2026-09-02,14:29:10.46203,27.7081,,1250,10,,0,14.0625,773,34.1176470588235,0,22,15,-40,,0,4.6875,0,,,,,,,,,,,,1.83582,31.25,-1.953125,0,0,4.6875,-12,14.7,2,
126,2026-09-02,14:29:10.71248,27.96276,,1281.25,10,,0,15.3125,774,36.4705882352941,0,24,15.3,-40,,0,4.6875,0,,,,,,,,,,,,2.10924,43.75,-1.953125,0,0,4.6875,-12,14.7,2,
127,2026-09-02,14:29:10.94734,28.20501,,1406.25,12,,0,21.875,773,48.6274509803922,0,22,15.3,-40,,0,4.6875,0,,,,,,,,,,,,2.07018,62.5,-1.953125,0,0,4.6875,-12,14.7,9,
128,2026-09-02,14:29:11.16672,28.42459,,1562.5,12,,0,22.1875,772,50.9803921568627,0,22,13.1,-40,,0,4.6875,0,,,,,,,,,,,,2.1483,68.75,-2.1484375,0,0,4.6875,-12,14.7,5,
129,2026-09-02,14:29:11.41722,28.66457,,1687.5,12,,0,23.125,773,52.156862745098,0,27,13.9,-40,,0,4.6875,0,,,,,,,,,,,,2.18736,81.25,-2.734375,0,0,4.6875,-12,14.7,1,
130,2026-09-02,14:29:11.63646,28.894,,1875,12,,0,23.75,773,55.2941176470588,0,27,14.3,-40,,0,4.6875,0,,,,,,,,,,,,2.22642,93.75,-3.3203125,0,0,4.6875,-12,14.7,21,
131,2026-09-02,14:29:11.91865,29.16853,,2062.5,16,,0,22.8125,772,52.5490196078431,0,35,15.4,-40,,0,4.6875,0,,,,,,,,,,,,2.28501,93.75,-4.1015625,0,0,4.6875,-12,14.7,5,
132,2026-09-02,14:29:12.10639,29.36307,,2281.25,16,,0,21.25,773,47.843137254902,0,38,15.4,-40,,0,4.6875,0,,,,,,,,,,,,2.20689,93.75,-3.3203125,0,0,4.6875,-12,14.7,16,
133,2026-09-02,14:29:12.37251,29.6226,,2406.25,16,,0,12.8125,773,32.156862745098,0,45,14.4,-40,,0,4.6875,0,,,,,,,,,,,,1.62099,37.5,-2.5390625,0,0,4.6875,-12,14.7,2,
134,2026-09-02,14:29:12.68521,29.9356,,2343.75,20,,0,5.9375,773,17.2549019607843,0,0,14.3,-40,,0,4.6875,0,,,,,,,,,,,,1.52334,25,0,0,0,4.6875,-12,14.7,4,
135,2026-09-02,14:29:12.96732,30.2137,,1968.75,20,,0,5.3125,773,16.4705882352941,0,17,17.1,-40,,0,4.6875,0,,,,,,,,,,,,1.97253,25,0,0,0,4.6875,-12,14.7,4,
136,2026-09-02,14:29:13.17047,30.42156,,1625,20,,0,18.4375,773,35.2941176470588,0,29,18.3,-40,,0,4.6875,0,,,,,,,,,,,,2.10924,56.25,0.5859375,0,0,4.6875,-12,14.7,7,
137,2026-09-02,14:29:13.38394,30.64048,,1281.25,20,,0,24.375,773,49.0196078431373,0,18,13.3,-40,,0,4.6875,0,,,,,,,,,,,,2.3436,75,1.171875,0,0,4.6875,-12,14.7,0,
138,2026-09-02,14:29:13.60933,30.86535,,1437.5,20,,0,31.25,773,64.7058823529412,0,9,12.2,-40,,0,4.6875,0,,,,,,,,,,,,2.24595,87.5,0.78125,0,0,4.6875,-12,14.7,4,
139,2026-09-02,14:29:13.89154,31.13538,,1531.25,22,,0,30.625,773,65.0980392156863,0,11,12.7,-40,,0,4.6875,0,,,,,,,,,,,,2.16783,87.5,0.1953125,0,0,4.6875,-12,14.7,4,
140,2026-09-02,14:29:14.12618,31.37476,,1593.75,22,,0,27.8125,773,61.1764705882353,0,16,13.8,-40,,0,4.6875,0,,,,,,,,,,,,2.1483,81.25,-0.390625,0,0,4.6875,-12,14.7,8,
141,2026-09-02,14:29:14.37616,31.62965,,1625,22,,0,25,774,56.078431372549,0,23,13.9,-40,,0,4.6875,0,,,,,,,,,,,,2.08971,75,-0.78125,0,0,4.6875,-12,14.7,13,
142,2026-09-02,14:29:14.61087,31.86904,,1687.5,24,,0,22.8125,774,52.5490196078431,0,27,14.2,-40,,0,4.6875,0,,,,,,,,,,,,2.12877,75,-1.3671875,0,0,4.6875,-12,14.7,0,
143,2026-09-02,14:29:14.84525,32.09833,,1750,24,,0,21.5625,773,50.9803921568627,0,32,14.2,-40,,0,4.6875,0,,,,,,,,,,,,2.10924,75,-1.953125,0,0,4.6875,-12,14.7,23,
144,2026-09-02,14:29:15.08008,32.33303,,1781.25,24,,0,20.3125,773,49.8039215686275,0,33,14.5,-40,,0,4.6875,0,,,,,,,,,,,,2.10924,68.75,-2.5390625,0,0,4.6875,-12,14.7,3,
145,2026-09-02,14:29:15.29931,32.55802,,1812.5,26,,0,19.375,773,48.2352941176471,0,34,14.7,-40,,0,4.6875,0,,,,,,,,,,,,2.08971,68.75,-3.125,0,0,4.6875,-12,14.7,23,
146,2026-09-02,14:29:15.51858,32.77209,,1843.75,26,,0,19.0625,773,47.843137254902,0,35,14.5,-40,,0,4.6875,0,,,,,,,,,,,,2.1483,68.75,-3.515625,0,0,4.6875,-12,14.7,14,
147,2026-09-02,14:29:15.75364,33.00722,,1875,26,,0,20.9375,773,50.9803921568627,0,33,15.1,-40,,0,4.6875,0,,,,,,,,,,,,2.20689,81.25,-4.1015625,0,0,4.6875,-12,14.7,21,
148,2026-09-02,14:29:15.97210,33.22185,,1937.5,28,,0,21.25,773,51.7647058823529,0,33,15.3,-40,,0,4.6875,0,,,,,,,,,,,,2.1483,81.25,-3.3203125,0,0,4.6875,-12,14.7,2,
149,2026-09-02,14:29:16.22312,33.47391,,1968.75,28,,0,20.3125,773,49.8039215686275,0,34,14.8,-40,,0,4.6875,0,,,,,,,,,,,,2.16783,75,-2.5390625,0,0,4.6875,-12,14.7,5,
150,2026-09-02,14:29:16.44244,33.68863,,2000,28,,0,20,773,48.6274509803922,0,35,14.6,-40,,0,4.6875,0,,,,,,,,,,,,2.18736,81.25,-1.5625,0,0,4.6875,-12,14.7,30,
151,2026-09-02,14:29:16.70856,33.95613,,2062.5,30,,0,20,773,48.2352941176471,0,36,14.3,-40,,0,4.6875,0,,,,,,,,,,,,2.18736,81.25,-2.1484375,0,0,4.6875,-12,14.7,6,
152,2026-09-02,14:29:16.94298,34.19283,,2093.75,30,,0,19.375,773,46.2745098039216,0,36,14.6,-40,,0,4.6875,0,,,,,,,,,,,,2.16783,81.25,-2.734375,0,0,4.6875,-12,14.7,9,
153,2026-09-02,14:29:17.17815,34.4349,,2125,30,,0,19.0625,773,45.0980392156863,0,38,14.7,-40,,0,4.6875,0,,,,,,,,,,,,2.1483,81.25,-2.9296875,0,0,4.6875,-12,14.7,16,
154,2026-09-02,14:29:17.42890,34.6795,,2156.25,32,,0,19.0625,774,43.5294117647059,0,38,14.7,-40,,0,4.6875,0,,,,,,,,,,,,2.18736,81.25,-1.953125,0,0,4.6875,-12,14.7,6,
155,2026-09-02,14:29:17.66395,34.91441,,2187.5,32,,0,18.75,773,42.7450980392157,0,39,14.2,-40,,0,4.6875,0,,,,,,,,,,,,2.16783,81.25,-2.1484375,0,0,4.6875,-12,14.7,17,
156,2026-09-02,14:29:17.89855,35.14845,,2218.75,32,,0,18.4375,773,42.3529411764706,0,39,14.5,-40,,0,4.6875,0,,,,,,,,,,,,2.20689,81.25,-2.734375,0,0,4.6875,-12,14.7,6,
157,2026-09-02,14:29:18.10161,35.35863,,2250,34,,0,18.125,773,41.5686274509804,0,40,14.9,-40,,0,4.6875,0,,,,,,,,,,,,2.16783,81.25,-3.515625,0,0,4.6875,-12,14.7,6,
158,2026-09-02,14:29:18.35241,35.59787,,2281.25,34,,0,17.1875,773,39.6078431372549,0,42,14.9,-40,,0,4.6875,0,,,,,,,,,,,,2.12877,75,-3.125,0,0,4.6875,-12,14.7,10,
159,2026-09-02,14:29:18.58717,35.8347,,2312.5,34,,0,16.25,773,37.6470588235294,0,41,14.7,-40,,0,4.6875,0,,,,,,,,,,,,2.10924,68.75,-2.1484375,0,0,4.6875,-12,14.7,1,
160,2026-09-02,14:29:18.83755,36.09234,,2343.75,34,,0,14.375,773,33.7254901960784,0,44,14.2,-40,,0,4.6875,0,,,,,,,,,,,,2.08971,62.5,-2.5390625,0,0,4.6875,-12,14.7,2,
161,2026-09-02,14:29:19.07258,36.31663,,2375,34,,0,13.4375,774,31.3725490196078,0,44,14.2,-40,,0,4.6875,0,,,,,,,,,,,,2.05065,62.5,-3.125,0,0,4.6875,-12,14.7,8,
162,2026-09-02,14:29:19.27605,36.52169,,2406.25,34,,0,12.8125,772,30.9803921568627,0,45,14.4,-40,,0,4.6875,0,,,,,,,,,,,,2.01159,62.5,-3.90625,0,0,4.6875,-12,14.7,2,
163,2026-09-02,14:29:19.41715,36.66565,,2406.25,36,,0,12.8125,773,30.5882352941176,0,44,14.9,-40,,0,4.6875,0,,,,,,,,,,,,2.01159,62.5,-4.296875,0,0,4.6875,-12,14.7,9,
164,2026-09-02,14:29:19.54213,36.79544,,2437.5,36,,0,12.8125,773,30.9803921568627,0,44,15.2,-40,,0,4.6875,0,,,,,,,,,,,,2.10924,62.5,-4.1015625,0,0,4.6875,-12,14.7,16,
165,2026-09-02,14:29:19.66761,36.92017,,2437.5,36,,0,14.0625,773,32.5490196078431,0,44,15.7,-40,,0,4.6875,0,,,,,,,,,,,,2.12877,68.75,-3.515625,0,0,4.6875,-12,14.7,4,
166,2026-09-02,14:29:19.79258,37.04492,,2437.5,36,,0,15,773,34.1176470588235,0,43,15.4,-40,,0,4.6875,0,,,,,,,,,,,,2.10924,68.75,-3.125,0,0,4.6875,-12,14.7,13,
167,2026-09-02,14:29:19.91806,37.16988,,2468.75,36,,0,15,773,35.2941176470588,0,43,14.8,-40,,0,4.6875,0,,,,,,,,,,,,2.12877,68.75,-2.5390625,0,0,4.6875,-12,14.7,7,
168,2026-09-02,14:29:20.04303,37.2996,,2468.75,36,,0,15,774,35.6862745098039,0,43,14.7,-40,,0,4.6875,0,,,,,,,,,,,,2.10924,68.75,-1.953125,0,0,4.6875,-12,14.7,10,
169,2026-09-02,14:29:20.18413,37.43952,,2500,38,,0,14.6875,774,35.6862745098039,0,44,14.5,-40,,0,4.6875,0,,,,,,,,,,,,2.08971,68.75,-1.7578125,0,0,4.6875,-12,14.7,20,
170,2026-09-02,14:29:20.34078,37.58655,,2500,38,,0,14.6875,773,35.6862745098039,0,44,14.4,-40,,0,4.6875,0,,,,,,,,,,,,2.1483,68.75,-2.1484375,0,0,4.6875,-12,14.7,13,
171,2026-09-02,14:29:20.52854,37.78477,,2531.25,38,,0,15,773,36.4705882352941,0,43,14.6,-40,,0,4.6875,0,,,,,,,,,,,,2.1483,75,-2.9296875,0,0,4.6875,-12,14.7,7,
172,2026-09-02,14:29:20.73196,37.98917,,2562.5,38,,0,14.6875,773,36.078431372549,0,44,15.1,-40,,0,4.6875,0,,,,,,,,,,,,2.12877,75,-2.1484375,0,0,4.6875,-12,14.7,11,
173,2026-09-02,14:29:20.92032,38.17413,,2562.5,38,,0,14.6875,774,36.078431372549,0,44,14.8,-40,,0,4.6875,0,,,,,,,,,,,,2.1483,75,-1.3671875,0,0,4.6875,-12,14.7,9,
174,2026-09-02,14:29:21.12307,38.37319,,2593.75,38,,0,13.75,774,34.9019607843137,0,45,14.6,-40,,0,4.6875,0,,,,,,,,,,,,1.79676,62.5,-0.78125,0,0,4.6875,-12,14.7,10,
175,2026-09-02,14:29:21.31124,38.56105,,2593.75,38,,0,6.875,773,21.9607843137255,0,15,14.2,-40,,0,4.6875,0,,,,,,,,,,,,1.5624,25,1.171875,0,0,4.6875,-12,14.7,27,
176,2026-09-02,14:29:21.51471,38.77362,,2437.5,38,,0,4.6875,773,16.4705882352941,0,-4,15.4,-40,,0,4.6875,0,,,,,,,,,,,,1.48428,18.75,0,0,0,4.6875,-12,14.7,6,
177,2026-09-02,14:29:21.71880,38.96768,,2187.5,38,,0,4.375,773,14.5098039215686,0,-8,16.5,-40,,0,4.6875,0,,,,,,,,,,,,1.48428,18.75,0,0,0,4.6875,-12,14.7,5,
178,2026-09-02,14:29:21.92207,39.17742,,1937.5,38,,0,4.375,773,15.2941176470588,0,13,19.4,-40,,0,4.6875,0,,,,,,,,,,,,1.42569,18.75,0,0,0,4.6875,-12,14.7,4,
179,2026-09-02,14:29:22.10948,39.36217,,1750,38,,0,9.375,773,21.5686274509804,0,34,18.2,-40,,0,4.6875,0,,,,,,,,,,,,2.36313,50,0.1953125,0,0,4.6875,-12,14.7,2,
180,2026-09-02,14:29:22.36000,39.61626,,1906.25,40,,0,26.875,774,51.3725490196078,0,20,16.3,-40,,0,4.6875,0,,,,,,,,,,,,2.3436,100,0.9765625,0,0,4.6875,-12,14.7,7,
181,2026-09-02,14:29:22.61045,39.86077,,1843.75,40,,0,28.75,773,61.5686274509804,0,19,12.8,-40,,0,4.6875,0,,,,,,,,,,,,2.30454,100,0.390625,0,0,4.6875,-12,14.7,12,
182,2026-09-02,14:29:22.84532,40.0954,,1812.5,40,,0,26.875,773,60.3921568627451,0,23,13.9,-40,,0,4.6875,0,,,,,,,,,,,,2.24595,93.75,-0.1953125,0,0,4.6875,-12,14.7,3,
183,2026-09-02,14:29:23.04893,40.29491,,1875,40,,0,22.8125,773,54.5098039215686,0,28,14.2,-40,,0,4.6875,0,,,,,,,,,,,,2.16783,81.25,-0.78125,0,0,4.6875,-12,14.7,4,
184,2026-09-02,14:29:23.20567,40.45964,,1906.25,40,,0,20.9375,773,51.3725490196078,0,33,14.4,-40,,0,4.6875,0,,,,,,,,,,,,2.12877,75,-0.9765625,0,0,4.6875,-12,14.7,11,
185,2026-09-02,14:29:23.37754,40.6258,,1937.5,40,,0,20.3125,774,49.4117647058824,0,35,14.6,-40,,0,4.6875,0,,,,,,,,,,,,2.12877,75,-1.5625,0,0,4.6875,-12,14.7,16,
186,2026-09-02,14:29:23.56552,40.81101,,1968.75,40,,0,19.6875,773,48.2352941176471,0,35,15.1,-40,,0,4.6875,0,,,,,,,,,,,,2.12877,75,-1.953125,0,0,4.6875,-12,14.7,22,
187,2026-09-02,14:29:23.73731,40.99437,,1968.75,42,,0,19.0625,774,47.0588235294118,0,36,14.8,-40,,0,4.6875,0,,,,,,,,,,,,2.16783,75,-1.5625,0,0,4.6875,-12,14.7,15,
188,2026-09-02,14:29:23.90961,41.15934,,2000,42,,0,18.4375,773,45.8823529411765,0,36,15,-40,,0,4.6875,0,,,,,,,,,,,,2.10924,68.75,-1.171875,0,0,4.6875,-12,14.7,7,
189,2026-09-02,14:29:24.09666,41.34531,,2000,42,,0,17.5,773,44.3137254901961,0,37,14.7,-40,,0,4.6875,0,,,,,,,,,,,,2.05065,68.75,-0.390625,0,0,4.6875,-12,14.7,19,
190,2026-09-02,14:29:24.25400,41.50863,,2000,42,,0,17.1875,773,42.3529411764706,0,37,14.6,-40,,0,4.6875,0,,,,,,,,,,,,2.07018,68.75,0.1953125,0,0,4.6875,-12,14.7,6,
191,2026-09-02,14:29:24.42614,41.67839,,2031.25,44,,0,15.625,773,39.6078431372549,0,38,14.2,-40,,0,4.6875,0,,,,,,,,,,,,1.953,62.5,0,0,0,4.6875,-12,14.7,1,
192,2026-09-02,14:29:24.59794,41.84478,,2031.25,44,,0,13.75,774,36.078431372549,0,41,14.3,-40,,0,4.6875,0,,,,,,,,,,,,1.953,50,-0.390625,0,0,4.6875,-12,14.7,8,
193,2026-09-02,14:29:24.77028,42.0279,,2062.5,44,,0,12.8125,773,34.1176470588235,0,41,15.3,-40,,0,4.6875,0,,,,,,,,,,,,1.89441,50,-0.9765625,0,0,4.6875,-12,14.7,10,
194,2026-09-02,14:29:24.94317,42.19244,,2062.5,44,,0,12.5,773,33.3333333333333,0,40,15.5,-40,,0,4.6875,0,,,,,,,,,,,,1.953,50,-0.390625,0,0,4.6875,-12,14.7,2,
195,2026-09-02,14:29:25.16248,42.40892,,2062.5,44,,0,12.8125,773,33.3333333333333,0,40,16,-40,,0,4.6875,0,,,,,,,,,,,,1.93347,50,0.1953125,0,0,4.6875,-12,14.7,11,
196,2026-09-02,14:29:25.33385,42.59195,,2062.5,44,,0,12.5,773,32.5490196078431,0,40,15.4,-40,,0,4.6875,0,,,,,,,,,,,,1.89441,50,0.78125,0,0,4.6875,-12,14.7,7,
197,2026-09-02,14:29:25.53753,42.78471,,2062.5,44,,0,11.875,773,30.9803921568627,0,40,15.4,-40,,0,4.6875,0,,,,,,,,,,,,1.91394,50,1.3671875,0,0,4.6875,-12,14.7,37,
198,2026-09-02,14:29:25.74144,42.99626,,2062.5,44,,0,11.5625,773,30.5882352941176,0,40,15.1,-40,,0,4.6875,0,,,,,,,,,,,,1.91394,43.75,1.953125,0,0,4.6875,-12,14.7,10,
199,2026-09-02,14:29:25.94600,43.19623,,2093.75,44,,0,11.5625,773,29.8039215686275,0,41,15,-40,,0,4.6875,0,,,,,,,,,,,,1.89441,43.75,2.734375,0,0,4.6875,-12,14.7,24,
200,2026-09-02,14:29:26.14940,43.40587,,2093.75,44,,0,11.5625,773,29.8039215686275,0,41,14.9,-40,,0,4.6875,0,,,,,,,,,,,,1.85535,43.75,3.3203125,0,0,4.6875,-11,14.7,4,
201,2026-09-02,14:29:26.35249,43.60528,,2093.75,44,,0,11.25,774,29.4117647058824,0,41,14.5,-40,,0,4.6875,0,,,,,,,,,,,,1.93347,43.75,3.90625,0,0,4.6875,-11,14.7,16,
202,2026-09-02,14:29:26.60309,43.85259,,2093.75,44,,0,11.25,773,29.4117647058824,0,41,14.3,-40,,0,4.6875,0,,,,,,,,,,,,1.87488,43.75,3.3203125,0,0,4.6875,-11,14.7,1,
203,2026-09-02,14:29:26.82227,44.07963,,2093.75,44,,0,10.9375,773,28.2352941176471,0,41,14.6,-40,,0,4.6875,0,,,,,,,,,,,,1.87488,43.75,2.734375,0,0,4.6875,-11,14.7,3,
204,2026-09-02,14:29:27.07274,44.32402,,2093.75,44,,0,10.625,773,27.4509803921569,0,41,15.3,-40,,0,4.6875,0,,,,,,,,,,,,1.79676,37.5,2.734375,0,0,4.6875,-11,14.7,11,
205,2026-09-02,14:29:27.29148,44.54142,,2093.75,44,,0,9.375,774,24.7058823529412,0,41,14.9,-40,,0,4.6875,0,,,,,,,,,,,,1.81629,37.5,3.515625,0,0,4.6875,-11,14.7,9,
206,2026-09-02,14:29:27.52640,44.77354,,2093.75,44,,0,9.0625,773,23.921568627451,0,35,14.5,-40,,0,4.6875,0,,,,,,,,,,,,1.77723,37.5,4.1015625,0,0,4.6875,-11,14.7,17,
207,2026-09-02,14:29:27.72951,44.98296,,2093.75,44,,0,9.0625,773,23.921568627451,0,39,14.4,-40,,0,4.6875,0,,,,,,,,,,,,1.83582,37.5,3.90625,0,0,4.6875,-11,14.7,15,
208,2026-09-02,14:29:27.98040,45.23723,,2093.75,44,,0,10.3125,774,26.6666666666667,0,41,14.4,-40,,0,4.6875,0,,,,,,,,,,,,2.10924,50,3.3203125,0,0,4.6875,-11,14.7,2,
209,2026-09-02,14:29:28.18431,45.44224,,2093.75,44,,0,16.25,773,36.4705882352941,0,39,14.7,-40,,0,4.6875,0,,,,,,,,,,,,2.03112,68.75,2.734375,0,0,4.6875,-11,14.7,32,
210,2026-09-02,14:29:28.43489,45.68185,,2093.75,44,,0,12.1875,773,29.8039215686275,0,41,13.7,-40,,0,4.6875,0,,,,,,,,,,,,1.81629,43.75,2.1484375,0,0,4.6875,-11,14.7,7,
211,2026-09-02,14:29:28.68551,45.94124,,2125,46,,0,9.0625,774,24.7058823529412,0,35,13.8,-40,,0,4.6875,0,,,,,,,,,,,,1.73817,37.5,1.3671875,0,0,4.6875,-11,14.7,9,
212,2026-09-02,14:29:28.95211,46.19933,,2093.75,46,,0,8.4375,773,22.7450980392157,0,30,14,-40,,0,4.6875,0,,,,,,,,,,,,1.83582,37.5,0.78125,0,0,4.6875,-11,14.7,9,
213,2026-09-02,14:29:29.15470,46.41095,,2093.75,46,,0,8.4375,773,22.7450980392157,0,30,14.6,-40,,0,4.6875,0,,,,,,,,,,,,1.89441,37.5,0.1953125,0,0,4.6875,-11,14.7,5,
214,2026-09-02,14:29:29.37421,46.63078,,2125,46,,0,11.875,773,27.843137254902,0,41,15.2,-40,,0,4.6875,0,,,,,,,,,,,,1.99206,50,0.1953125,0,0,4.6875,-11,14.7,0,
215,2026-09-02,14:29:29.62489,46.86997,,2125,46,,0,14.375,774,32.5490196078431,0,41,15.4,-40,,0,4.6875,0,,,,,,,,,,,,2.1483,62.5,0.9765625,0,0,4.6875,-11,14.7,13,
216,2026-09-02,14:29:29.82809,47.07967,,2125,46,,0,17.1875,773,38.8235294117647,0,38,14.3,-40,,0,4.6875,0,,,,,,,,,,,,1.87488,62.5,1.171875,0,0,4.6875,-11,14.7,20,
217,2026-09-02,14:29:30.06311,47.30948,,2125,46,,0,11.5625,773,29.4117647058824,0,43,13.9,-40,,0,4.6875,0,,,,,,,,,,,,1.81629,43.75,0.5859375,0,0,4.6875,-11,14.7,19,
218,2026-09-02,14:29:30.29782,47.54674,,2125,46,,0,9.375,772,24.7058823529412,0,41,14.3,-40,,0,4.6875,0,,,,,,,,,,,,1.85535,37.5,0,0,0,4.6875,-11,14.7,2,
219,2026-09-02,14:29:30.54870,47.79828,,2125,46,,0,8.75,773,23.1372549019608,0,36,15.6,-40,,0,4.6875,0,,,,,,,,,,,,1.7577,37.5,-1.3671875,0,0,4.6875,-11,14.7,18,
220,2026-09-02,14:29:30.76794,48.01651,,2125,46,,0,8.75,773,23.1372549019608,0,34,15.6,-40,,0,4.6875,0,,,,,,,,,,,,1.81629,37.5,-0.5859375,0,0,4.6875,-11,14.7,10,
221,2026-09-02,14:29:30.97129,48.22805,,2125,46,,0,8.75,773,23.1372549019608,0,33,15.3,-40,,0,4.6875,0,,,,,,,,,,,,1.81629,37.5,0.1953125,0,0,4.6875,-11,14.7,1,
222,2026-09-02,14:29:31.19069,48.44759,,2125,46,,0,8.75,773,22.7450980392157,0,36,15.4,-40,,0,4.6875,0,,,,,,,,,,,,1.79676,37.5,0.78125,0,0,4.6875,-11,14.7,4,
223,2026-09-02,14:29:31.39392,48.65236,,2125,46,,0,8.75,773,22.3529411764706,0,34,15.2,-40,,0,4.6875,0,,,,,,,,,,,,1.85535,37.5,1.5625,0,0,4.6875,-11,14.7,15,
224,2026-09-02,14:29:31.59762,48.84651,,2156.25,46,,0,9.6875,774,23.921568627451,0,42,14.8,-40,,0,4.6875,0,,,,,,,,,,,,1.7577,37.5,2.1484375,0,0,4.6875,-11,14.7,5,
225,2026-09-02,14:29:31.78549,49.03682,,2125,46,,0,9.0625,773,23.1372549019608,0,38,14.8,-40,,0,4.6875,0,,,,,,,,,,,,1.81629,37.5,2.734375,0,0,4.6875,-11,14.7,14,
226,2026-09-02,14:29:31.97355,49.23123,,2093.75,46,,0,8.4375,773,21.9607843137255,0,28,14.6,-40,,0,4.6875,0,,,,,,,,,,,,1.73817,31.25,3.3203125,0,0,4.6875,-11,14.7,14,
227,2026-09-02,14:29:32.22348,49.48121,,2125,46,,0,8.125,773,21.5686274509804,0,26,14,-40,,0,4.6875,0,,,,,,,,,,,,1.71864,31.25,2.9296875,0,0,4.6875,-11,14.7,4,
228,2026-09-02,14:29:32.49034,49.73776,,2093.75,46,,0,8.125,773,21.5686274509804,0,24,14,-40,,0,4.6875,0,,,,,,,,,,,,1.77723,31.25,2.34375,0,0,4.6875,-11,14.7,17,
229,2026-09-02,14:29:32.70974,49.96,,2093.75,46,,0,8.4375,773,21.9607843137255,0,30,14.4,-40,,0,4.6875,0,,,,,,,,,,,,1.7577,31.25,1.7578125,0,0,4.6875,-11,14.7,16,
230,2026-09-02,14:29:32.94464,50.19944,,2093.75,44,,0,8.4375,774,22.3529411764706,0,30,14.5,-40,,0,4.6875,0,,,,,,,,,,,,1.7577,31.25,1.171875,0,0,4.6875,-11,14.7,3,
231,2026-09-02,14:29:33.16293,50.41948,,2062.5,44,,0,8.4375,774,22.7450980392157,0,28,14.4,-40,,0,4.6875,0,,,,,,,,,,,,1.79676,31.25,0.5859375,0,0,4.6875,-11,14.7,17,
232,2026-09-02,14:29:33.38215,50.63918,,2062.5,44,,0,8.4375,773,22.7450980392157,0,29,14.7,-40,,0,4.6875,0,,,,,,,,,,,,1.77723,31.25,0,0,0,4.6875,-11,14.7,6,
233,2026-09-02,14:29:33.58576,50.83659,,2062.5,44,,0,8.4375,773,22.7450980392157,0,27,15.1,-40,,0,4.6875,0,,,,,,,,,,,,1.83582,31.25,0.390625,0,0,4.6875,-11,14.7,13,
234,2026-09-02,14:29:33.81059,51.05624,,2062.5,44,,0,8.75,773,23.1372549019608,0,30,15.2,-40,,0,4.6875,0,,,,,,,,,,,,1.77723,31.25,1.171875,0,0,4.6875,-11,14.7,18,
235,2026-09-02,14:29:34.03850,51.29256,,2062.5,44,,0,8.4375,773,23.1372549019608,0,29,14.8,-40,,0,4.6875,0,,,,,,,,,,,,1.7577,31.25,1.7578125,0,0,4.6875,-11,14.7,6,
236,2026-09-02,14:29:34.27492,51.52516,,2031.25,44,,0,8.75,773,23.5294117647059,0,31,14.7,-40,,0,4.6875,0,,,,,,,,,,,,1.81629,31.25,2.5390625,0,0,4.6875,-11,14.7,21,
237,2026-09-02,14:29:34.50924,51.75738,,2031.25,44,,0,8.75,774,23.5294117647059,0,31,14.3,-40,,0,4.6875,0,,,,,,,,,,,,1.81629,31.25,2.734375,0,0,4.6875,-11,14.7,16,
238,2026-09-02,14:29:34.71313,51.97179,,2031.25,44,,0,8.75,773,23.921568627451,0,32,14.1,-40,,0,4.6875,0,,,,,,,,,,,,1.73817,31.25,2.1484375,0,0,4.6875,-11,14.7,5,
239,2026-09-02,14:29:34.91621,52.17124,,2031.25,44,,0,8.75,773,23.921568627451,0,33,14.3,-40,,0,4.6875,0,,,,,,,,,,,,1.83582,37.5,1.7578125,0,0,4.6875,-11,14.7,11,
240,2026-09-02,14:29:35.13583,52.39086,,2031.25,44,,0,8.75,774,23.921568627451,0,33,14.4,-40,,0,4.6875,0,,,,,,,,,,,,1.77723,31.25,1.171875,0,0,4.6875,-11,14.7,6,
241,2026-09-02,14:29:35.35483,52.61128,,2031.25,44,,0,8.75,773,24.3137254901961,0,33,14.5,-40,,0,4.6875,0,,,,,,,,,,,,1.73817,31.25,0.5859375,0,0,4.6875,-11,14.7,14,
242,2026-09-02,14:29:35.57427,52.83089,,2000,44,,0,8.75,773,24.3137254901961,0,32,15.1,-40,,0,4.6875,0,,,,,,,,,,,,1.81629,37.5,0,0,0,4.6875,-11,14.7,19,
243,2026-09-02,14:29:35.80925,53.05999,,2000,42,,0,8.75,774,24.3137254901961,0,32,15.3,-40,,0,4.6875,0,,,,,,,,,,,,1.77723,31.25,0.78125,0,0,4.6875,-11,14.7,4,
244,2026-09-02,14:29:36.01283,53.26457,,2000,42,,0,8.75,773,24.3137254901961,0,32,15.2,-40,,0,4.6875,0,,,,,,,,,,,,1.79676,31.25,1.3671875,0,0,4.6875,-11,14.7,5,
245,2026-09-02,14:29:36.20095,53.45465,,2000,42,,0,9.0625,773,24.3137254901961,0,34,15.1,-40,,0,4.6875,0,,,,,,,,,,,,1.81629,31.25,1.953125,0,0,4.6875,-11,14.7,8,
246,2026-09-02,14:29:36.43570,53.68941,,1968.75,42,,0,8.75,773,24.3137254901961,0,32,14.9,-40,,0,4.6875,0,,,,,,,,,,,,1.67958,31.25,2.734375,0,0,4.6875,-11,14.7,9,
247,2026-09-02,14:29:36.65442,53.90391,,1968.75,42,,0,8.125,773,23.1372549019608,0,25,14.5,-40,,0,4.6875,0,,,,,,,,,,,,1.73817,31.25,3.3203125,0,0,4.6875,-11,14.7,1,
248,2026-09-02,14:29:36.88960,54.13861,,1968.75,42,,0,7.8125,773,22.3529411764706,0,21,14.3,-40,,0,4.6875,0,,,,,,,,,,,,1.71864,31.25,3.125,0,0,4.6875,-11,14.7,7,
249,2026-09-02,14:29:37.10907,54.35299,,1968.75,42,,0,7.8125,774,21.5686274509804,0,20,13.9,-40,,0,4.6875,0,,,,,,,,,,,,1.62099,31.25,2.734375,0,0,4.6875,-11,14.7,7,
250,2026-09-02,14:29:37.31255,54.56792,,1937.5,42,,0,7.1875,773,20.7843137254902,0,17,14,-40,,0,4.6875,0,,,,,,,,,,,,1.62099,25,2.1484375,0,0,4.6875,-11,14.7,6,
251,2026-09-02,14:29:37.53182,54.78202,,1937.5,42,,0,7.1875,773,20.7843137254902,0,18,13.8,-40,,0,4.6875,0,,,,,,,,,,,,1.64052,25,1.7578125,0,0,4.6875,-11,14.7,16,
252,2026-09-02,14:29:37.78249,55.02915,,1937.5,42,,0,6.5625,773,19.2156862745098,0,13,13.8,-40,,0,4.6875,0,,,,,,,,,,,,1.62099,25,1.171875,0,0,4.6875,-11,14.7,10,
253,2026-09-02,14:29:37.98587,55.24201,,1906.25,42,,0,5.625,773,17.2549019607843,0,7,13.7,-40,,0,4.6875,0,,,,,,,,,,,,1.60146,18.75,0,0,0,4.6875,-11,14.7,11,
254,2026-09-02,14:29:38.23617,55.48099,,1906.25,42,,0,5,774,16.4705882352941,0,3,14,-40,,0,4.6875,0,,,,,,,,,,,,1.52334,18.75,0,0,0,4.6875,-11,14.7,6,
255,2026-09-02,14:29:38.45536,55.70073,,1906.25,42,,0,4.6875,774,15.6862745098039,0,5,14.7,-40,,0,4.6875,0,,,,,,,,,,,,1.48428,18.75,0,0,0,4.6875,-11,14.7,2,
256,2026-09-02,14:29:38.73688,55.98105,,1875,40,,0,4.375,773,15.2941176470588,0,9,15.3,-40,,0,4.6875,0,,,,,,,,,,,,1.52334,12.5,0,0,0,4.6875,-11,14.7,4,
257,2026-09-02,14:29:38.97144,56.21812,,1843.75,40,,0,3.75,773,14.9019607843137,0,9,15.3,-40,,0,4.6875,0,,,,,,,,,,,,1.44522,12.5,0,0,0,4.6875,-11,14.7,3,
258,2026-09-02,14:29:39.20648,56.45988,,1843.75,40,,0,3.75,773,14.9019607843137,0,17,15.8,-40,,0,4.6875,0,,,,,,,,,,,,1.50381,12.5,0,0,0,4.6875,-11,14.7,5,
259,2026-09-02,14:29:39.41004,56.65673,,1843.75,40,,0,3.75,773,14.9019607843137,0,19,18.4,-40,,0,4.6875,0,,,,,,,,,,,,1.40616,12.5,0,0,0,4.6875,-11,14.7,4,
260,2026-09-02,14:29:39.62935,56.87641,,1812.5,40,,0,3.75,773,14.9019607843137,0,20,23.2,-40,,0,4.6875,0,,,,,,,,,,,,1.50381,12.5,0,0,0,4.6875,-11,14.7,1,
261,2026-09-02,14:29:39.83275,57.08884,,1812.5,40,,0,3.75,773,15.2941176470588,0,20,29,-40,,0,4.6875,0,,,,,,,,,,,,1.48428,12.5,0,0,0,4.6875,-11,14.7,3,
262,2026-09-02,14:29:40.05125,57.30855,,1781.25,38,,0,3.75,773,15.2941176470588,0,20,35.4,-40,,0,4.6875,0,,,,,,,,,,,,1.3671,12.5,0,0,0,4.6875,-11,14.7,3,
263,2026-09-02,14:29:40.27081,57.52069,,1750,38,,0,4.0625,773,15.2941176470588,0,20,55.2,-40,,0,4.6875,0,,,,,,,,,,,,1.50381,12.5,0,0,0,4.6875,-11,14.7,2,
264,2026-09-02,14:29:40.47464,57.72788,,1750,38,,0,4.0625,773,14.9019607843137,0,20,73.3,-40,,0,4.6875,0,,,,,,,,,,,,1.54287,12.5,0,0,0,4.6875,-11,14.7,4,
265,2026-09-02,14:29:40.69393,57.95016,,1718.75,36,,0,4.0625,773,14.9019607843137,0,20,81.1,-40,,0,4.6875,0,,,,,,,,,,,,1.38663,12.5,0,0,0,4.6875,-11,14.7,2,
266,2026-09-02,14:29:40.92843,58.17451,,1718.75,36,,0,4.0625,773,14.9019607843137,0,20,88.5,-40,,0,4.6875,0,,,,,,,,,,,,1.48428,12.5,0,0,0,4.6875,-11,14.7,4,
267,2026-09-02,14:29:41.14803,58.40179,,1656.25,36,,0,4.0625,773,14.9019607843137,0,20,94.3,-40,,0,4.6875,0,,,,,,,,,,,,1.44522,12.5,0,0,0,4.6875,-11,14.7,4,
268,2026-09-02,14:29:41.35159,58.60149,,1406.25,36,,0,4.6875,774,15.6862745098039,0,20,96,-40,,0,4.6875,0,,,,,,,,,,,,1.38663,12.5,0,0,0,4.6875,-11,14.7,2,
269,2026-09-02,14:29:41.53918,58.79615,,1156.25,36,,0,6.25,773,17.6470588235294,0,-5,96,-40,,0,4.6875,0,,,,,,,,,,,,1.54287,12.5,0,0,0,4.6875,-11,14.7,0,
270,2026-09-02,14:29:41.78991,59.03574,,1031.25,36,,0,6.5625,773,18.4313725490196,0,10,96,-40,,0,4.6875,0,,,,,,,,,,,,1.52334,12.5,0,0,0,4.6875,-11,14.7,0,
271,2026-09-02,14:29:42.02491,59.27222,,937.5,36,,0,6.875,774,19.2156862745098,0,19,96,-40,,0,4.6875,0,,,,,,,,,,,,1.40616,12.5,0,0,0,4.6875,-11,14.7,2,
272,2026-09-02,14:29:42.27534,59.52182,,843.75,32,,0,7.1875,772,20.3921568627451,0,17,66.1,-40,,0,4.6875,0,,,,,,,,,,,,1.46475,12.5,0,0,0,4.6875,-11,14.7,1,
273,2026-09-02,14:29:42.54104,59.78483,,781.25,32,,0,7.8125,773,21.5686274509804,0,15,25.1,-40,,0,4.6875,0,,,,,,,,,,,,1.3671,12.5,0,0,0,4.6875,-11,14.7,4,
274,2026-09-02,14:29:42.80714,60.06438,,750,30,,0,8.4375,773,22.7450980392157,0,13,16.6,-40,,0,4.6875,0,,,,,,,,,,,,1.40616,12.5,0,0,0,4.6875,-11,14.7,1,
275,2026-09-02,14:29:43.01027,60.25883,,718.75,30,,0,8.75,773,23.921568627451,0,11,14.6,-40,,0,4.6875,0,,,,,,,,,,,,1.38663,12.5,0,0,0,4.6875,-11,14.7,1,
276,2026-09-02,14:29:43.24547,60.49797,,718.75,30,,0,9.0625,773,24.7058823529412,0,11,14.1,-40,,0,4.6875,0,,,,,,,,,,,,1.42569,12.5,0,0,0,4.6875,-11,14.7,0,
277,2026-09-02,14:29:43.48017,60.73807,,718.75,28,,0,9.0625,773,25.0980392156863,0,10,13.7,-40,,0,4.6875,0,,,,,,,,,,,,1.40616,12.5,0,0,0,4.6875,-11,14.7,1,
278,2026-09-02,14:29:43.74631,60.99513,,718.75,28,,0,9.375,773,25.4901960784314,0,10,13.8,-40,,0,4.6875,0,,,,,,,,,,,,1.44522,12.5,0,0,0,4.6875,-11,14.7,1,
279,2026-09-02,14:29:43.94989,61.20156,,687.5,28,,0,9.375,773,25.4901960784314,0,11,13.7,-40,,0,4.6875,0,,,,,,,,,,,,1.34757,12.5,0,0,0,4.6875,-11,14.7,1,
280,2026-09-02,14:29:44.13736,61.38142,,687.5,28,,0,9.375,773,25.8823529411765,0,10,13.9,-40,,0,4.6875,0,,,,,,,,,,,,1.46475,12.5,0,0,0,4.6875,-11,14.7,0,
281,2026-09-02,14:29:44.29409,61.54615,,687.5,26,,0,9.375,773,25.8823529411765,0,10,14,-40,,0,4.6875,0,,,,,,,,,,,,1.34757,12.5,0.1953125,0,0,4.6875,-11,14.7,3,
282,2026-09-02,14:29:44.48206,61.72568,,687.5,26,,0,9.375,773,25.8823529411765,0,10,14.3,-40,,0,4.6875,0,,,,,,,,,,,,1.38663,12.5,0.1953125,0,0,4.6875,-11,14.7,2,
283,2026-09-02,14:29:44.60703,61.85544,,687.5,26,,0,9.6875,773,25.8823529411765,0,10,14.4,-40,,0,4.6875,0,,,,,,,,,,,,1.38663,12.5,0.1953125,0,0,4.6875,-11,14.7,1,
284,2026-09-02,14:29:44.73254,61.9802,,687.5,26,,0,9.6875,773,25.8823529411765,0,10,14.7,-40,,0,4.6875,0,,,,,,,,,,,,1.3671,12.5,0.1953125,0,0,4.6875,-11,14.7,3,
285,2026-09-02,14:29:44.88875,62.13574,,687.5,24,,0,9.6875,773,25.8823529411765,0,10,15,-40,,0,4.6875,0,,,,,,,,,,,,1.46475,12.5,0.1953125,0,0,4.6875,-11,14.7,1,
286,2026-09-02,14:29:45.06103,62.3072,,687.5,24,,0,9.6875,774,25.8823529411765,0,10,15.1,-40,,0,4.6875,0,,,,,,,,,,,,1.38663,12.5,0.390625,0,0,4.6875,-11,14.7,2,
287,2026-09-02,14:29:45.23367,62.47994,,687.5,24,,0,9.6875,773,25.8823529411765,0,10,15.5,-40,,0,4.6875,0,,,,,,,,,,,,1.38663,12.5,0.390625,0,0,4.6875,-11,14.7,1,
288,2026-09-02,14:29:45.39030,62.63988,,718.75,24,,0,9.375,773,25.8823529411765,0,10,15.7,-40,,0,4.6875,0,,,,,,,,,,,,1.46475,12.5,0.390625,0,0,4.6875,-12,14.7,2,
289,2026-09-02,14:29:45.54659,62.7993,,718.75,24,,0,9.375,773,25.8823529411765,0,10,16,-40,,0,4.6875,0,,,,,,,,,,,,1.38663,12.5,0.390625,0,0,4.6875,-11,14.7,1,
290,2026-09-02,14:29:45.71878,62.96761,,718.75,24,,0,9.375,772,25.8823529411765,0,10,16,-40,,0,4.6875,0,,,,,,,,,,,,1.3671,12.5,0.5859375,0,0,4.6875,-11,14.7,2,
291,2026-09-02,14:29:45.89055,63.14393,,718.75,24,,0,9.375,773,25.8823529411765,0,10,16,-40,,0,4.6875,0,,,,,,,,,,,,1.48428,12.5,0.5859375,0,0,4.6875,-11,14.7,0,
292,2026-09-02,14:29:46.07921,63.32882,,718.75,24,,0,9.375,773,25.4901960784314,0,10,16,-40,,0,4.6875,0,,,,,,,,,,,,1.50381,12.5,0.5859375,0,0,4.6875,-11,14.7,1,
293,2026-09-02,14:29:46.28259,63.53093,,750,22,,0,9.375,773,25.4901960784314,0,9,16,-40,,0,4.6875,0,,,,,,,,,,,,1.48428,12.5,0.5859375,0,0,4.6875,-11,14.7,1,
294,2026-09-02,14:29:46.48602,63.73323,,750,22,,0,9.0625,773,25.0980392156863,0,9,15.9,-40,,0,4.6875,0,,,,,,,,,,,,1.48428,12.5,0.78125,0,0,4.6875,-11,14.7,2,
295,2026-09-02,14:29:46.70519,63.95242,,750,22,,0,9.0625,773,25.0980392156863,0,10,16,-40,,0,4.6875,0,,,,,,,,,,,,1.48428,12.5,0.78125,0,0,4.6875,-12,14.7,2,
296,2026-09-02,14:29:46.89314,64.13715,,718.75,22,,0,9.0625,773,25.0980392156863,0,10,15.9,-40,,0,4.6875,0,,,,,,,,,,,,1.52334,12.5,0.78125,0,0,4.6875,-11,14.7,0,
297,2026-09-02,14:29:47.08083,64.33729,,750,18,,0,9.0625,774,25.0980392156863,0,10,16.2,-40,,0,4.6875,0,,,,,,,,,,,,1.52334,12.5,0.9765625,0,0,4.6875,-12,14.7,0,
298,2026-09-02,14:29:47.26868,64.52704,,750,18,,0,9.0625,773,25.0980392156863,0,10,15.7,-40,,0,4.6875,0,,,,,,,,,,,,1.3671,12.5,0.9765625,0,0,4.6875,-11,14.7,1,
299,2026-09-02,14:29:47.48785,64.73665,,718.75,18,,0,9.375,773,25.0980392156863,0,10,15.6,-40,,0,4.6875,0,,,,,,,,,,,,1.44522,12.5,0.9765625,0,0,4.6875,-11,14.7,0,
300,2026-09-02,14:29:47.72246,64.97627,,718.75,14,,0,9.0625,773,25.0980392156863,0,10,15.6,-40,,0,4.6875,0,,,,,,,,,,,,1.52334,12.5,1.171875,0,0,4.6875,-12,14.7,0,
301,2026-09-02,14:29:47.92601,65.17083,,750,14,,0,9.0625,773,25.0980392156863,0,10,15.6,-40,,0,4.6875,0,,,,,,,,,,,,1.40616,12.5,1.171875,0,0,4.6875,-12,14.7,1,
302,2026-09-02,14:29:48.14508,65.39071,,750,14,,0,9.0625,773,24.7058823529412,0,10,15.5,-40,,0,4.6875,0,,,,,,,,,,,,1.48428,12.5,1.171875,0,0,4.6875,-12,14.7,2,
303,2026-09-02,14:29:48.33294,65.59036,,750,14,,0,9.0625,773,24.7058823529412,0,10,15.2,-40,,0,4.6875,0,,,,,,,,,,,,1.46475,12.5,1.3671875,0,0,4.6875,-12,14.7,2,
304,2026-09-02,14:29:48.58347,65.83391,,750,8,,0,9.0625,773,24.7058823529412,0,10,15.1,-40,,0,4.6875,0,,,,,,,,,,,,1.52334,12.5,1.3671875,0,0,4.6875,-12,14.7,2,
305,2026-09-02,14:29:48.78717,66.044,,750,8,,0,9.0625,772,24.3137254901961,0,10,15.1,-40,,0,4.6875,0,,,,,,,,,,,,1.44522,12.5,1.3671875,0,0,4.6875,-12,14.7,2,
306,2026-09-02,14:29:48.99097,66.24391,,750,8,,0,9.0625,773,24.7058823529412,0,11,15.3,-40,,0,4.6875,0,,,,,,,,,,,,1.52334,12.5,1.5625,0,0,4.6875,-12,14.7,2,
307,2026-09-02,14:29:49.21016,66.45894,,750,6,,0,9.0625,773,24.7058823529412,0,10,15.2,-40,,0,4.6875,0,,,,,,,,,,,,1.34757,12.5,1.5625,0,0,4.6875,-12,14.7,0,
308,2026-09-02,14:29:49.44489,66.69163,,718.75,6,,0,9.0625,773,24.7058823529412,0,10,15.2,-40,,0,4.6875,0,,,,,,,,,,,,1.52334,12.5,1.5625,0,0,4.6875,-12,14.7,1,
309,2026-09-02,14:29:49.64794,66.8979,,750,6,,0,9.0625,773,25.0980392156863,0,10,15,-40,,0,4.6875,0,,,,,,,,,,,,1.52334,12.5,1.7578125,0,0,4.6875,-12,14.7,1,
310,2026-09-02,14:29:49.86707,67.11788,,750,4,,0,9.0625,773,25.0980392156863,0,10,15.2,-40,,0,4.6875,0,,,,,,,,,,,,1.38663,12.5,1.7578125,0,0,4.6875,-12,14.7,2,
311,2026-09-02,14:29:50.05426,67.30761,,750,4,,0,10,773,25.4901960784314,0,10,14.9,-40,,0,4.6875,0,,,,,,,,,,,,1.46475,12.5,1.7578125,0,0,4.6875,-12,14.7,0,
312,2026-09-02,14:29:50.27399,67.53179,,781.25,4,,0,10.9375,773,27.0588235294118,0,8,15,-40,,0,4.6875,0,,,,,,,,,,,,1.52334,18.75,1.953125,0,0,4.6875,-12,14.7,2,
313,2026-09-02,14:29:50.53955,67.78931,,843.75,2,,0,10.9375,774,27.4509803921569,0,10,14.7,-40,,0,4.6875,0,,,,,,,,,,,,1.58193,18.75,1.7578125,0,0,4.6875,-12,14.7,1,
314,2026-09-02,14:29:50.75933,68.016,,843.75,2,,0,10.9375,773,27.4509803921569,0,12,14.6,-40,,0,4.6875,0,,,,,,,,,,,,1.5624,18.75,1.7578125,0,0,4.6875,-12,14.7,0,
315,2026-09-02,14:29:50.96253,68.21109,,843.75,2,,0,10.625,773,27.0588235294118,0,12,14.3,-40,,0,4.6875,0,,,,,,,,,,,,1.46475,18.75,1.5625,0,0,4.6875,-12,14.7,3,
316,2026-09-02,14:29:51.18157,68.43585,,843.75,2,,0,10.625,773,27.0588235294118,0,12,14.2,-40,,0,4.6875,0,,,,,,,,,,,,1.5624,18.75,1.5625,0,0,4.6875,-12,14.7,1,
317,2026-09-02,14:29:51.36930,68.62554,,843.75,2,,0,10.625,773,27.0588235294118,0,12,14.3,-40,,0,4.6875,0,,,,,,,,,,,,1.5624,18.75,1.5625,0,0,4.6875,-12,14.7,1,
318,2026-09-02,14:29:51.57216,68.82259,,843.75,2,,0,10.625,773,27.0588235294118,0,12,14.3,-40,,0,4.6875,0,,,,,,,,,,,,1.46475,18.75,1.3671875,0,0,4.6875,-12,14.7,3,
319,2026-09-02,14:29:51.77628,69.01987,,812.5,2,,0,10.625,773,27.4509803921569,0,12,14.5,-40,,0,4.6875,0,,,,,,,,,,,,1.58193,18.75,1.3671875,0,0,4.6875,-12,14.7,3,
320,2026-09-02,14:29:51.97972,69.22931,,812.5,2,,0,10.9375,773,27.4509803921569,0,12,14.5,-40,,0,4.6875,0,,,,,,,,,,,,1.46475,18.75,1.3671875,0,0,4.6875,-12,14.7,3,
321,2026-09-02,14:29:52.19872,69.44866,,812.5,2,,0,10.9375,773,27.4509803921569,0,12,14.5,-40,,0,4.6875,0,,,,,,,,,,,,1.5624,18.75,1.171875,0,0,4.6875,-12,14.7,2,
322,2026-09-02,14:29:52.38651,69.63862,,812.5,2,,0,11.875,773,29.0196078431373,0,12,14.4,-40,,0,4.6875,0,,,,,,,,,,,,1.69911,18.75,1.171875,0,0,4.6875,-12,14.7,3,
323,2026-09-02,14:29:52.59009,69.84801,,812.5,2,,0,13.4375,773,31.3725490196078,0,11,14.5,-40,,0,4.6875,0,,,,,,,,,,,,1.64052,18.75,0.9765625,0,0,4.6875,-12,14.7,1,
324,2026-09-02,14:29:52.84078,70.08815,,843.75,2,,0,15.3125,773,34.5098039215686,0,12,14.4,-40,,0,4.6875,0,,,,,,,,,,,,1.87488,25,-0.5859375,0,0,4.6875,-12,14.7,3,
325,2026-09-02,14:29:53.07572,70.32517,,843.75,2,,0,18.125,772,40.7843137254902,0,9,14.2,-40,,0,4.6875,0,,,,,,,,,,,,1.54287,31.25,-0.78125,0,0,4.6875,-12,14.7,3,
326,2026-09-02,14:29:53.35760,70.60445,,875,2,,0,16.5625,772,36.4705882352941,0,13,14,-40,,0,4.6875,0,,,,,,,,,,,,1.87488,31.25,-1.171875,0,0,4.6875,-12,14.7,2,
327,2026-09-02,14:29:53.56122,70.81702,,875,2,,0,21.5625,773,47.0588235294118,0,9,13.1,-40,,0,4.6875,0,,,,,,,,,,,,1.73817,37.5,-1.3671875,0,0,4.6875,-12,14.7,0,
328,2026-09-02,14:29:53.79547,71.04381,,906.25,2,,0,19.6875,773,44.3137254901961,0,14,13.1,-40,,0,4.6875,0,,,,,,,,,,,,1.7577,31.25,-1.5625,0,0,4.6875,-12,14.7,1,
329,2026-09-02,14:29:53.99834,71.25629,,875,2,,0,19.6875,773,46.6666666666667,0,13,12.8,-40,,0,4.6875,0,,,,,,,,,,,,1.7577,31.25,-1.953125,0,0,4.6875,-12,14.7,1,
330,2026-09-02,14:29:54.31177,71.55548,,812.5,6,,0,20.3125,773,48.2352941176471,0,12,13,-40,,0,4.6875,0,,,,,,,,,,,,1.87488,37.5,-2.1484375,0,0,4.6875,-12,14.7,2,
331,2026-09-02,14:29:54.54681,71.80486,,1000,6,,0,21.5625,773,51.3725490196078,0,10,13.8,-40,,0,4.6875,0,,,,,,,,,,,,1.93347,43.75,-2.5390625,0,0,4.6875,-12,14.7,3,
332,2026-09-02,14:29:54.81209,72.06028,,1093.75,8,,0,22.1875,773,52.9411764705882,0,14,14.3,-40,,0,4.6875,0,,,,,,,,,,,,1.93347,50,-2.9296875,0,0,4.6875,-12,14.7,1,
333,2026-09-02,14:29:55.01614,72.26185,,1250,8,,0,21.25,773,50.9803921568627,0,19,13.9,-40,,0,4.6875,0,,,,,,,,,,,,1.953,50,-3.3203125,0,0,4.6875,-12,14.7,5,
334,2026-09-02,14:29:55.25048,72.49882,,1343.75,8,,0,20.3125,773,49.8039215686275,0,25,14.3,-40,,0,4.6875,0,,,,,,,,,,,,1.97253,56.25,-3.7109375,0,0,4.6875,-12,14.7,1,
335,2026-09-02,14:29:55.47022,72.72407,,1468.75,12,,0,19.375,773,46.6666666666667,0,28,14.3,-40,,0,4.6875,0,,,,,,,,,,,,2.01159,56.25,-4.1015625,0,0,4.6875,-12,14.7,2,
336,2026-09-02,14:29:55.68925,72.9387,,1562.5,12,,0,18.4375,773,43.921568627451,0,30,14.4,-40,,0,4.6875,0,,,,,,,,,,,,1.97253,56.25,-4.6875,0,0,4.6875,-12,14.7,3,
337,2026-09-02,14:29:55.89315,73.1406,,1656.25,12,,0,17.5,773,42.3529411764706,0,30,14.7,-40,,0,4.6875,0,,,,,,,,,,,,1.953,56.25,-5.078125,0,0,4.6875,-12,14.7,14,
338,2026-09-02,14:29:56.14309,73.39287,,1750,12,,0,16.5625,773,41.1764705882353,0,34,15.2,-40,,0,4.6875,0,,,,,,,,,,,,1.66005,50,-5.078125,0,0,4.6875,-12,14.7,2,
339,2026-09-02,14:29:56.39384,73.65193,,1750,14,,0,10.3125,773,29.0196078431373,0,35,15.4,-40,,0,4.6875,0,,,,,,,,,,,,1.66005,31.25,-4.4921875,0,0,4.6875,-12,14.7,4,
340,2026-09-02,14:29:56.61346,73.85963,,1687.5,14,,0,7.5,773,23.1372549019608,0,35,14.9,-40,,0,4.6875,0,,,,,,,,,,,,1.62099,25,-3.90625,0,0,4.6875,-12,14.7,2,
341,2026-09-02,14:29:56.86354,74.11631,,1562.5,14,,0,6.875,773,20.7843137254902,0,28,14.8,-40,,0,4.6875,0,,,,,,,,,,,,2.07018,31.25,-3.3203125,0,0,4.6875,-12,14.7,4,
342,2026-09-02,14:29:57.09845,74.35084,,1312.5,14,,0,20.625,773,40,0,22,15.2,-40,,0,4.6875,0,,,,,,,,,,,,2.16783,50,-2.9296875,0,0,4.6875,-12,14.7,3,
343,2026-09-02,14:29:57.31723,74.57105,,968.75,14,,0,29.375,773,61.5686274509804,0,8,14.1,-40,,0,4.6875,0,,,,,,,,,,,,2.08971,68.75,-2.34375,0,0,4.6875,-12,14.7,0,
344,2026-09-02,14:29:57.53730,74.79079,,1062.5,14,,0,29.6875,773,65.8823529411765,0,9,12.8,-40,,0,4.6875,0,,,,,,,,,,,,2.07018,62.5,-2.734375,0,0,4.6875,-12,14.7,4,
345,2026-09-02,14:29:57.77184,75.0227,,1187.5,16,,0,30.625,773,68.6274509803922,0,8,13.2,-40,,0,4.6875,0,,,,,,,,,,,,2.12877,68.75,-3.125,0,0,4.6875,-12,14.7,6,
346,2026-09-02,14:29:58.02232,75.2784,,1250,16,,0,30,773,68.6274509803922,0,10,14,-40,,0,4.6875,0,,,,,,,,,,,,2.12877,75,-1.7578125,0,0,4.6875,-12,14.7,4,
347,2026-09-02,14:29:58.28847,75.53449,,1312.5,16,,0,29.0625,774,67.843137254902,0,12,14.6,-40,,0,4.6875,0,,,,,,,,,,,,2.12877,75,-2.34375,0,0,4.6875,-12,14.7,6,
348,2026-09-02,14:29:58.55462,75.80241,,1375,20,,0,27.8125,773,65.0980392156863,0,15,14.7,-40,,0,4.6875,0,,,,,,,,,,,,2.1483,75,-2.734375,0,0,4.6875,-12,14.7,2,
349,2026-09-02,14:29:58.80456,76.05219,,1437.5,20,,0,26.875,773,63.1372549019608,0,17,14.7,-40,,0,4.6875,0,,,,,,,,,,,,2.1483,75,-3.125,0,0,4.6875,-12,14.7,9,
350,2026-09-02,14:29:59.10246,76.34833,,1531.25,22,,0,26.5625,774,60.7843137254902,0,18,15.2,-40,,0,4.6875,0,,,,,,,,,,,,2.18736,81.25,-2.34375,0,0,4.6875,-12,14.7,7,
351,2026-09-02,14:29:59.30588,76.55788,,1593.75,22,,0,25.9375,773,59.2156862745098,0,21,14.7,-40,,0,4.6875,0,,,,,,,,,,,,2.18736,81.25,-1.7578125,0,0,4.6875,-12,14.7,3,
352,2026-09-02,14:29:59.50899,76.7673,,1656.25,22,,0,24.6875,773,56.8627450980392,0,23,14.6,-40,,0,4.6875,0,,,,,,,,,,,,2.16783,81.25,-1.171875,0,0,4.6875,-12,14.7,2,
353,2026-09-02,14:29:59.80709,77.05688,,1718.75,26,,2,23.4375,773,54.9019607843137,0,26,14.2,-40,,0,4.6875,0,,,,,,,,,,,,2.20689,81.25,-1.171875,0,0,4.6875,-12,14.7,11,
354,2026-09-02,14:30:00.01021,77.25634,,1812.5,26,,0,22.5,773,54.9019607843137,0,29,14.8,-40,,0,4.6875,0,,,,,,,,,,,,2.20689,81.25,-1.7578125,0,0,4.6875,-12,14.7,10,
355,2026-09-02,14:30:00.22884,77.4859,,1875,26,,0,21.875,773,54.1176470588235,0,32,14.7,-40,,0,4.6875,0,,,,,,,,,,,,2.20689,81.25,-2.34375,0,0,4.6875,-12,14.7,5,
356,2026-09-02,14:30:00.48433,77.74097,,1937.5,28,,0,21.25,773,52.5490196078431,0,33,15,-40,,0,4.6875,0,,,,,,,,,,,,2.16783,81.25,-1.7578125,0,0,4.6875,-12,14.7,1,
357,2026-09-02,14:30:00.73523,77.98063,,2000,28,,0,20.9375,773,50.9803921568627,0,34,14.9,-40,,0,4.6875,0,,,,,,,,,,,,2.20689,81.25,-0.9765625,0,0,4.6875,-12,14.7,3,
358,2026-09-02,14:30:00.93851,78.19518,,2031.25,28,,0,20.625,774,49.8039215686275,0,35,14.4,-40,,0,4.6875,0,,,,,,,,,,,,2.20689,81.25,-0.5859375,0,0,4.6875,-12,14.7,20,
359,2026-09-02,14:30:01.22067,78.47478,,2093.75,30,,0,20.3125,774,47.843137254902,0,37,14.7,-40,,0,4.6875,0,,,,,,,,,,,,2.26548,81.25,-1.3671875,0,0,4.6875,-12,14.7,27,
360,2026-09-02,14:30:01.45451,78.70946,,2156.25,30,,0,19.6875,773,45.8823529411765,0,37,15,-40,,0,4.6875,0,,,,,,,,,,,,2.20689,87.5,-1.171875,0,0,4.6875,-12,14.7,12,
361,2026-09-02,14:30:01.67470,78.92406,,2187.5,30,,0,20,773,44.7058823529412,0,38,14.7,-40,,0,4.6875,0,,,,,,,,,,,,2.22642,87.5,-0.1953125,0,0,4.6875,-12,14.7,18,
362,2026-09-02,14:30:01.90856,79.15573,,2250,34,,0,19.375,773,43.5294117647059,0,38,14.3,-40,,0,4.6875,0,,,,,,,,,,,,2.24595,87.5,-0.78125,0,0,4.6875,-12,14.7,2,
363,2026-09-02,14:30:02.12872,79.38353,,2312.5,34,,0,18.75,773,42.7450980392157,0,40,14.6,-40,,0,4.6875,0,,,,,,,,,,,,2.20689,81.25,-1.5625,0,0,4.6875,-12,14.7,18,
364,2026-09-02,14:30:02.34791,79.59765,,2343.75,34,,0,18.4375,773,41.5686274509804,0,40,14.7,-40,,0,4.6875,0,,,,,,,,,,,,2.22642,81.25,-1.953125,0,0,4.6875,-12,14.7,32,
365,2026-09-02,14:30:02.55143,79.80262,,2406.25,36,,0,18.125,773,40.7843137254902,0,41,14.9,-40,,0,4.6875,0,,,,,,,,,,,,2.20689,81.25,-0.9765625,0,0,4.6875,-12,14.7,12,
366,2026-09-02,14:30:02.73867,79.99233,,2437.5,36,,0,17.8125,773,40.7843137254902,0,41,14.4,-40,,0,4.6875,0,,,,,,,,,,,,2.20689,81.25,-0.78125,0,0,4.6875,-12,14.7,16,
367,2026-09-02,14:30:02.95832,80.2021,,2468.75,36,,0,17.5,773,40.7843137254902,0,41,14.2,-40,,0,4.6875,0,,,,,,,,,,,,2.22642,81.25,0.1953125,0,0,4.6875,-12,14.7,9,
368,2026-09-02,14:30:03.16196,80.41627,,2500,36,,0,17.1875,774,40.7843137254902,0,41,14.5,-40,,0,4.6875,0,,,,,,,,,,,,2.22642,81.25,-0.390625,0,0,4.6875,-12,14.7,8,
369,2026-09-02,14:30:03.44274,80.69125,,2531.25,38,,0,17.1875,773,41.1764705882353,0,42,14.9,-40,,0,4.6875,0,,,,,,,,,,,,2.22642,87.5,-0.390625,0,0,4.6875,-12,14.7,2,
370,2026-09-02,14:30:03.64721,80.89596,,2593.75,38,,0,17.5,773,41.5686274509804,0,42,14.8,-40,,0,4.6875,0,,,,,,,,,,,,2.20689,87.5,0.5859375,0,0,4.6875,-12,14.7,12,
371,2026-09-02,14:30:03.85088,81.10579,,2625,38,,0,16.5625,774,40.7843137254902,0,42,14.3,-40,,0,4.6875,0,,,,,,,,,,,,2.24595,87.5,0.78125,0,0,4.6875,-12,14.7,11,
372,2026-09-02,14:30:04.07060,81.31817,,2656.25,40,,0,16.5625,774,40.3921568627451,0,42,14.3,-40,,0,4.6875,0,,,,,,,,,,,,2.22642,87.5,0,0,0,4.6875,-12,14.7,7,
373,2026-09-02,14:30:04.30503,81.55984,,2656.25,40,,0,16.5625,773,40.3921568627451,0,42,15,-40,,0,4.6875,0,,,,,,,,,,,,2.20689,87.5,-0.9765625,0,0,4.6875,-12,14.7,3,
374,2026-09-02,14:30:04.52399,81.77949,,2718.75,40,,0,15.9375,773,40.3921568627451,0,43,16.2,-40,,0,4.6875,0,,,,,,,,,,,,2.18736,87.5,0.1953125,0,0,4.6875,-12,14.7,17,
375,2026-09-02,14:30:04.74247,81.99862,,2718.75,40,,0,14.0625,773,37.2549019607843,0,45,14.6,-40,,0,4.6875,0,,,,,,,,,,,,2.07018,68.75,1.171875,0,0,4.6875,-12,14.7,8,
376,2026-09-02,14:30:05.00857,82.25618,,2750,40,,0,12.5,773,33.7254901960784,0,45,14.4,-40,,0,4.6875,0,,,,,,,,,,,,2.03112,62.5,0.78125,0,0,4.6875,-12,14.7,35,
377,2026-09-02,14:30:05.22775,82.4745,,2781.25,40,,0,11.875,773,32.9411764705882,0,45,14.7,-40,,0,4.6875,0,,,,,,,,,,,,2.10924,68.75,0,0,0,4.6875,-12,14.7,15,
378,2026-09-02,14:30:05.43140,82.68256,,2812.5,42,,0,12.8125,774,34.5098039215686,0,44,15.4,-40,,0,4.6875,0,,,,,,,,,,,,2.20689,75,0,0,0,4.6875,-12,14.7,18,
379,2026-09-02,14:30:05.61935,82.8671,,2812.5,42,,0,15,773,37.6470588235294,0,43,15.7,-40,,0,4.6875,0,,,,,,,,,,,,2.20689,81.25,0.9765625,0,0,4.6875,-12,14.7,1,
380,2026-09-02,14:30:05.79122,83.042,,2812.5,42,,0,15,773,38.0392156862745,0,43,15.1,-40,,0,4.6875,0,,,,,,,,,,,,2.20689,81.25,1.7578125,0,0,4.6875,-12,14.7,4,
381,2026-09-02,14:30:05.96355,83.21159,,2875,42,,0,15,773,38.4313725490196,0,43,15.2,-40,,0,4.6875,0,,,,,,,,,,,,2.18736,81.25,2.734375,0,0,4.6875,-12,14.7,19,
382,2026-09-02,14:30:06.13639,83.38676,,2875,42,,0,15,774,38.8235294117647,0,42,14.7,-40,,0,4.6875,0,,,,,,,,,,,,2.18736,81.25,3.515625,0,0,4.6875,-12,14.7,11,
383,2026-09-02,14:30:06.30824,83.56162,,2906.25,42,,0,15,773,38.8235294117647,0,42,14.5,-40,,0,4.6875,0,,,,,,,,,,,,2.22642,81.25,4.1015625,0,0,4.6875,-12,14.7,0,
384,2026-09-02,14:30:06.46448,83.72124,,2937.5,42,,0,15,773,38.4313725490196,0,42,14.4,-40,,0,4.6875,0,,,,,,,,,,,,2.22642,87.5,3.3203125,0,0,4.6875,-12,14.7,4,
385,2026-09-02,14:30:06.63731,83.89103,,2968.75,42,,0,15.3125,773,39.2156862745098,0,41,14.6,-40,,0,4.6875,0,,,,,,,,,,,,2.28501,87.5,2.734375,0,0,4.6875,-12,14.7,0,
386,2026-09-02,14:30:06.80937,84.0653,,2968.75,44,,0,15.625,773,40,0,41,15.1,-40,,0,4.6875,0,,,,,,,,,,,,2.24595,87.5,2.9296875,0,0,4.6875,-12,14.7,17,
387,2026-09-02,14:30:06.98169,84.23062,,3000,44,,0,15.3125,773,39.2156862745098,0,41,14.7,-40,,0,4.6875,0,,,,,,,,,,,,2.22642,87.5,3.7109375,0,0,4.6875,-12,14.7,4,
388,2026-09-02,14:30:07.15305,84.40518,,3031.25,44,,0,14.6875,773,38.4313725490196,0,41,14.7,-40,,0,4.6875,0,,,,,,,,,,,,2.18736,87.5,4.4921875,0,0,4.6875,-12,14.7,2,
389,2026-09-02,14:30:07.31016,84.56005,,3031.25,44,,0,14.0625,773,37.6470588235294,0,42,14.3,-40,,0,4.6875,0,,,,,,,,,,,,2.20689,81.25,4.1015625,0,0,4.6875,-12,14.7,6,
390,2026-09-02,14:30:07.49762,84.74472,,3062.5,46,,0,14.0625,773,36.8627450980392,0,42,14.3,-40,,0,4.6875,0,,,,,,,,,,,,2.22642,81.25,3.515625,0,0,4.6875,-12,14.7,3,
391,2026-09-02,14:30:07.68550,84.9394,,3093.75,46,,0,13.75,773,36.4705882352941,0,42,14.5,-40,,0,4.6875,0,,,,,,,,,,,,2.22642,81.25,2.734375,0,0,4.6875,-12,14.7,11,
392,2026-09-02,14:30:07.87363,85.11911,,3093.75,46,,0,13.75,773,36.078431372549,0,42,14.6,-40,,0,4.6875,0,,,,,,,,,,,,2.20689,81.25,2.1484375,0,0,4.6875,-12,14.7,1,
393,2026-09-02,14:30:08.03005,85.28381,,3093.75,46,,0,13.125,773,34.9019607843137,0,42,15.1,-40,,0,4.6875,0,,,,,,,,,,,,2.16783,81.25,0.9765625,0,0,4.6875,-12,14.7,7,
394,2026-09-02,14:30:08.21782,85.46863,,3125,46,,0,12.8125,773,34.5098039215686,0,42,15.2,-40,,0,4.6875,0,,,,,,,,,,,,2.20689,75,1.7578125,0,0,4.6875,-12,14.7,3,
395,2026-09-02,14:30:08.40570,85.65295,,3125,46,,0,13.75,774,35.2941176470588,0,41,14.8,-40,,0,4.6875,0,,,,,,,,,,,,2.30454,87.5,2.734375,0,0,4.6875,-12,14.7,8,
396,2026-09-02,14:30:08.57793,85.82795,,3156.25,46,,0,16.25,774,39.2156862745098,0,40,14.7,-40,,0,4.6875,0,,,,,,,,,,,,2.44125,106.25,3.7109375,0,0,4.6875,-11,14.7,10,
397,2026-09-02,14:30:08.78065,86.03252,,3187.5,46,,0,18.4375,774,43.1372549019608,0,39,14.2,-40,,0,4.6875,0,,,,,,,,,,,,2.38266,112.5,3.515625,0,0,4.6875,-11,14.7,10,
398,2026-09-02,14:30:08.98422,86.2344,,3218.75,48,,0,18.4375,773,43.1372549019608,0,38,14.3,-40,,0,4.6875,0,,,,,,,,,,,,2.44125,112.5,2.734375,0,0,4.6875,-11,14.7,4,
399,2026-09-02,14:30:09.23477,86.48699,,3250,48,,0,18.4375,773,43.921568627451,0,38,15,-40,,0,4.6875,0,,,,,,,,,,,,2.44125,112.5,1.7578125,0,0,4.6875,-11,14.7,17,
400,2026-09-02,14:30:09.43830,86.68679,,3281.25,48,,0,18.125,773,43.5294117647059,0,38,15,-40,,0,4.6875,0,,,,,,,,,,,,2.40219,112.5,2.5390625,0,0,4.6875,-11,14.7,4,
401,2026-09-02,14:30:09.64243,86.8886,,3281.25,48,,0,18.125,773,43.1372549019608,0,38,14.5,-40,,0,4.6875,0,,,,,,,,,,,,2.44125,118.75,3.7109375,0,0,4.6875,-11,14.7,16,
402,2026-09-02,14:30:09.87730,87.13116,,3312.5,48,,0,18.125,773,43.1372549019608,0,38,14.3,-40,,0,4.6875,0,,,,,,,,,,,,2.44125,118.75,2.734375,0,0,4.6875,-11,14.7,7,
403,2026-09-02,14:30:10.09597,87.34032,,3343.75,48,,0,18.125,773,43.1372549019608,0,38,14.7,-40,,0,4.6875,0,,,,,,,,,,,,2.46078,118.75,1.7578125,0,0,4.6875,-11,14.7,1,
404,2026-09-02,14:30:10.31506,87.55982,,3375,50,,0,18.125,773,43.1372549019608,0,38,14.8,-40,,0,4.6875,0,,,,,,,,,,,,2.44125,118.75,1.3671875,0,0,4.6875,-11,14.7,35,
405,2026-09-02,14:30:10.50253,87.7545,,3375,50,,0,17.8125,774,43.1372549019608,0,38,14.8,-40,,0,4.6875,0,,,,,,,,,,,,2.42172,118.75,2.5390625,0,0,4.6875,-11,14.7,15,
406,2026-09-02,14:30:10.72176,87.97962,,3406.25,50,,0,17.8125,773,43.1372549019608,0,39,14.3,-40,,0,4.6875,0,,,,,,,,,,,,2.44125,118.75,3.515625,0,0,4.6875,-11,14.7,19,
407,2026-09-02,14:30:10.97223,88.22428,,3406.25,50,,0,16.25,774,39.6078431372549,0,40,14.3,-40,,0,4.6875,0,,,,,,,,,,,,1.85535,81.25,2.34375,0,0,4.6875,-11,14.7,7,
408,2026-09-02,14:30:11.19157,88.44854,,3343.75,52,,0,5.625,773,19.2156862745098,0,10,14.4,-40,,0,4.6875,0,,,,,,,,,,,,1.64052,31.25,0,0,0,4.6875,-11,14.7,11,
409,2026-09-02,14:30:11.45807,88.7083,,3031.25,52,,0,4.6875,773,16.8627450980392,0,5,14,-40,,0,4.6875,0,,,,,,,,,,,,1.60146,25,0,0,0,4.6875,-11,14.7,12,
410,2026-09-02,14:30:11.66084,88.91322,,2593.75,52,,0,5,774,16.078431372549,0,-3,17.3,-40,,0,4.6875,0,,,,,,,,,,,,1.71864,25,0,0,0,4.6875,-11,14.7,3,
411,2026-09-02,14:30:11.92783,89.17555,,2250,50,,0,29.375,774,51.3725490196078,0,19,17.3,-40,,0,4.6875,0,,,,,,,,,,,,2.75373,162.5,0.9765625,0,0,4.6875,-11,14.7,9,
412,2026-09-02,14:30:12.14734,89.39429,,2281.25,50,,0,33.125,773,69.8039215686274,0,21,13.4,-40,,0,4.6875,0,,,,,,,,,,,,2.61702,150,0.5859375,0,0,4.6875,-10,14.7,6,
413,2026-09-02,14:30:12.36652,89.61472,,2343.75,50,,0,32.5,774,69.8039215686274,0,22,15.6,-40,,0,4.6875,0,,,,,,,,,,,,2.65608,150,0.1953125,0,0,4.6875,-10,14.7,5,
414,2026-09-02,14:30:12.61651,89.87179,,2406.25,52,,0,32.1875,774,69.0196078431373,0,22,15.5,-40,,0,4.6875,0,,,,,,,,,,,,2.57796,150,1.5625,0,0,4.6875,-10,14.7,1,
415,2026-09-02,14:30:12.86716,90.11585,,2437.5,52,,0,32.1875,774,69.0196078431373,0,23,15.2,-40,,0,4.6875,0,,,,,,,,,,,,2.61702,150,2.734375,0,0,4.6875,-10,14.7,14,
416,2026-09-02,14:30:13.11709,90.3654,,2437.5,52,,1,31.25,773,68.2352941176471,0,24,14.7,-40,,0,4.6875,0,,,,,,,,,,,,2.51937,150,3.90625,0,0,4.6875,-10,14.7,3,
417,2026-09-02,14:30:13.36747,90.61825,,2468.75,52,,2,28.75,774,63.921568627451,0,28,14.4,-40,,0,4.6875,0,,,,,,,,,,,,2.55843,137.5,4.6875,0,0,4.6875,-10,14.7,8,
418,2026-09-02,14:30:13.58690,90.83351,,2500,52,,2,27.8125,774,63.1372549019608,0,29,14.4,-40,,0,4.6875,0,,,,,,,,,,,,2.59749,137.5,4.1015625,0,0,4.6875,-10,14.7,12,
419,2026-09-02,14:30:13.85304,91.10968,,2531.25,54,,2,27.8125,773,62.7450980392157,0,29,14.7,-40,,0,4.6875,0,,,,,,,,,,,,2.63655,137.5,3.3203125,0,0,4.6875,-10,14.7,22,
420,2026-09-02,14:30:14.07221,91.32438,,2562.5,54,,2,27.8125,773,62.7450980392157,0,29,14.5,-40,,0,4.6875,0,,,,,,,,,,,,2.5389,137.5,2.734375,0,0,4.6875,-10,14.7,12,
421,2026-09-02,14:30:14.27535,91.52905,,2562.5,54,,2,25.9375,774,59.6078431372549,0,30,14.8,-40,,0,4.6875,0,,,,,,,,,,,,2.46078,125,3.515625,0,0,4.6875,-10,14.7,38,
422,2026-09-02,14:30:14.52578,91.77596,,2593.75,54,,2,24.375,773,56.078431372549,0,32,14,-40,,0,4.6875,0,,,,,,,,,,,,2.44125,118.75,4.1015625,0,0,4.6875,-10,14.7,21,
423,2026-09-02,14:30:14.79234,92.04783,,2593.75,56,,2,23.75,773,55.2941176470588,0,34,14.2,-40,,0,4.6875,0,,,,,,,,,,,,2.48031,118.75,3.3203125,0,0,4.6875,-10,14.7,16,
424,2026-09-02,14:30:15.05858,92.3128,,2625,56,,1,23.75,774,54.9019607843137,0,34,14.5,-40,,0,4.6875,0,,,,,,,,,,,,2.48031,118.75,2.5390625,0,0,4.6875,-10,14.7,34,
425,2026-09-02,14:30:15.29330,92.53703,,2625,56,,1,23.4375,772,54.5098039215686,0,34,14.4,-40,,0,4.6875,0,,,,,,,,,,,,2.44125,118.75,1.7578125,0,0,4.6875,-10,14.7,13,
426,2026-09-02,14:30:15.52821,92.7815,,2625,56,,0,22.5,773,51.3725490196078,0,38,14.4,-40,,0,4.6875,0,,,,,,,,,,,,2.38266,118.75,1.171875,0,0,4.6875,-10,14.7,31,
427,2026-09-02,14:30:15.76294,93.01168,,2656.25,56,,0,22.1875,773,49.8039215686275,0,38,14.2,-40,,0,4.6875,0,,,,,,,,,,,,2.42172,112.5,0.390625,0,0,4.6875,-10,14.7,38,
428,2026-09-02,14:30:15.95093,93.20657,,2656.25,56,,0,22.1875,773,49.8039215686275,0,38,14.4,-40,,0,4.6875,0,,,,,,,,,,,,2.38266,112.5,-0.390625,0,0,4.6875,-10,14.7,3,
429,2026-09-02,14:30:16.16932,93.42119,,2656.25,56,,0,21.875,773,49.4117647058824,0,38,14.3,-40,,0,4.6875,0,,,,,,,,,,,,2.38266,112.5,-1.171875,0,0,4.6875,-10,14.7,40,
430,2026-09-02,14:30:16.35795,93.61527,,2687.5,56,,0,21.875,773,49.4117647058824,0,38,14.5,-40,,0,4.6875,0,,,,,,,,,,,,2.40219,112.5,-1.7578125,0,0,4.6875,-10,14.7,5,
431,2026-09-02,14:30:16.62418,93.88021,,2687.5,56,,0,21.25,773,48.6274509803922,0,39,14.8,-40,,0,4.6875,0,,,,,,,,,,,,2.30454,106.25,-2.34375,0,0,4.6875,-10,14.7,4,
432,2026-09-02,14:30:16.82750,94.07489,,2687.5,56,,0,20.3125,773,46.6666666666667,0,40,14.8,-40,,0,4.6875,0,,,,,,,,,,,,2.38266,106.25,-1.3671875,0,0,4.6875,-10,14.7,3,
433,2026-09-02,14:30:17.06184,94.31443,,2656.25,56,,0,20.625,773,46.6666666666667,0,39,14.4,-40,,0,4.6875,0,,,,,,,,,,,,2.38266,106.25,-1.3671875,0,0,4.6875,-10,14.7,18,
434,2026-09-02,14:30:17.26550,94.5092,,2656.25,56,,0,21.5625,773,49.4117647058824,0,38,14.4,-40,,0,4.6875,0,,,,,,,,,,,,2.44125,112.5,-2.1484375,0,0,4.6875,-10,14.7,21,
435,2026-09-02,14:30:17.53159,94.78881,,2687.5,58,,0,25.9375,773,58.4313725490196,0,32,16.1,-40,,0,4.6875,0,,,,,,,,,,,,2.55843,137.5,-1.7578125,0,0,4.6875,-10,14.7,1,
436,2026-09-02,14:30:17.73524,94.98846,,2687.5,58,,0,25,773,57.6470588235294,0,33,15.8,-40,,0,4.6875,0,,,,,,,,,,,,2.51937,131.25,-0.5859375,0,0,4.6875,-10,14.7,26,
437,2026-09-02,14:30:17.97020,95.22028,,2718.75,58,,0,24.0625,774,56.078431372549,0,34,15.5,-40,,0,4.6875,0,,,,,,,,,,,,2.46078,118.75,0.5859375,0,0,4.6875,-11,14.7,14,
438,2026-09-02,14:30:18.18952,95.44724,,2718.75,58,,0,22.5,773,53.3333333333333,0,38,14.5,-40,,0,4.6875,0,,,,,,,,,,,,2.46078,118.75,1.953125,0,0,4.6875,-10,14.7,17,
439,2026-09-02,14:30:18.39308,95.64716,,2750,58,,0,22.5,774,53.3333333333333,0,38,14.4,-40,,0,4.6875,0,,,,,,,,,,,,2.48031,118.75,2.1484375,0,0,4.6875,-10,14.7,33,
440,2026-09-02,14:30:18.64325,95.88697,,2750,58,,0,21.875,774,52.156862745098,0,38,15.1,-40,,0,4.6875,0,,,,,,,,,,,,2.36313,112.5,1.171875,0,0,4.6875,-11,14.7,21,
441,2026-09-02,14:30:18.84665,96.09654,,2750,58,,0,20.625,773,48.2352941176471,0,39,14.4,-40,,0,4.6875,0,,,,,,,,,,,,2.36313,106.25,0.5859375,0,0,4.6875,-11,14.7,5,
442,2026-09-02,14:30:19.06514,96.31432,,2750,58,,0,20.3125,773,47.4509803921569,0,40,14.3,-40,,0,4.6875,0,,,,,,,,,,,,2.32407,106.25,-0.390625,0,0,4.6875,-10,14.7,7,
443,2026-09-02,14:30:19.30014,96.55072,,2750,58,,0,19.6875,773,46.6666666666667,0,40,14.5,-40,,0,4.6875,0,,,,,,,,,,,,2.32407,106.25,-1.171875,0,0,4.6875,-11,14.7,7,
444,2026-09-02,14:30:19.48791,96.74591,,2750,58,,0,19.6875,773,46.6666666666667,0,40,15,-40,,0,4.6875,0,,,,,,,,,,,,2.3436,106.25,-1.953125,0,0,4.6875,-11,14.7,10,
445,2026-09-02,14:30:19.70706,96.96495,,2718.75,58,,0,19.375,773,46.2745098039216,0,40,15,-40,,0,4.6875,0,,,,,,,,,,,,2.26548,100,-1.3671875,0,0,4.6875,-11,14.7,14,
446,2026-09-02,14:30:19.95762,97.20493,,2718.75,58,,0,17.8125,774,44.3137254901961,0,42,14.6,-40,,0,4.6875,0,,,,,,,,,,,,2.26548,93.75,-0.1953125,0,0,4.6875,-11,14.7,18,
447,2026-09-02,14:30:20.16132,97.41965,,2750,58,,0,17.8125,773,43.921568627451,0,42,14.2,-40,,0,4.6875,0,,,,,,,,,,,,2.26548,93.75,-2.1484375,0,0,4.6875,-11,14.7,2,
448,2026-09-02,14:30:20.39569,97.63934,,2718.75,58,,0,16.875,773,42.7450980392157,0,42,14.6,-40,,0,4.6875,0,,,,,,,,,,,,2.24595,87.5,-2.9296875,0,0,4.6875,-11,14.7,7,
449,2026-09-02,14:30:20.60025,97.84675,,2718.75,58,,0,16.5625,773,42.3529411764706,0,43,15,-40,,0,4.6875,0,,,,,,,,,,,,2.24595,87.5,-2.734375,0,0,4.6875,-11,14.7,4,
450,2026-09-02,14:30:20.85008,98.09613,,2718.75,58,,0,16.5625,774,42.3529411764706,0,43,14.7,-40,,0,4.6875,0,,,,,,,,,,,,2.20689,87.5,-1.5625,0,0,4.6875,-11,14.7,16,
451,2026-09-02,14:30:21.06927,98.31655,,2718.75,58,,0,16.5625,773,43.1372549019608,0,43,14.4,-40,,0,4.6875,0,,,,,,,,,,,,2.22642,87.5,-1.171875,0,0,4.6875,-11,14.7,21,
452,2026-09-02,14:30:21.28788,98.53748,,2718.75,58,,0,16.875,773,43.1372549019608,0,43,14.4,-40,,0,4.6875,0,,,,,,,,,,,,2.24595,87.5,-1.953125,0,0,4.6875,-11,14.7,5,
453,2026-09-02,14:30:21.47605,98.73202,,2718.75,58,,0,16.5625,773,42.3529411764706,0,43,15,-40,,0,4.6875,0,,,,,,,,,,,,2.26548,87.5,-1.953125,0,0,4.6875,-11,14.7,30,
454,2026-09-02,14:30:21.67956,98.93178,,2750,58,,0,17.5,773,44.3137254901961,0,43,14.8,-40,,0,4.6875,0,,,,,,,,,,,,2.24595,93.75,-0.78125,0,0,4.6875,-11,14.7,16,
455,2026-09-02,14:30:21.89883,99.14734,,2750,58,,0,17.5,773,44.3137254901961,0,43,14.6,-40,,0,4.6875,0,,,,,,,,,,,,2.26548,93.75,0.1953125,0,0,4.6875,-11,14.7,6,
456,2026-09-02,14:30:22.13308,99.37955,,2750,58,,0,19.6875,774,47.0588235294118,0,40,14.5,-40,,0,4.6875,0,,,,,,,,,,,,2.61702,118.75,-0.390625,0,0,4.6875,-11,14.7,33,
457,2026-09-02,14:30:22.39993,99.65105,,2781.25,60,,5,27.5,773,61.9607843137255,0,30,15.7,-40,,0,4.6875,0,,,,,,,,,,,,2.63655,150,-0.1953125,0,0,4.6875,-11,14.7,1,
458,2026-09-02,14:30:22.60383,99.85172,,2812.5,60,,11,27.5,773,61.9607843137255,0,28,15.3,-40,,0,4.6875,0,,,,,,,,,,,,2.48031,143.75,0.9765625,0,0,4.6875,-11,14.7,33,
459,2026-09-02,14:30:22.77566,100.02456,,2812.5,60,,15,22.8125,773,54.5098039215686,0,33,15.1,-40,,0,4.6875,0,,,,,,,,,,,,2.44125,125,1.953125,0,0,4.6875,-11,14.7,17,
460,2026-09-02,14:30:22.90621,100.15488,,2843.75,60,,1,21.5625,773,52.5490196078431,0,39,14.6,-40,,0,4.6875,0,,,,,,,,,,,,2.42172,118.75,2.734375,0,0,4.6875,-11,14.7,21,
461,2026-09-02,14:30:23.14091,100.387,,2843.75,60,,0,20.9375,774,50.1960784313725,0,39,14.1,-40,,0,4.6875,0,,,,,,,,,,,,2.38266,112.5,2.9296875,0,0,4.6875,-11,14.7,11,
462,2026-09-02,14:30:23.36045,100.61467,,2875,60,,0,20.3125,773,48.2352941176471,0,40,14.1,-40,,0,4.6875,0,,,,,,,,,,,,2.44125,112.5,1.953125,0,0,4.6875,-11,14.7,15,
463,2026-09-02,14:30:23.59509,100.8388,,2906.25,60,,0,19.0625,773,46.2745098039216,0,40,14.4,-40,,0,4.6875,0,,,,,,,,,,,,2.1483,93.75,1.171875,0,0,4.6875,-11,14.7,0,
464,2026-09-02,14:30:23.82944,101.08327,,2906.25,62,,0,12.8125,773,35.2941176470588,0,44,14.4,-40,,0,4.6875,0,,,,,,,,,,,,2.03112,62.5,0.1953125,0,0,4.6875,-11,14.7,6,
465,2026-09-02,14:30:23.97056,101.22855,,2906.25,62,,0,10.9375,773,31.7647058823529,0,43,14.4,-40,,0,4.6875,0,,,,,,,,,,,,2.05065,62.5,-0.390625,0,0,4.6875,-11,14.7,5,
466,2026-09-02,14:30:24.18981,101.44321,,2906.25,62,,0,10.3125,773,30.1960784313725,0,43,14.7,-40,,0,4.6875,0,,,,,,,,,,,,2.03112,56.25,-0.9765625,0,0,4.6875,-11,14.7,6,
467,2026-09-02,14:30:24.37843,101.63271,,2906.25,62,,0,10.3125,773,29.4117647058824,0,42,15.7,-40,,0,4.6875,0,,,,,,,,,,,,1.97253,56.25,-1.171875,0,0,4.6875,-11,14.7,9,
468,2026-09-02,14:30:24.62896,101.87743,,2875,62,,0,10.3125,773,29.0196078431373,0,42,15.7,-40,,0,4.6875,0,,,,,,,,,,,,2.01159,56.25,-0.1953125,0,0,4.6875,-11,14.7,11,
469,2026-09-02,14:30:24.83191,102.07922,,2906.25,62,,0,10.3125,773,28.6274509803922,0,42,15.1,-40,,0,4.6875,0,,,,,,,,,,,,2.01159,56.25,0.5859375,0,0,4.6875,-11,14.7,19,
470,2026-09-02,14:30:25.03495,102.29186,,2875,62,,0,10.3125,773,28.6274509803922,0,42,15.2,-40,,0,4.6875,0,,,,,,,,,,,,2.01159,56.25,2.34375,0,0,4.6875,-11,14.7,17,
471,2026-09-02,14:30:25.25418,102.51151,,2875,62,,0,10.3125,773,28.2352941176471,0,42,14.9,-40,,0,4.6875,0,,,,,,,,,,,,2.03112,56.25,3.3203125,0,0,4.6875,-11,14.7,17,
472,2026-09-02,14:30:25.47343,102.72117,,2875,62,,0,10.3125,772,28.2352941176471,0,42,15,-40,,0,4.6875,0,,,,,,,,,,,,2.03112,56.25,4.296875,0,0,4.6875,-12,14.7,4,
473,2026-09-02,14:30:25.67715,102.93581,,2875,62,,0,10.3125,773,28.2352941176471,0,42,14.8,-40,,0,4.6875,0,,,,,,,,,,,,2.01159,56.25,5.078125,0,0,4.6875,-11,14.7,12,
474,2026-09-02,14:30:25.91219,103.16512,,2875,62,,0,10.3125,774,28.6274509803922,0,42,14.2,-40,,0,4.6875,0,,,,,,,,,,,,2.01159,56.25,5.078125,0,0,4.6875,-11,14.7,4,
475,2026-09-02,14:30:26.10012,103.35435,,2875,62,,0,10.625,773,28.6274509803922,0,42,14.2,-40,,0,4.6875,0,,,,,,,,,,,,2.01159,56.25,4.4921875,0,0,4.6875,-12,14.7,18,
476,2026-09-02,14:30:26.24071,103.49409,,2875,62,,0,10.9375,773,29.8039215686275,0,43,14.2,-40,,0,4.6875,0,,,,,,,,,,,,2.12877,62.5,3.90625,0,0,4.6875,-12,14.7,11,
477,2026-09-02,14:30:26.39749,103.64413,,2875,62,,0,11.5625,773,30.5882352941176,0,43,14.4,-40,,0,4.6875,0,,,,,,,,,,,,2.05065,62.5,3.515625,0,0,4.6875,-11,14.7,10,
478,2026-09-02,14:30:26.53804,103.7847,,2875,62,,0,11.25,773,30.5882352941176,0,43,14.4,-40,,0,4.6875,0,,,,,,,,,,,,2.05065,62.5,2.9296875,0,0,4.6875,-11,14.7,11,
479,2026-09-02,14:30:26.67915,103.93343,,2875,62,,0,11.25,773,30.9803921568627,0,43,14.4,-40,,0,4.6875,0,,,,,,,,,,,,2.07018,62.5,2.5390625,0,0,4.6875,-12,14.7,28,
480,2026-09-02,14:30:26.83541,104.079,,2875,62,,0,11.25,773,31.3725490196078,0,43,14.2,-40,,0,4.6875,0,,,,,,,,,,,,2.03112,62.5,1.953125,0,0,4.6875,-12,14.7,5,
481,2026-09-02,14:30:27.00773,104.2559,,2875,62,,0,11.25,773,30.9803921568627,0,43,14.5,-40,,0,4.6875,0,,,,,,,,,,,,2.01159,62.5,1.3671875,0,0,4.6875,-11,14.7,15,
482,2026-09-02,14:30:27.17970,104.433,,2875,62,,0,11.25,773,30.9803921568627,0,43,14.5,-40,,0,4.6875,0,,,,,,,,,,,,2.07018,62.5,0.78125,0,0,4.6875,-11,14.7,2,
483,2026-09-02,14:30:27.36799,104.61285,,2843.75,62,,0,11.25,773,30.5882352941176,0,43,14.7,-40,,0,4.6875,0,,,,,,,,,,,,2.05065,62.5,0,0,0,4.6875,-12,14.7,1,
484,2026-09-02,14:30:27.53984,104.79797,,2843.75,62,,0,11.5625,773,31.3725490196078,0,43,15,-40,,0,4.6875,0,,,,,,,,,,,,2.07018,68.75,-0.390625,0,0,4.6875,-12,14.7,24,
485,2026-09-02,14:30:27.75915,105.00256,,2843.75,62,,0,11.5625,772,31.7647058823529,0,43,15.6,-40,,0,4.6875,0,,,,,,,,,,,,2.05065,62.5,0.5859375,0,0,4.6875,-12,14.7,22,
486,2026-09-02,14:30:27.93754,105.19279,,2906.25,62,,0,11.5625,773,30.9803921568627,0,43,15.1,-40,,0,4.6875,0,,,,,,,,,,,,2.01159,62.5,1.3671875,0,0,4.6875,-12,14.7,5,
487,2026-09-02,14:30:28.15145,105.40715,,2875,62,,0,11.25,772,30.9803921568627,0,43,14.6,-40,,0,4.6875,0,,,,,,,,,,,,2.01159,62.5,2.1484375,0,0,4.6875,-12,14.7,0,
488,2026-09-02,14:30:28.33855,105.59656,,2875,62,,0,11.25,773,30.9803921568627,0,43,14.7,-40,,0,4.6875,0,,,,,,,,,,,,2.08971,62.5,1.3671875,0,0,4.6875,-12,14.7,20,
489,2026-09-02,14:30:28.55788,105.80861,,2843.75,62,,0,11.25,773,30.9803921568627,0,43,15.1,-40,,0,4.6875,0,,,,,,,,,,,,2.01159,62.5,1.5625,0,0,4.6875,-12,14.7,10,
490,2026-09-02,14:30:28.77707,106.02589,,2875,62,,0,11.25,773,30.9803921568627,0,43,15.4,-40,,0,4.6875,0,,,,,,,,,,,,2.07018,62.5,2.5390625,0,0,4.6875,-12,14.7,17,
491,2026-09-02,14:30:28.98117,106.23061,,2843.75,62,,0,11.5625,773,30.9803921568627,0,43,14.6,-40,,0,4.6875,0,,,,,,,,,,,,2.07018,62.5,3.515625,0,0,4.6875,-12,14.7,25,
492,2026-09-02,14:30:29.18521,106.43336,,2843.75,62,,0,11.5625,772,31.3725490196078,0,43,14.3,-40,,0,4.6875,0,,,,,,,,,,,,2.10924,68.75,2.734375,0,0,4.6875,-11,14.7,33,
493,2026-09-02,14:30:29.42018,106.66445,,2875,62,,0,15.9375,773,37.6470588235294,0,42,14.6,-40,,0,4.6875,0,,,,,,,,,,,,2.51937,112.5,1.953125,0,0,4.6875,-12,14.7,1,
494,2026-09-02,14:30:29.62353,106.87438,,2875,62,,1,23.75,773,55.2941176470588,0,35,14.5,-40,,0,4.6875,0,,,,,,,,,,,,2.55843,137.5,1.171875,0,0,4.6875,-11,14.7,25,
495,2026-09-02,14:30:29.84225,107.09391,,2906.25,62,,0,23.125,773,54.9019607843137,0,38,15.7,-40,,0,4.6875,0,,,,,,,,,,,,2.38266,125,1.5625,0,0,4.6875,-11,14.7,6,
496,2026-09-02,14:30:30.07725,107.33324,,2906.25,62,,0,18.125,773,45.0980392156863,0,40,15.3,-40,,0,4.6875,0,,,,,,,,,,,,2.30454,93.75,0.5859375,0,0,4.6875,-11,14.7,12,
497,2026-09-02,14:30:30.26513,107.50855,,2906.25,62,,0,16.25,773,41.5686274509804,0,41,14.1,-40,,0,4.6875,0,,,,,,,,,,,,2.22642,87.5,0.78125,0,0,4.6875,-11,14.7,3,
498,2026-09-02,14:30:30.46893,107.71674,,2937.5,62,,0,15.3125,773,40,0,41,13.6,-40,,0,4.6875,0,,,,,,,,,,,,2.22642,87.5,0,0,0,4.6875,-11,14.7,13,
499,2026-09-02,14:30:30.71910,107.96693,,2937.5,62,,0,14.375,773,38.4313725490196,0,42,14.1,-40,,0,4.6875,0,,,,,,,,,,,,2.20689,81.25,-0.9765625,0,0,4.6875,-11,14.7,16,
500,2026-09-02,14:30:30.92280,108.17741,,2937.5,62,,0,14.0625,772,38.0392156862745,0,43,14.2,-40,,0,4.6875,0,,,,,,,,,,,,2.16783,81.25,-1.7578125,0,0,4.6875,-11,14.7,12,
501,2026-09-02,14:30:31.14173,108.3921,,2968.75,62,,0,14.0625,773,38.0392156862745,0,43,14.5,-40,,0,4.6875,0,,,,,,,,,,,,2.22642,81.25,-2.5390625,0,0,4.6875,-12,14.7,9,
502,2026-09-02,14:30:31.36003,108.61171,,2937.5,62,,0,13.4375,773,37.2549019607843,0,43,14.7,-40,,0,4.6875,0,,,,,,,,,,,,2.1483,75,-3.3203125,0,0,4.6875,-11,14.7,28,
503,2026-09-02,14:30:31.54853,108.80655,,2937.5,62,,0,13.4375,773,36.4705882352941,0,43,14.7,-40,,0,4.6875,0,,,,,,,,,,,,2.16783,75,-3.90625,0,0,4.6875,-11,14.7,17,
504,2026-09-02,14:30:31.79901,109.05061,,2937.5,62,,0,13.4375,772,36.4705882352941,0,43,15.5,-40,,0,4.6875,0,,,,,,,,,,,,2.1483,75,-2.9296875,0,0,4.6875,-12,14.7,5,
505,2026-09-02,14:30:32.00244,109.24589,,2968.75,62,,0,13.4375,773,36.4705882352941,0,42,14.8,-40,,0,4.6875,0,,,,,,,,,,,,2.18736,75,-1.953125,0,0,4.6875,-11,14.7,9,
506,2026-09-02,14:30:32.25296,109.50229,,2968.75,64,,0,13.4375,772,36.078431372549,0,42,14.6,-40,,0,4.6875,0,,,,,,,,,,,,2.1483,75,-0.78125,0,0,4.6875,-11,14.7,10,
507,2026-09-02,14:30:32.48782,109.73498,,2937.5,64,,0,12.5,773,34.1176470588235,0,42,14.3,-40,,0,4.6875,0,,,,,,,,,,,,2.07018,68.75,-1.3671875,0,0,4.6875,-11,14.7,6,
508,2026-09-02,14:30:32.70652,109.96479,,2968.75,64,,0,11.5625,772,32.156862745098,0,43,14.7,-40,,0,4.6875,0,,,,,,,,,,,,2.07018,62.5,-2.34375,0,0,4.6875,-11,14.7,16,
509,2026-09-02,14:30:32.95750,110.20431,,2968.75,64,,0,10.625,773,30.1960784313725,0,41,15.2,-40,,0,4.6875,0,,,,,,,,,,,,1.97253,56.25,-2.1484375,0,0,4.6875,-11,14.7,3,
510,2026-09-02,14:30:33.14563,110.40397,,2937.5,64,,0,9.6875,773,27.843137254902,0,42,15.6,-40,,0,4.6875,0,,,,,,,,,,,,2.08971,56.25,-1.171875,0,0,4.6875,-11,14.7,9,
511,2026-09-02,14:30:33.38052,110.62856,,2968.75,64,,0,16.5625,772,38.4313725490196,0,40,15.2,-40,,0,4.6875,0,,,,,,,,,,,,2.83185,131.25,-0.1953125,0,0,4.6875,-11,14.7,20,
512,2026-09-02,14:30:33.61486,110.87316,,3000,64,,0,30,773,64.7058823529412,0,30,14.4,-40,,0,4.6875,0,,,,,,,,,,,,2.67561,168.75,0.390625,0,0,4.6875,-11,14.7,19,
513,2026-09-02,14:30:33.83415,111.08786,,3000,64,,0,19.6875,772,46.6666666666667,0,40,14.8,-40,,0,4.6875,0,,,,,,,,,,,,2.18736,106.25,0,0,0,4.6875,-11,14.7,1,
514,2026-09-02,14:30:34.05379,111.30743,,3031.25,64,,0,14.0625,773,36.4705882352941,0,41,14.7,-40,,0,4.6875,0,,,,,,,,,,,,2.1483,81.25,1.171875,0,0,4.6875,-11,14.7,27,
515,2026-09-02,14:30:34.25696,111.51211,,3031.25,64,,0,12.8125,772,34.5098039215686,0,43,14.1,-40,,0,4.6875,0,,,,,,,,,,,,2.1483,75,0.5859375,0,0,4.6875,-11,14.7,4,
516,2026-09-02,14:30:34.53837,111.79671,,3031.25,66,,0,11.875,773,33.7254901960784,0,43,13.8,-40,,0,4.6875,0,,,,,,,,,,,,2.10924,68.75,-0.5859375,0,0,4.6875,-11,14.7,14,
517,2026-09-02,14:30:34.78887,112.03634,,3062.5,66,,0,11.25,772,31.7647058823529,0,42,14,-40,,0,4.6875,0,,,,,,,,,,,,2.03112,62.5,-1.3671875,0,0,4.6875,-11,14.7,1,
518,2026-09-02,14:30:34.99254,112.23852,,3062.5,66,,0,10.625,773,30.1960784313725,0,42,14.6,-40,,0,4.6875,0,,,,,,,,,,,,2.05065,62.5,-2.1484375,0,0,4.6875,-11,14.7,11,
519,2026-09-02,14:30:35.24297,112.493,,3062.5,66,,0,10,772,28.6274509803922,0,41,15.5,-40,,0,4.6875,0,,,,,,,,,,,,2.01159,62.5,-1.953125,0,0,4.6875,-11,14.7,12,
520,2026-09-02,14:30:35.47807,112.72556,,3062.5,66,,0,10,773,27.0588235294118,0,41,15.8,-40,,0,4.6875,0,,,,,,,,,,,,2.03112,56.25,-0.78125,0,0,4.6875,-11,14.7,9,
521,2026-09-02,14:30:35.68116,112.92746,,3062.5,66,,0,10,772,27.0588235294118,0,41,15.5,-40,,0,4.6875,0,,,,,,,,,,,,2.03112,56.25,0.1953125,0,0,4.6875,-11,14.7,15,
522,2026-09-02,14:30:35.90083,113.14713,,3062.5,66,,0,9.6875,773,26.6666666666667,0,41,15.5,-40,,0,4.6875,0,,,,,,,,,,,,1.97253,56.25,1.171875,0,0,4.6875,-11,14.7,12,
523,2026-09-02,14:30:36.11989,113.37419,,3062.5,66,,0,9.375,773,26.2745098039216,0,41,15,-40,,0,4.6875,0,,,,,,,,,,,,1.97253,56.25,2.1484375,0,0,4.6875,-11,14.7,3,
524,2026-09-02,14:30:36.33851,113.59405,,3062.5,66,,0,9.0625,772,25.4901960784314,0,35,14.7,-40,,0,4.6875,0,,,,,,,,,,,,1.93347,50,3.3203125,0,0,4.6875,-11,14.7,15,
525,2026-09-02,14:30:36.54245,113.79835,,3062.5,66,,0,8.125,772,23.5294117647059,0,24,14.6,-40,,0,4.6875,0,,,,,,,,,,,,1.89441,50,3.3203125,0,0,4.6875,-11,14.7,12,
526,2026-09-02,14:30:36.80856,114.05522,,3062.5,66,,0,8.125,772,23.1372549019608,0,24,14.4,-40,,0,4.6875,0,,,,,,,,,,,,1.91394,50,2.5390625,0,0,4.6875,-11,14.7,13,
527,2026-09-02,14:30:37.01196,114.26751,,3062.5,66,,0,8.125,772,23.1372549019608,0,22,14.6,-40,,0,4.6875,0,,,,,,,,,,,,1.89441,50,1.5625,0,0,4.6875,-11,14.7,4,
528,2026-09-02,14:30:37.26346,114.50714,,3031.25,66,,0,7.8125,773,22.7450980392157,0,20,14.5,-40,,0,4.6875,0,,,,,,,,,,,,1.85535,43.75,0.78125,0,0,4.6875,-11,14.7,7,
529,2026-09-02,14:30:37.49833,114.74448,,3031.25,66,,0,7.8125,772,22.3529411764706,0,20,15,-40,,0,4.6875,0,,,,,,,,,,,,1.953,43.75,-0.1953125,0,0,4.6875,-11,14.7,6,
530,2026-09-02,14:30:37.71762,114.97159,,3031.25,66,,0,7.8125,772,22.7450980392157,0,20,15,-40,,0,4.6875,0,,,,,,,,,,,,1.89441,43.75,0.5859375,0,0,4.6875,-11,14.7,34,
531,2026-09-02,14:30:37.93685,115.19131,,3062.5,64,,0,7.8125,773,22.7450980392157,0,20,15,-40,,0,4.6875,0,,,,,,,,,,,,1.93347,43.75,1.5625,0,0,4.6875,-11,14.7,18,
532,2026-09-02,14:30:38.15563,115.41095,,3000,64,,0,7.5,772,21.5686274509804,0,12,14.9,-40,,0,4.6875,0,,,,,,,,,,,,1.87488,43.75,2.5390625,0,0,4.6875,-11,14.7,13,
533,2026-09-02,14:30:38.37469,115.63105,,3062.5,64,,0,7.1875,772,20.7843137254902,0,9,14.3,-40,,0,4.6875,0,,,,,,,,,,,,1.85535,37.5,1.953125,0,0,4.6875,-11,14.7,12,
534,2026-09-02,14:30:38.59330,115.85012,,2968.75,64,,0,5.625,772,18.4313725490196,0,6,14.4,-40,,0,4.6875,0,,,,,,,,,,,,1.71864,31.25,0,0,0,4.6875,-11,14.7,3,
535,2026-09-02,14:30:38.84419,116.09452,,2937.5,64,,0,5,772,17.2549019607843,0,5,15,-40,,0,4.6875,0,,,,,,,,,,,,1.71864,25,0,0,0,4.6875,-11,14.7,23,
536,2026-09-02,14:30:39.04756,116.29907,,2968.75,64,,0,5,772,17.6470588235294,0,6,15,-40,,0,4.6875,0,,,,,,,,,,,,1.71864,31.25,0,0,0,4.6875,-11,14.7,11,
537,2026-09-02,14:30:39.23556,116.49419,,2968.75,64,,0,5,772,17.6470588235294,0,5,15.5,-40,,0,4.6875,0,,,,,,,,,,,,1.67958,31.25,0,0,0,4.6875,-11,14.7,16,
538,2026-09-02,14:30:39.43916,116.6859,,2968.75,64,,0,4.0625,772,15.6862745098039,0,5,16.6,-40,,0,4.6875,0,,,,,,,,,,,,1.58193,25,0,0,0,4.6875,-11,14.7,11,
539,2026-09-02,14:30:39.68970,116.93317,,2937.5,64,,0,3.4375,773,14.9019607843137,0,5,15,-40,,0,4.6875,0,,,,,,,,,,,,1.5624,18.75,0,0,0,4.6875,-11,14.7,13,
540,2026-09-02,14:30:39.90895,117.15767,,2906.25,64,,0,3.125,772,14.5098039215686,0,4,15.7,-40,,0,4.6875,0,,,,,,,,,,,,1.54287,18.75,0,0,0,4.6875,-11,14.7,12,
541,2026-09-02,14:30:40.20612,117.45257,,2875,62,,0,3.125,772,14.5098039215686,0,4,16,-40,,0,4.6875,0,,,,,,,,,,,,1.48428,18.75,0,0,0,4.6875,-11,14.7,13,
542,2026-09-02,14:30:40.44113,117.68966,,2843.75,62,,0,2.8125,772,14.1176470588235,0,3,21.2,-40,,0,4.6875,0,,,,,,,,,,,,1.44522,12.5,0,0,0,4.6875,-11,14.7,6,
543,2026-09-02,14:30:40.72267,117.9816,,2812.5,60,,0,2.5,773,13.3333333333333,0,3,33.2,-40,,0,4.6875,0,,,,,,,,,,,,1.54287,18.75,0,0,0,4.6875,-11,14.7,2,
544,2026-09-02,14:30:40.94243,118.19651,,2781.25,60,,0,3.75,773,14.9019607843137,0,3,56.8,-40,,0,4.6875,0,,,,,,,,,,,,1.5624,18.75,0,0,0,4.6875,-11,14.7,16,
545,2026-09-02,14:30:41.14531,118.39611,,2781.25,60,,0,3.75,772,14.9019607843137,0,2,73.3,-40,,0,4.6875,0,,,,,,,,,,,,1.5624,18.75,0,0,0,4.6875,-11,14.7,27,
546,2026-09-02,14:30:41.33248,118.59092,,2750,60,,0,3.75,772,14.9019607843137,0,2,88.2,-40,,0,4.6875,0,,,,,,,,,,,,1.58193,18.75,0,0,0,4.6875,-11,14.7,4,
547,2026-09-02,14:30:41.56746,118.81509,,2750,60,,0,3.75,772,14.9019607843137,0,2,94.7,-40,,0,4.6875,0,,,,,,,,,,,,1.52334,18.75,0,0,0,4.6875,-11,14.7,17,
548,2026-09-02,14:30:41.78667,119.03343,,2718.75,60,,0,3.75,772,14.9019607843137,0,2,96,-40,,0,4.6875,0,,,,,,,,,,,,1.52334,18.75,0,0,0,4.6875,-11,14.7,0,
549,2026-09-02,14:30:41.99077,119.23981,,2687.5,60,,0,3.75,772,14.9019607843137,0,1,96,-40,,0,4.6875,0,,,,,,,,,,,,1.60146,18.75,0,0,0,4.6875,-11,14.7,15,
550,2026-09-02,14:30:42.20958,119.45426,,2656.25,58,,0,3.75,772,14.5098039215686,0,1,96,-40,,0,4.6875,0,,,,,,,,,,,,1.48428,18.75,0,0,0,4.6875,-11,14.7,7,
551,2026-09-02,14:30:42.44514,119.69882,,2625,58,,0,3.75,773,14.5098039215686,0,0,96,-40,,0,4.6875,0,,,,,,,,,,,,1.46475,18.75,0,0,0,4.6875,-11,14.7,12,
552,2026-09-02,14:30:42.63240,119.88128,,2562.5,58,,0,3.4375,772,14.1176470588235,0,-1,96,-40,,0,4.6875,0,,,,,,,,,,,,1.5624,18.75,0,0,0,4.6875,-11,14.7,14,
553,2026-09-02,14:30:42.85083,120.10844,,2531.25,54,,0,3.75,772,14.1176470588235,0,-1,96,-40,,0,4.6875,0,,,,,,,,,,,,1.5624,18.75,0,0,0,4.6875,-11,14.7,21,
554,2026-09-02,14:30:43.05441,120.30319,,2531.25,54,,0,4.0625,772,14.1176470588235,0,-2,99.9,-40,,0,4.6875,0,,,,,,,,,,,,1.52334,18.75,0,0,0,4.6875,-11,14.7,15,
555,2026-09-02,14:30:43.28874,120.5379,,2500,54,,0,4.0625,772,14.1176470588235,0,-2,99.9,-40,,0,4.6875,0,,,,,,,,,,,,1.50381,18.75,0,0,0,4.6875,-11,14.7,17,
556,2026-09-02,14:30:43.50848,120.7545,,2500,54,,0,5.625,773,16.078431372549,0,0,99.9,-40,,0,4.6875,0,,,,,,,,,,,,2.08971,43.75,0,0,0,4.6875,-11,14.7,20,
557,2026-09-02,14:30:43.74345,120.99697,,2562.5,54,,0,12.5,772,28.2352941176471,0,45,92.7,-40,,0,4.6875,0,,,,,,,,,,,,2.10924,62.5,1.171875,0,0,4.6875,-11,14.7,2,
558,2026-09-02,14:30:43.96286,121.21621,,2562.5,54,,0,12.5,772,29.4117647058824,0,44,14.7,-40,,0,4.6875,0,,,,,,,,,,,,2.05065,62.5,1.953125,0,0,4.6875,-11,14.7,9,
559,2026-09-02,14:30:44.21263,121.46136,,2562.5,54,,0,12.8125,772,30.1960784313725,0,44,14.3,-40,,0,4.6875,0,,,,,,,,,,,,2.07018,62.5,2.9296875,0,0,4.6875,-11,14.7,6,
560,2026-09-02,14:30:44.41662,121.66366,,2562.5,54,,0,13.75,772,32.5490196078431,0,44,14.2,-40,,0,4.6875,0,,,,,,,,,,,,2.16783,68.75,3.515625,0,0,4.6875,-11,14.7,6,
561,2026-09-02,14:30:44.62000,121.86994,,2593.75,54,,0,15.3125,772,36.078431372549,0,43,13.9,-40,,0,4.6875,0,,,,,,,,,,,,2.20689,75,2.9296875,0,0,4.6875,-11,14.7,17,
562,2026-09-02,14:30:44.80781,122.06501,,2593.75,54,,0,15,772,36.4705882352941,0,43,13.7,-40,,0,4.6875,0,,,,,,,,,,,,2.12877,75,2.1484375,0,0,4.6875,-11,14.7,1,
563,2026-09-02,14:30:45.04275,122.29469,,2625,56,,0,14.375,773,35.2941176470588,0,44,14,-40,,0,4.6875,0,,,,,,,,,,,,2.10924,68.75,1.5625,0,0,4.6875,-11,14.7,0,
564,2026-09-02,14:30:45.27761,122.53443,,2625,56,,0,13.125,772,33.7254901960784,0,45,14.2,-40,,0,4.6875,0,,,,,,,,,,,,2.07018,62.5,0.78125,0,0,4.6875,-11,14.7,6,
565,2026-09-02,14:30:45.49630,122.75355,,2656.25,56,,0,12.5,772,32.156862745098,0,45,15,-40,,0,4.6875,0,,,,,,,,,,,,2.05065,62.5,0,0,0,4.6875,-11,14.7,11,
566,2026-09-02,14:30:45.79459,123.04849,,2687.5,58,,0,12.1875,772,31.3725490196078,0,44,15.5,-40,,0,4.6875,0,,,,,,,,,,,,2.03112,62.5,0.9765625,0,0,4.6875,-11,14.7,18,
567,2026-09-02,14:30:46.01362,123.26842,,2687.5,58,,0,10.9375,772,29.4117647058824,0,45,14.9,-40,,0,4.6875,0,,,,,,,,,,,,1.99206,56.25,1.953125,0,0,4.6875,-11,14.7,15,
568,2026-09-02,14:30:46.23326,123.4825,,2687.5,58,,0,11.5625,773,29.8039215686275,0,44,15,-40,,0,4.6875,0,,,,,,,,,,,,2.07018,62.5,2.734375,0,0,4.6875,-11,14.7,12,
569,2026-09-02,14:30:46.43673,123.6927,,2718.75,58,,0,12.1875,772,30.9803921568627,0,44,14.7,-40,,0,4.6875,0,,,,,,,,,,,,2.08971,62.5,3.7109375,0,0,4.6875,-11,14.7,1,
570,2026-09-02,14:30:46.67138,123.91955,,2718.75,58,,0,11.875,772,30.9803921568627,0,44,14.3,-40,,0,4.6875,0,,,,,,,,,,,,2.08971,62.5,3.515625,0,0,4.6875,-11,14.7,10,
571,2026-09-02,14:30:46.87447,124.13135,,2718.75,58,,0,12.1875,772,31.3725490196078,0,44,14.2,-40,,0,4.6875,0,,,,,,,,,,,,2.10924,62.5,2.734375,0,0,4.6875,-11,14.7,17,
572,2026-09-02,14:30:47.03125,124.27632,,2750,58,,0,12.1875,772,32.156862745098,0,44,14.3,-40,,0,4.6875,0,,,,,,,,,,,,2.07018,68.75,2.34375,0,0,4.6875,-11,14.7,7,
573,2026-09-02,14:30:47.17586,124.42068,,2750,58,,0,12.5,773,32.5490196078431,0,44,14.5,-40,,0,4.6875,0,,,,,,,,,,,,2.12877,68.75,1.7578125,0,0,4.6875,-11,14.7,7,
574,2026-09-02,14:30:47.31239,124.57052,,2750,58,,0,13.125,772,33.7254901960784,0,44,14.5,-40,,0,4.6875,0,,,,,,,,,,,,2.08971,68.75,1.171875,0,0,4.6875,-11,14.7,0,
575,2026-09-02,14:30:47.46971,124.71554,,2781.25,58,,0,12.8125,772,33.3333333333333,0,44,14.7,-40,,0,4.6875,0,,,,,,,,,,,,1.79676,62.5,0.78125,0,0,4.6875,-11,14.7,8,
576,2026-09-02,14:30:47.61026,124.85875,,2750,58,,0,7.8125,772,25.0980392156863,0,17,14.6,-40,,0,4.6875,0,,,,,,,,,,,,1.62099,37.5,0.390625,0,0,4.6875,-11,14.7,17,
577,2026-09-02,14:30:47.82983,125.0773,,2656.25,58,,0,5.3125,772,19.2156862745098,0,-1,14.7,-40,,0,4.6875,0,,,,,,,,,,,,1.62099,25,0,0,0,4.6875,-11,14.7,8,
578,2026-09-02,14:30:48.08048,125.33499,,2312.5,58,,0,5.3125,772,16.078431372549,0,-5,18.6,-40,,0,4.6875,0,,,,,,,,,,,,1.5624,18.75,0,0,0,4.6875,-11,14.7,8,
579,2026-09-02,14:30:48.29972,125.54685,,1906.25,58,,0,5.625,773,17.2549019607843,0,28,19,-40,,0,4.6875,0,,,,,,,,,,,,1.62099,18.75,0,0,0,4.6875,-11,14.7,2,
580,2026-09-02,14:30:48.50336,125.75882,,1687.5,58,,0,5.625,772,17.6470588235294,0,38,17,-40,,0,4.6875,0,,,,,,,,,,,,1.60146,18.75,0,0,0,4.6875,-11,14.7,0,
581,2026-09-02,14:30:48.72187,125.9741,,1531.25,58,,0,5.9375,772,17.6470588235294,0,35,15.9,-40,,0,4.6875,0,,,,,,,,,,,,1.54287,18.75,0,0,0,4.6875,-11,14.7,5,
582,2026-09-02,14:30:48.92613,126.17181,,1343.75,58,,0,6.25,772,18.8235294117647,0,31,14.8,-40,,0,4.6875,0,,,,,,,,,,,,1.48428,12.5,0,0,0,4.6875,-11,14.7,1,
583,2026-09-02,14:30:49.12968,126.38293,,1187.5,58,,0,7.8125,772,20.7843137254902,0,26,15.2,-40,,0,4.6875,0,,,,,,,,,,,,1.48428,18.75,0.1953125,0,0,4.6875,-11,14.7,5,
584,2026-09-02,14:30:49.36432,126.61793,,1062.5,58,,0,7.8125,772,21.9607843137255,0,23,15.6,-40,,0,4.6875,0,,,,,,,,,,,,1.58193,18.75,0.390625,0,0,4.6875,-11,14.7,1,
585,2026-09-02,14:30:49.56827,126.81596,,906.25,58,,0,9.0625,772,23.5294117647059,0,23,15.6,-40,,0,4.6875,0,,,,,,,,,,,,1.50381,12.5,0.5859375,0,0,4.6875,-11,14.7,2,
586,2026-09-02,14:30:49.78743,127.03732,,843.75,58,,0,10,772,25.4901960784314,0,18,15.8,-40,,0,4.6875,0,,,,,,,,,,,,1.48428,12.5,0.78125,0,0,4.6875,-11,14.7,1,
587,2026-09-02,14:30:50.00574,127.2567,,781.25,56,,0,10.625,772,27.4509803921569,0,15,15.8,-40,,0,4.6875,0,,,,,,,,,,,,1.60146,18.75,0.78125,0,0,4.6875,-11,14.7,0,
588,2026-09-02,14:30:50.20987,127.45873,,750,56,,0,11.25,772,28.6274509803922,0,12,15.6,-40,,0,4.6875,0,,,,,,,,,,,,1.58193,18.75,0.9765625,0,0,4.6875,-11,14.7,2,
589,2026-09-02,14:30:50.46073,127.71591,,718.75,56,,0,11.5625,772,30.1960784313725,0,10,15.2,-40,,0,4.6875,0,,,,,,,,,,,,1.42569,18.75,1.171875,0,0,4.6875,-11,14.7,1,
590,2026-09-02,14:30:50.66352,127.9211,,718.75,52,,0,11.875,771,30.9803921568627,0,10,14.8,-40,,0,4.6875,0,,,,,,,,,,,,1.46475,18.75,1.171875,0,0,4.6875,-11,14.7,1,
591,2026-09-02,14:30:50.88276,128.13557,,750,52,,0,11.875,773,30.9803921568627,0,9,14.6,-40,,0,4.6875,0,,,,,,,,,,,,1.54287,18.75,1.171875,0,0,4.6875,-11,14.7,1,
592,2026-09-02,14:30:51.10199,128.35009,,750,52,,0,11.875,773,30.9803921568627,0,9,14.3,-40,,0,4.6875,0,,,,,,,,,,,,1.58193,18.75,1.171875,0,0,4.6875,-11,14.7,4,
593,2026-09-02,14:30:51.35222,128.60929,,781.25,50,,0,11.875,772,30.5882352941176,0,10,14.3,-40,,0,4.6875,0,,,,,,,,,,,,1.44522,18.75,0.9765625,0,0,4.6875,-11,14.7,1,
594,2026-09-02,14:30:51.57149,128.82952,,812.5,50,,0,11.5625,772,29.8039215686275,0,11,14.5,-40,,0,4.6875,0,,,,,,,,,,,,1.50381,18.75,0.9765625,0,0,4.6875,-11,14.7,3,
595,2026-09-02,14:30:51.80639,129.05682,,812.5,50,,0,10.9375,772,28.6274509803922,0,11,14.8,-40,,0,4.6875,0,,,,,,,,,,,,1.46475,18.75,0.78125,0,0,4.6875,-11,14.7,1,
596,2026-09-02,14:30:52.08757,129.3385,,781.25,50,,0,9.375,773,26.6666666666667,0,14,15,-40,,0,4.6875,0,,,,,,,,,,,,1.38663,12.5,0.9765625,0,0,4.6875,-11,14.7,1,
597,2026-09-02,14:30:52.32251,129.57324,,750,50,,0,9.0625,772,26.2745098039216,0,10,15.4,-40,,0,4.6875,0,,,,,,,,,,,,1.38663,12.5,0.9765625,0,0,4.6875,-11,14.7,1,
598,2026-09-02,14:30:52.50989,129.76799,,750,50,,0,8.75,773,25.4901960784314,0,9,15.6,-40,,0,4.6875,0,,,,,,,,,,,,1.3671,12.5,0.9765625,0,0,4.6875,-11,14.7,0,
599,2026-09-02,14:30:52.77664,130.02447,,750,48,,0,8.75,772,24.7058823529412,0,10,15.8,-40,,0,4.6875,0,,,,,,,,,,,,1.48428,12.5,1.171875,0,0,4.6875,-11,14.7,1,
600,2026-09-02,14:30:53.01068,130.26218,,750,48,,0,8.75,773,24.7058823529412,0,10,15.7,-40,,0,4.6875,0,,,,,,,,,,,,1.38663,12.5,1.171875,0,0,4.6875,-11,14.7,1,
601,2026-09-02,14:30:53.19925,130.45671,,750,48,,0,8.75,773,24.7058823529412,0,11,15.6,-40,,0,4.6875,0,,,,,,,,,,,,1.52334,12.5,1.171875,0,0,4.6875,-11,14.7,0,
602,2026-09-02,14:30:53.40276,130.64996,,750,48,,0,8.75,772,24.7058823529412,0,10,15.6,-40,,0,4.6875,0,,,,,,,,,,,,1.42569,12.5,1.3671875,0,0,4.6875,-11,14.7,1,
603,2026-09-02,14:30:53.60616,130.85111,,750,48,,0,8.75,773,24.7058823529412,0,10,15.5,-40,,0,4.6875,0,,,,,,,,,,,,1.40616,12.5,1.3671875,0,0,4.6875,-11,14.7,2,
604,2026-09-02,14:30:53.80955,131.05802,,750,48,,0,8.75,772,24.7058823529412,0,10,15.5,-40,,0,4.6875,0,,,,,,,,,,,,1.52334,12.5,1.3671875,0,0,4.6875,-11,14.7,2,
605,2026-09-02,14:30:54.02829,131.27793,,750,48,,0,8.75,772,24.7058823529412,0,10,15.5,-40,,0,4.6875,0,,,,,,,,,,,,1.50381,12.5,1.5625,0,0,4.6875,-11,14.7,1,
606,2026-09-02,14:30:54.23234,131.48032,,750,48,,0,8.75,772,25.0980392156863,0,10,15.3,-40,,0,4.6875,0,,,,,,,,,,,,1.50381,12.5,1.5625,0,0,4.6875,-11,14.7,1,
607,2026-09-02,14:30:54.45183,131.69516,,750,48,,0,8.75,772,25.0980392156863,0,10,15.4,-40,,0,4.6875,0,,,,,,,,,,,,1.34757,12.5,1.5625,0,0,4.6875,-11,14.7,1,
608,2026-09-02,14:30:54.65491,131.90353,,718.75,48,,0,8.75,772,25.4901960784314,0,10,15.4,-40,,0,4.6875,0,,,,,,,,,,,,1.40616,12.5,1.7578125,0,0,4.6875,-11,14.7,0,
609,2026-09-02,14:30:54.89017,132.13395,,718.75,48,,0,8.4375,771,25.4901960784314,0,10,15.3,-40,,0,4.6875,0,,,,,,,,,,,,1.5624,12.5,1.7578125,0,0,4.6875,-11,14.7,2,
610,2026-09-02,14:30:55.10959,132.36414,,718.75,48,,0,11.875,772,30.1960784313725,0,10,15.3,-40,,0,4.6875,0,,,,,,,,,,,,1.73817,18.75,1.953125,0,0,4.6875,-11,14.7,0,
611,2026-09-02,14:30:55.37521,132.62836,,906.25,48,,0,16.25,772,37.6470588235294,0,9,15,-40,,0,4.6875,0,,,,,,,,,,,,1.77723,37.5,2.34375,0,0,4.6875,-11,14.7,1,
612,2026-09-02,14:30:55.64159,132.89307,,1437.5,46,,0,14.375,772,36.078431372549,0,23,13.7,-40,,0,4.6875,0,,,,,,,,,,,,1.77723,43.75,2.34375,0,0,4.6875,-11,14.7,6,
613,2026-09-02,14:30:55.86056,133.10768,,2000,46,,0,13.125,773,33.3333333333333,0,37,13.5,-40,,0,4.6875,0,,,,,,,,,,,,2.3436,68.75,1.7578125,0,0,4.6875,-11,14.7,8,
614,2026-09-02,14:30:56.07980,133.33678,,2250,46,,0,21.5625,772,45.4901960784314,0,36,14.7,-40,,0,4.6875,0,,,,,,,,,,,,2.28501,93.75,1.171875,0,0,4.6875,-11,14.7,6,
615,2026-09-02,14:30:56.34631,133.59673,,2218.75,48,,0,30.625,772,62.7450980392157,0,21,13.6,-40,,0,4.6875,0,,,,,,,,,,,,2.49984,137.5,0.390625,0,0,4.6875,-12,14.7,20,
616,2026-09-02,14:30:56.56542,133.82165,,2187.5,48,,0,23.4375,772,53.3333333333333,0,36,14.3,-40,,0,4.6875,0,,,,,,,,,,,,2.01159,87.5,-0.1953125,0,0,4.6875,-11,14.7,9,
617,2026-09-02,14:30:56.78442,134.04124,,2218.75,48,,0,13.4375,772,33.3333333333333,0,44,14.6,-40,,0,4.6875,0,,,,,,,,,,,,1.58193,43.75,-0.9765625,0,0,4.6875,-12,14.7,9,
618,2026-09-02,14:30:56.98811,134.23612,,2250,48,,0,6.5625,772,20,0,6,14.5,-40,,0,4.6875,0,,,,,,,,,,,,1.50381,25,-1.3671875,0,0,4.6875,-12,14.7,3,
619,2026-09-02,14:30:57.20768,134.46001,,2281.25,48,,0,5,772,16.4705882352941,0,-6,14.7,-40,,0,4.6875,0,,,,,,,,,,,,1.64052,18.75,0,0,0,4.6875,-11,14.7,3,
620,2026-09-02,14:30:57.41077,134.65989,,2250,48,,0,5,772,15.6862745098039,0,-6,18.3,-40,,0,4.6875,0,,,,,,,,,,,,1.79676,25,0,0,0,4.6875,-12,14.7,10,
621,2026-09-02,14:30:57.63003,134.8768,,2218.75,48,,0,7.5,772,18.8235294117647,0,18,16.7,-40,,0,4.6875,0,,,,,,,,,,,,1.81629,31.25,0.5859375,0,0,4.6875,-12,14.7,6,
622,2026-09-02,14:30:57.86493,135.11895,,2187.5,48,,0,10.3125,772,22.3529411764706,0,43,18.3,-40,,0,4.6875,0,,,,,,,,,,,,1.97253,50,1.3671875,0,0,4.6875,-12,14.7,10,
623,2026-09-02,14:30:58.09978,135.3585,,2250,48,,0,14.0625,772,30.1960784313725,0,42,14.9,-40,,0,4.6875,0,,,,,,,,,,,,2.12877,68.75,2.1484375,0,0,4.6875,-12,14.7,0,
624,2026-09-02,14:30:58.30348,135.55318,,2218.75,48,,0,23.4375,772,46.2745098039216,0,34,13.8,-40,,0,4.6875,0,,,,,,,,,,,,2.51937,112.5,2.1484375,0,0,4.6875,-12,14.7,7,
625,2026-09-02,14:30:58.50710,135.75467,,2250,48,,0,20.625,772,45.0980392156863,0,37,13,-40,,0,4.6875,0,,,,,,,,,,,,1.953,75,1.5625,0,0,4.6875,-12,14.7,11,
626,2026-09-02,14:30:58.71070,135.96241,,2281.25,48,,0,15.3125,772,35.6862745098039,0,44,13.8,-40,,0,4.6875,0,,,,,,,,,,,,1.62099,56.25,0.9765625,0,0,4.6875,-12,14.7,1,
627,2026-09-02,14:30:58.88258,136.13215,,2250,48,,0,8.125,772,21.9607843137255,0,23,14,-40,,0,4.6875,0,,,,,,,,,,,,1.52334,31.25,0.390625,0,0,4.6875,-12,14.7,15,
628,2026-09-02,14:30:59.07051,136.31918,,2187.5,48,,0,5.625,773,16.8627450980392,0,-7,13.8,-40,,0,4.6875,0,,,,,,,,,,,,1.50381,18.75,0,0,0,4.6875,-12,14.7,9,
629,2026-09-02,14:30:59.24335,136.4976,,2187.5,48,,0,4.375,772,15.2941176470588,0,-7,14.4,-40,,0,4.6875,0,,,,,,,,,,,,1.54287,18.75,0,0,0,4.6875,-12,14.7,8,
630,2026-09-02,14:30:59.41494,136.66669,,2250,48,,0,4.0625,772,14.1176470588235,0,-7,19,-40,,0,4.6875,0,,,,,,,,,,,,1.89441,18.75,0,0,0,4.6875,-12,14.7,3,
631,2026-09-02,14:30:59.60301,136.84986,,2218.75,48,,0,12.1875,772,25.8823529411765,0,44,17.3,-40,,0,4.6875,0,,,,,,,,,,,,2.16783,62.5,0.5859375,0,0,4.6875,-12,14.7,8,
632,2026-09-02,14:30:59.80631,137.0513,,2156.25,46,,0,17.1875,772,34.9019607843137,0,42,14.1,-40,,0,4.6875,0,,,,,,,,,,,,1.69911,62.5,1.3671875,0,0,4.6875,-12,14.7,1,
633,2026-09-02,14:30:59.96334,137.21557,,2156.25,46,,0,8.75,772,21.9607843137255,0,29,13.4,-40,,0,4.6875,0,,,,,,,,,,,,1.79676,37.5,0.9765625,0,0,4.6875,-12,14.7,7,
634,2026-09-02,14:31:00.16634,137.41527,,2187.5,46,,0,9.375,772,22.7450980392157,0,44,12.9,-40,,0,4.6875,0,,,,,,,,,,,,1.54287,31.25,0.390625,0,0,4.6875,-12,14.7,1,
635,2026-09-02,14:31:00.33880,137.58558,,2156.25,46,,0,7.5,772,19.2156862745098,0,14,14,-40,,0,4.6875,0,,,,,,,,,,,,1.85535,31.25,-0.1953125,0,0,4.6875,-12,14.7,8,
636,2026-09-02,14:31:00.52687,137.78549,,2281.25,46,,0,20.625,772,38.0392156862745,0,37,14.7,-40,,0,4.6875,0,,,,,,,,,,,,2.90997,125,-0.5859375,0,0,4.6875,-12,14.7,14,
637,2026-09-02,14:31:00.73038,137.98498,,2312.5,46,,0,39.6875,773,76.078431372549,0,15,12.7,-40,,0,4.6875,0,,,,,,,,,,,,2.26548,168.75,-1.171875,0,0,4.6875,-12,12.544,5,
638,2026-09-02,14:31:00.96560,138.20923,,2312.5,46,,0,40.3125,773,80,0,17,13,-40,,0,4.6875,0,,,,,,,,,,,,3.1248,175,0,0,0,4.6875,-12,12.6281879194631,6,
639,2026-09-02,14:31:01.19992,138.44855,,2343.75,50,,1,40.625,772,80,0,17,12.9,-40,,0,4.6875,0,,,,,,,,,,,,3.20292,187.5,0,0,0,4.6875,-12,12.544,2,
640,2026-09-02,14:31:01.43423,138.67834,,2406.25,50,,5,40.9375,772,80,0,16,13,-40,,0,4.6875,0,,,,,,,,,,,,3.28104,187.5,0,0,0,4.6875,-12,12.8,3,
641,2026-09-02,14:31:01.63791,138.88539,,2468.75,50,,5,40.625,772,80.3921568627451,0,18,13.2,-40,,0,4.6875,0,,,,,,,,,,,,3.16386,193.75,0,0,0,4.6875,-12,12.8,17,
642,2026-09-02,14:31:01.95145,139.20141,,2531.25,54,,5,39.6875,772,80.3921568627451,0,19,13.3,-40,,0,4.6875,0,,,,,,,,,,,,2.08971,193.75,0,0,0,4.6875,-12,13.158041958042,7,
643,2026-09-02,14:31:02.46854,139.72718,,2656.25,54,,4,35.9375,772,74.5098039215686,0,21,16.1,-40,,0,4.6875,0,,,,,,,,,,,,2.85138,187.5,-0.5859375,0,0,4.6875,-12,14.7,3,
644,2026-09-02,14:31:02.74961,140.00665,,2687.5,58,,4,35.9375,772,74.1176470588235,0,22,15.4,-40,,0,4.6875,0,,,,,,,,,,,,2.89044,187.5,0.9765625,0,0,4.6875,-12,14.7,0,
645,2026-09-02,14:31:02.96945,140.22135,,2718.75,58,,3,35.3125,773,73.7254901960784,0,24,14.8,-40,,0,4.6875,0,,,,,,,,,,,,2.94903,187.5,2.1484375,0,0,4.6875,-12,14.7,25,
646,2026-09-02,14:31:03.15731,140.41562,,2781.25,58,,3,35.3125,772,73.3333333333333,0,24,14.5,-40,,0,4.6875,0,,,,,,,,,,,,2.65608,193.75,3.125,0,0,4.6875,-12,14.7,13,
647,2026-09-02,14:31:03.43858,140.69065,,2812.5,60,,3,34.0625,772,70.9803921568627,0,26,14.3,-40,,0,4.6875,0,,,,,,,,,,,,2.7342,187.5,2.734375,0,0,4.6875,-12,14.7,12,
648,2026-09-02,14:31:03.65781,140.91485,,2875,60,,3,33.75,772,70.5882352941177,0,26,14.6,-40,,0,4.6875,0,,,,,,,,,,,,2.85138,187.5,2.1484375,0,0,4.6875,-12,14.7,24,
649,2026-09-02,14:31:03.92417,141.1802,,2906.25,60,,2,31.25,772,66.2745098039216,0,28,14.7,-40,,0,4.6875,0,,,,,,,,,,,,2.75373,181.25,2.9296875,0,0,4.6875,-12,14.7,6,
650,2026-09-02,14:31:04.15930,141.41449,,2937.5,64,,3,30.9375,772,66.2745098039216,0,28,14,-40,,0,4.6875,0,,,,,,,,,,,,2.63655,175,2.9296875,0,0,4.6875,-12,14.7,8,
651,2026-09-02,14:31:04.42537,141.6739,,2968.75,64,,3,23.4375,772,53.7254901960784,0,37,14.6,-40,,0,4.6875,0,,,,,,,,,,,,2.26548,112.5,1.953125,0,0,4.6875,-12,14.7,1,
652,2026-09-02,14:31:04.64462,141.89342,,3000,64,,0,15.9375,772,38.8235294117647,0,41,14.2,-40,,0,4.6875,0,,,,,,,,,,,,2.22642,93.75,0.9765625,0,0,4.6875,-12,14.7,25,
653,2026-09-02,14:31:04.86327,142.11834,,3031.25,64,,0,13.75,772,35.2941176470588,0,41,14.2,-40,,0,4.6875,0,,,,,,,,,,,,2.16783,81.25,0.1953125,0,0,4.6875,-12,14.7,7,
654,2026-09-02,14:31:05.08311,142.33251,,2968.75,64,,0,12.8125,773,32.9411764705882,0,42,14.2,-40,,0,4.6875,0,,,,,,,,,,,,2.08971,68.75,-0.5859375,0,0,4.6875,-12,14.7,25,
655,2026-09-02,14:31:05.31720,142.56756,,2968.75,64,,0,10.9375,772,29.8039215686275,0,41,14.6,-40,,0,4.6875,0,,,,,,,,,,,,1.83582,50,-1.3671875,0,0,4.6875,-12,14.7,8,
656,2026-09-02,14:31:05.50466,142.75678,,2906.25,64,,0,5.3125,772,19.2156862745098,0,6,15.5,-40,,0,4.6875,0,,,,,,,,,,,,1.67958,31.25,0,0,0,4.6875,-12,14.7,6,
657,2026-09-02,14:31:05.70868,142.95453,,2937.5,64,,0,4.375,772,16.8627450980392,0,5,17.4,-40,,0,4.6875,0,,,,,,,,,,,,1.58193,25,0,0,0,4.6875,-12,14.7,3,
658,2026-09-02,14:31:05.92787,143.17637,,2906.25,64,,0,3.75,772,16.078431372549,0,5,15.5,-40,,0,4.6875,0,,,,,,,,,,,,1.62099,25,0,0,0,4.6875,-12,14.7,2,
659,2026-09-02,14:31:06.14713,143.39603,,2906.25,62,,0,3.75,772,15.2941176470588,0,4,16.2,-40,,0,4.6875,0,,,,,,,,,,,,1.54287,18.75,0,0,0,4.6875,-12,14.7,18,
660,2026-09-02,14:31:06.38198,143.63586,,2875,62,,0,3.4375,772,14.9019607843137,0,4,16.8,-40,,0,4.6875,0,,,,,,,,,,,,1.52334,18.75,0,0,0,4.6875,-11,14.7,11,
661,2026-09-02,14:31:06.61635,143.8652,,2812.5,62,,0,3.125,772,14.9019607843137,0,3,15.9,-40,,0,4.6875,0,,,,,,,,,,,,1.50381,18.75,0,0,0,4.6875,-12,14.7,16,
662,2026-09-02,14:31:06.86681,144.11277,,2781.25,60,,0,3.125,772,14.1176470588235,0,3,15.7,-40,,0,4.6875,0,,,,,,,,,,,,1.48428,18.75,0,0,0,4.6875,-11,14.7,6,
663,2026-09-02,14:31:07.10172,144.35927,,2718.75,60,,0,2.8125,771,13.7254901960784,0,1,16.7,-40,,0,4.6875,0,,,,,,,,,,,,1.44522,12.5,0,0,0,4.6875,-12,14.7,10,
664,2026-09-02,14:31:07.32095,144.57458,,2656.25,60,,0,2.5,772,13.3333333333333,0,1,23.1,-40,,0,4.6875,0,,,,,,,,,,,,1.54287,18.75,0,0,0,4.6875,-12,14.7,22,
665,2026-09-02,14:31:07.62309,144.87893,,2656.25,56,,0,3.75,772,14.5098039215686,0,0,38.5,-40,,0,4.6875,0,,,,,,,,,,,,1.54287,18.75,0,0,0,4.6875,-11,14.7,18,
666,2026-09-02,14:31:07.86895,145.1236,,2625,56,,0,3.75,772,14.5098039215686,0,0,62.5,-40,,0,4.6875,0,,,,,,,,,,,,1.58193,18.75,0,0,0,4.6875,-12,14.7,16,
667,2026-09-02,14:31:08.10381,145.35799,,2593.75,56,,0,3.75,772,14.1176470588235,0,-1,80.9,-40,,0,4.6875,0,,,,,,,,,,,,1.52334,18.75,0,0,0,4.6875,-11,14.7,24,
668,2026-09-02,14:31:08.33836,145.5847,,2531.25,54,,0,3.75,772,14.1176470588235,0,-2,96,-40,,0,4.6875,0,,,,,,,,,,,,1.50381,18.75,0,0,0,4.6875,-11,14.7,25,
669,2026-09-02,14:31:08.55813,145.80723,,2500,54,,0,3.75,772,14.1176470588235,0,-3,96,-40,,0,4.6875,0,,,,,,,,,,,,1.58193,18.75,0,0,0,4.6875,-11,14.7,11,
670,2026-09-02,14:31:08.77691,146.02412,,2437.5,54,,0,3.75,772,13.7254901960784,0,-3,96,-40,,0,4.6875,0,,,,,,,,,,,,1.54287,18.75,0,0,0,4.6875,-11,14.7,13,
671,2026-09-02,14:31:08.99574,146.24347,,2375,50,,0,4.0625,773,13.3333333333333,0,-4,96,-40,,0,4.6875,0,,,,,,,,,,,,1.58193,18.75,0,0,0,4.6875,-11,14.7,2,
672,2026-09-02,14:31:09.21444,146.471,,2312.5,50,,0,4.0625,772,13.3333333333333,0,-5,96,-40,,0,4.6875,0,,,,,,,,,,,,1.58193,18.75,0,0,0,4.6875,-11,14.7,5,
673,2026-09-02,14:31:09.43367,146.68381,,2250,50,,0,4.0625,772,13.3333333333333,0,-6,96,-40,,0,4.6875,0,,,,,,,,,,,,1.52334,18.75,0,0,0,4.6875,-11,14.7,0,
674,2026-09-02,14:31:09.71536,146.96274,,2250,48,,0,4.0625,772,13.3333333333333,0,-7,99.9,-40,,0,4.6875,0,,,,,,,,,,,,1.46475,18.75,0,0,0,4.6875,-11,14.7,9,
675,2026-09-02,14:31:09.93461,147.18276,,2156.25,48,,0,4.0625,772,13.7254901960784,0,-8,99.9,-40,,0,4.6875,0,,,,,,,,,,,,1.60146,18.75,0,0,0,4.6875,-11,14.7,3,
676,2026-09-02,14:31:10.16952,147.41919,,2093.75,48,,0,4.375,772,14.1176470588235,0,-9,99.9,-40,,0,4.6875,0,,,,,,,,,,,,1.48428,18.75,0,0,0,4.6875,-11,14.7,5,
677,2026-09-02,14:31:10.35750,147.61401,,2031.25,44,,0,4.375,772,14.5098039215686,0,-10,99.9,-40,,0,4.6875,0,,,,,,,,,,,,1.48428,18.75,0,0,0,4.6875,-11,14.7,24,
678,2026-09-02,14:31:10.54545,147.79874,,1968.75,44,,0,4.375,772,14.9019607843137,0,-9,99.9,-40,,0,4.6875,0,,,,,,,,,,,,1.50381,18.75,0,0,0,4.6875,-11,14.7,13,
679,2026-09-02,14:31:10.71745,147.96602,,1906.25,44,,0,4.375,772,14.9019607843137,0,9,99.9,-40,,0,4.6875,0,,,,,,,,,,,,1.54287,12.5,0,0,0,4.6875,-11,14.7,1,
680,2026-09-02,14:31:10.88942,148.14353,,1875,44,,0,4.0625,772,14.9019607843137,0,10,99.9,-40,,0,4.6875,0,,,,,,,,,,,,1.38663,12.5,0,0,0,4.6875,-11,14.7,15,
681,2026-09-02,14:31:11.09336,148.34315,,1812.5,38,,0,4.0625,772,14.9019607843137,0,20,99.9,-40,,0,4.6875,0,,,,,,,,,,,,1.3671,12.5,0,0,0,4.6875,-11,14.7,2,
682,2026-09-02,14:31:11.26540,148.51798,,1750,38,,0,4.0625,772,14.9019607843137,0,20,99.9,-40,,0,4.6875,0,,,,,,,,,,,,1.38663,12.5,0,0,0,4.6875,-11,14.7,2,
683,2026-09-02,14:31:11.42139,148.67266,,1687.5,38,,0,4.0625,772,14.9019607843137,0,20,99.9,-40,,0,4.6875,0,,,,,,,,,,,,1.50381,12.5,0,0,0,4.6875,-11,14.7,7,
684,2026-09-02,14:31:11.59390,148.84234,,1656.25,38,,0,4.0625,772,14.9019607843137,0,20,99.9,-40,,0,4.6875,0,,,,,,,,,,,,1.50381,12.5,0,0,0,4.6875,-11,14.7,3,
685,2026-09-02,14:31:11.78235,149.03181,,1625,34,,0,4.0625,772,14.9019607843137,0,20,99.9,-40,,0,4.6875,0,,,,,,,,,,,,1.52334,12.5,0,0,0,4.6875,-11,14.7,5,
686,2026-09-02,14:31:11.95373,149.20212,,1562.5,34,,0,4.375,772,14.9019607843137,0,20,99.9,-40,,0,4.6875,0,,,,,,,,,,,,1.52334,12.5,0,0,0,4.6875,-11,14.7,5,
687,2026-09-02,14:31:12.11046,149.3665,,1531.25,34,,0,4.375,772,14.9019607843137,0,20,99.9,-40,,0,4.6875,0,,,,,,,,,,,,1.44522,12.5,0,0,0,4.6875,-11,14.7,5,
688,2026-09-02,14:31:12.28300,149.54147,,1531.25,34,,0,4.375,773,14.9019607843137,0,20,99.9,-40,,0,4.6875,0,,,,,,,,,,,,1.48428,12.5,0,0,0,4.6875,-11,14.7,1,
689,2026-09-02,14:31:12.48656,149.73634,,1531.25,32,,0,4.6875,771,14.9019607843137,0,20,99.9,-40,,0,4.6875,0,,,,,,,,,,,,1.46475,12.5,0,0,0,4.6875,-11,14.7,4,
690,2026-09-02,14:31:12.65836,149.91017,,1500,32,,0,4.6875,771,14.9019607843137,0,20,99.9,-40,,0,4.6875,0,,,,,,,,,,,,1.54287,12.5,0,0,0,4.6875,-11,14.7,0,
691,2026-09-02,14:31:12.84677,150.09541,,1468.75,32,,0,4.6875,772,15.2941176470588,0,20,99.9,-40,,0,4.6875,0,,,,,,,,,,,,1.3671,12.5,0,0,0,4.6875,-11,14.7,2,
692,2026-09-02,14:31:13.06600,150.31484,,1250,32,,0,5.625,772,16.078431372549,0,20,99.9,-40,,0,4.6875,0,,,,,,,,,,,,1.46475,12.5,0,0,0,4.6875,-11,14.7,2,
693,2026-09-02,14:31:13.25353,150.50988,,1031.25,32,,0,6.5625,772,18.4313725490196,0,0,99.9,-40,,0,4.6875,0,,,,,,,,,,,,1.52334,12.5,0,0,0,4.6875,-11,14.7,2,
694,2026-09-02,14:31:13.44103,150.6993,,968.75,32,,0,6.875,772,18.8235294117647,0,20,99.9,-40,,0,4.6875,0,,,,,,,,,,,,1.52334,12.5,0,0,0,4.6875,-11,14.7,3,
695,2026-09-02,14:31:13.62947,150.88427,,906.25,32,,0,7.1875,772,19.2156862745098,0,17,99.9,-40,,0,4.6875,0,,,,,,,,,,,,1.3671,12.5,0,0,0,4.6875,-11,14.7,2,
696,2026-09-02,14:31:13.88007,151.12871,,843.75,28,,0,7.5,772,20.3921568627451,0,16,89.3,-40,,0,4.6875,0,,,,,,,,,,,,1.40616,12.5,0,0,0,4.6875,-11,14.7,6,
697,2026-09-02,14:31:14.09930,151.34636,,781.25,28,,0,8.125,772,21.5686274509804,0,14,30.9,-40,,0,4.6875,0,,,,,,,,,,,,1.42569,12.5,0,0,0,4.6875,-11,14.7,1,
698,2026-09-02,14:31:14.33417,151.5806,,750,28,,0,8.75,772,22.7450980392157,0,12,16.9,-40,,0,4.6875,0,,,,,,,,,,,,1.3671,12.5,0,0,0,4.6875,-11,14.7,0,
699,2026-09-02,14:31:14.59985,151.85752,,718.75,26,,0,8.75,772,23.5294117647059,0,11,14.8,-40,,0,4.6875,0,,,,,,,,,,,,1.44522,12.5,0,0,0,4.6875,-11,14.7,1,
700,2026-09-02,14:31:14.83413,152.0847,,718.75,26,,0,9.0625,772,24.3137254901961,0,12,13.9,-40,,0,4.6875,0,,,,,,,,,,,,1.52334,12.5,0,0,0,4.6875,-11,14.7,1,
701,2026-09-02,14:31:15.06905,152.32198,,687.5,26,,0,9.375,773,25.0980392156863,0,10,13.8,-40,,0,4.6875,0,,,,,,,,,,,,1.52334,12.5,0,0,0,4.6875,-11,14.7,2,
702,2026-09-02,14:31:15.35111,152.60154,,718.75,24,,0,9.375,772,25.0980392156863,0,10,13.7,-40,,0,4.6875,0,,,,,,,,,,,,2.1483,18.75,0,0,0,4.6875,-11,14.7,2,
703,2026-09-02,14:31:15.53890,152.79073,,812.5,24,,0,22.1875,772,47.4509803921569,0,7,13.8,-40,,0,4.6875,0,,,,,,,,,,,,1.44522,43.75,0.1953125,0,0,4.6875,-11,14.7,3,
704,2026-09-02,14:31:15.77394,153.03126,,1375,24,,0,17.1875,772,36.8627450980392,0,19,13.4,-40,,0,4.6875,0,,,,,,,,,,,,2.24595,68.75,0.390625,0,0,4.6875,-11,14.7,10,
705,2026-09-02,14:31:16.04031,153.28526,,1687.5,26,,0,28.4375,772,57.2549019607843,0,16,13.2,-40,,0,4.6875,0,,,,,,,,,,,,2.28501,100,-0.1953125,0,0,4.6875,-11,14.7,4,
706,2026-09-02,14:31:16.27537,153.5249,,1781.25,26,,0,22.8125,772,50.1960784313725,0,40,13.5,-40,,0,4.6875,0,,,,,,,,,,,,1.58193,56.25,-0.78125,0,0,4.6875,-11,14.7,15,
707,2026-09-02,14:31:16.52558,153.7772,,1843.75,26,,0,10,772,26.6666666666667,0,32,13.8,-40,,0,4.6875,0,,,,,,,,,,,,1.48428,31.25,-1.3671875,0,0,4.6875,-11,14.7,8,
708,2026-09-02,14:31:16.72842,153.98433,,1875,26,,0,6.25,772,19.2156862745098,0,29,14.3,-40,,0,4.6875,0,,,,,,,,,,,,1.44522,18.75,0,0,0,4.6875,-11,14.7,4,
709,2026-09-02,14:31:16.94758,154.204,,1656.25,26,,0,5.3125,772,18.0392156862745,0,37,15.5,-40,,0,4.6875,0,,,,,,,,,,,,1.42569,12.5,0,0,0,4.6875,-11,14.7,3,
710,2026-09-02,14:31:17.16674,154.4237,,1468.75,26,,0,5,772,16.4705882352941,0,34,19.2,-40,,0,4.6875,0,,,,,,,,,,,,1.38663,12.5,0,0,0,4.6875,-11,14.7,5,
711,2026-09-02,14:31:17.37042,154.62087,,1312.5,26,,0,5,772,16.8627450980392,0,20,20.8,-40,,0,4.6875,0,,,,,,,,,,,,1.5624,12.5,0,0,0,4.6875,-11,14.7,2,
712,2026-09-02,14:31:17.57439,154.82813,,1093.75,26,,0,6.5625,772,18.4313725490196,0,5,22.3,-40,,0,4.6875,0,,,,,,,,,,,,1.3671,12.5,0,0,0,4.6875,-11,14.7,3,
713,2026-09-02,14:31:17.80888,155.05625,,968.75,26,,0,6.875,772,18.4313725490196,0,21,22.4,-40,,0,4.6875,0,,,,,,,,,,,,1.52334,12.5,0,0,0,4.6875,-11,14.7,1,
714,2026-09-02,14:31:18.02844,155.27491,,875,26,,0,7.1875,772,19.6078431372549,0,18,26.5,-40,,0,4.6875,0,,,,,,,,,,,,1.54287,12.5,0,0,0,4.6875,-10,14.7,2,
715,2026-09-02,14:31:18.27878,155.53155,,812.5,24,,0,7.8125,772,20.3921568627451,0,16,27.2,-40,,0,4.6875,0,,,,,,,,,,,,1.48428,12.5,0.1953125,0,0,4.6875,-11,14.7,3,
716,2026-09-02,14:31:18.49780,155.74437,,750,24,,0,8.4375,772,21.5686274509804,0,15,24.3,-40,,0,4.6875,0,,,,,,,,,,,,1.48428,12.5,0.390625,0,0,4.6875,-11,14.7,1,
717,2026-09-02,14:31:18.73248,155.97632,,687.5,24,,0,10.625,772,25.8823529411765,0,13,20.7,-40,,0,4.6875,0,,,,,,,,,,,,1.5624,12.5,0.5859375,0,0,4.6875,-11,14.7,1,
718,2026-09-02,14:31:18.92076,156.17593,,718.75,24,,0,11.875,772,27.843137254902,0,10,19.6,-40,,0,4.6875,0,,,,,,,,,,,,1.60146,18.75,0.5859375,0,0,4.6875,-11,14.7,0,
719,2026-09-02,14:31:19.15539,156.41043,,718.75,24,,0,12.1875,772,29.0196078431373,0,9,17.7,-40,,0,4.6875,0,,,,,,,,,,,,1.54287,18.75,0.5859375,0,0,4.6875,-11,14.7,1,
720,2026-09-02,14:31:19.37433,156.62495,,718.75,24,,0,12.1875,772,29.4117647058824,0,10,16,-40,,0,4.6875,0,,,,,,,,,,,,1.44522,18.75,0.78125,0,0,4.6875,-11,14.7,1,
721,2026-09-02,14:31:19.60990,156.86458,,750,22,,0,11.875,772,29.4117647058824,0,9,14.4,-40,,0,4.6875,0,,,,,,,,,,,,1.44522,18.75,0.78125,0,0,4.6875,-11,14.7,4,
722,2026-09-02,14:31:19.85984,157.11465,,750,22,,0,11.875,772,29.0196078431373,0,9,14.1,-40,,0,4.6875,0,,,,,,,,,,,,1.58193,18.75,0.78125,0,0,4.6875,-11,14.7,2,
723,2026-09-02,14:31:20.06383,157.31902,,781.25,22,,0,11.5625,773,28.6274509803922,0,11,14.2,-40,,0,4.6875,0,,,,,,,,,,,,1.46475,18.75,0.9765625,0,0,4.6875,-11,14.7,2,
724,2026-09-02,14:31:20.28306,157.53888,,781.25,20,,0,11.5625,772,28.2352941176471,0,10,14.3,-40,,0,4.6875,0,,,,,,,,,,,,1.62099,18.75,0.9765625,0,0,4.6875,-11,14.7,1,
725,2026-09-02,14:31:20.50142,157.75141,,812.5,20,,0,20.625,772,37.6470588235294,0,12,14.7,-40,,0,4.6875,0,,,,,,,,,,,,1.79676,37.5,1.171875,0,0,4.6875,-11,14.7,3,
726,2026-09-02,14:31:20.75222,158.00129,,1093.75,20,,0,18.4375,771,40,0,13,14.7,-40,,0,4.6875,0,,,,,,,,,,,,2.03112,43.75,1.7578125,0,0,4.6875,-11,14.7,0,
727,2026-09-02,14:31:21.00249,158.25716,,1437.5,20,,0,14.6875,772,35.6862745098039,0,22,12.2,-40,,0,4.6875,0,,,,,,,,,,,,1.58193,37.5,1.3671875,0,0,4.6875,-11,14.7,7,
728,2026-09-02,14:31:21.22116,158.46914,,1500,20,,0,15,773,33.3333333333333,0,28,12.7,-40,,0,4.6875,0,,,,,,,,,,,,1.79676,43.75,0.9765625,0,0,4.6875,-11,14.7,2,
729,2026-09-02,14:31:21.44038,158.69131,,1562.5,20,,0,11.5625,772,27.0588235294118,0,29,14.3,-40,,0,4.6875,0,,,,,,,,,,,,1.58193,31.25,0.5859375,0,0,4.6875,-11,14.7,2,
730,2026-09-02,14:31:21.64402,158.8967,,1437.5,20,,0,8.75,772,22.7450980392157,0,26,14.3,-40,,0,4.6875,0,,,,,,,,,,,,1.69911,25,0.1953125,0,0,4.6875,-11,14.7,0,
731,2026-09-02,14:31:21.86270,159.11574,,1218.75,20,,0,14.0625,772,29.4117647058824,0,22,14.3,-40,,0,4.6875,0,,,,,,,,,,,,1.91394,43.75,0,0,0,4.6875,-11,14.7,1,
732,2026-09-02,14:31:22.08212,159.33585,,1406.25,20,,0,20.9375,772,41.9607843137255,0,24,14.9,-40,,0,4.6875,0,,,,,,,,,,,,2.12877,56.25,-0.390625,0,0,4.6875,-11,14.7,1,
733,2026-09-02,14:31:22.31624,159.56495,,1406.25,20,,0,31.875,773,63.5294117647059,0,9,12.9,-40,,0,4.6875,0,,,,,,,,,,,,2.40219,100,-0.78125,0,0,4.6875,-11,14.7,5,
734,2026-09-02,14:31:22.58281,159.84008,,1437.5,22,,0,36.25,773,74.5098039215686,0,8,13.5,-40,,0,4.6875,0,,,,,,,,,,,,2.32407,100,-1.3671875,0,0,4.6875,-11,14.7,1,
735,2026-09-02,14:31:22.83343,160.0797,,1531.25,22,,0,35.625,772,73.3333333333333,0,9,14.5,-40,,0,4.6875,0,,,,,,,,,,,,2.32407,106.25,-1.7578125,0,0,4.6875,-11,14.7,2,
736,2026-09-02,14:31:23.05247,160.30934,,1593.75,24,,0,35.625,772,72.9411764705882,0,11,14.7,-40,,0,4.6875,0,,,,,,,,,,,,2.46078,112.5,-2.34375,0,0,4.6875,-11,14.7,5,
737,2026-09-02,14:31:23.28732,160.54393,,1656.25,24,,0,35.3125,773,72.5490196078431,0,12,15.3,-40,,0,4.6875,0,,,,,,,,,,,,2.42172,118.75,-2.34375,0,0,4.6875,-11,14.7,4,
738,2026-09-02,14:31:23.49041,160.7436,,1750,24,,0,33.75,773,69.8039215686274,0,14,15.2,-40,,0,4.6875,0,,,,,,,,,,,,2.40219,112.5,-1.5625,0,0,4.6875,-11,14.7,2,
739,2026-09-02,14:31:23.70969,160.96268,,1843.75,24,,0,32.1875,772,68.2352941176471,0,16,15.1,-40,,0,4.6875,0,,,,,,,,,,,,2.42172,112.5,-0.9765625,0,0,4.6875,-11,14.7,1,
740,2026-09-02,14:31:23.99104,161.23798,,1906.25,28,,0,31.25,772,67.843137254902,0,17,14.6,-40,,0,4.6875,0,,,,,,,,,,,,2.44125,112.5,-0.1953125,0,0,4.6875,-11,14.7,5,
741,2026-09-02,14:31:24.22591,161.47507,,2000,28,,0,30.625,772,67.0588235294118,0,18,14.5,-40,,0,4.6875,0,,,,,,,,,,,,2.38266,118.75,0.78125,0,0,4.6875,-11,14.7,10,
742,2026-09-02,14:31:24.42945,161.68719,,2062.5,30,,0,29.6875,772,65.0980392156863,0,22,14.5,-40,,0,4.6875,0,,,,,,,,,,,,2.46078,118.75,1.5625,0,0,4.6875,-11,14.7,29,
743,2026-09-02,14:31:24.64877,161.90685,,2093.75,30,,1,29.0625,772,63.1372549019608,0,23,14.6,-40,,0,4.6875,0,,,,,,,,,,,,2.49984,118.75,1.953125,0,0,4.6875,-11,14.7,16,
744,2026-09-02,14:31:24.89925,162.14638,,2156.25,30,,1,28.75,772,61.9607843137255,0,24,14.5,-40,,0,4.6875,0,,,,,,,,,,,,2.48031,125,1.171875,0,0,4.6875,-11,14.7,10,
745,2026-09-02,14:31:25.08753,162.34607,,2218.75,30,,1,28.4375,772,61.5686274509804,0,27,15,-40,,0,4.6875,0,,,,,,,,,,,,2.49984,125,0.9765625,0,0,4.6875,-11,14.7,3,
746,2026-09-02,14:31:25.35305,162.60252,,2312.5,34,,1,28.125,773,61.1764705882353,0,28,14.7,-40,,0,4.6875,0,,,,,,,,,,,,2.49984,125,2.1484375,0,0,4.6875,-11,14.7,1,
747,2026-09-02,14:31:25.55703,162.81494,,2375,34,,0,27.8125,772,59.2156862745098,0,30,14.5,-40,,0,4.6875,0,,,,,,,,,,,,2.36313,125,2.5390625,0,0,4.6875,-11,14.7,15,
748,2026-09-02,14:31:25.77622,163.02994,,2437.5,34,,0,24.375,773,52.156862745098,0,34,14.1,-40,,0,4.6875,0,,,,,,,,,,,,2.38266,112.5,1.953125,0,0,4.6875,-11,14.7,13,
749,2026-09-02,14:31:26.04225,163.29911,,2468.75,38,,0,22.8125,772,49.8039215686275,0,38,13.9,-40,,0,4.6875,0,,,,,,,,,,,,2.30454,106.25,1.3671875,0,0,4.6875,-11,14.7,28,
750,2026-09-02,14:31:26.29241,163.54148,,2531.25,38,,0,20,772,44.7058823529412,0,40,13.9,-40,,0,4.6875,0,,,,,,,,,,,,2.30454,93.75,0.5859375,0,0,4.6875,-11,14.7,10,
751,2026-09-02,14:31:26.49534,163.75388,,2562.5,38,,0,18.4375,772,41.9607843137255,0,41,14.2,-40,,0,4.6875,0,,,,,,,,,,,,2.26548,93.75,-0.390625,0,0,4.6875,-11,14.7,19,
752,2026-09-02,14:31:26.76147,164.01097,,2625,38,,0,17.8125,773,40.7843137254902,0,42,14.5,-40,,0,4.6875,0,,,,,,,,,,,,2.24595,87.5,-1.171875,0,0,4.6875,-11,14.7,16,
753,2026-09-02,14:31:26.98086,164.23802,,2625,38,,0,17.1875,772,39.6078431372549,0,42,14.5,-40,,0,4.6875,0,,,,,,,,,,,,2.26548,87.5,-1.953125,0,0,4.6875,-12,14.7,12,
754,2026-09-02,14:31:27.20015,164.45099,,2687.5,38,,0,17.5,772,40.3921568627451,0,42,14.5,-40,,0,4.6875,0,,,,,,,,,,,,2.26548,87.5,-2.734375,0,0,4.6875,-11,14.7,1,
755,2026-09-02,14:31:27.45060,164.70733,,2656.25,40,,0,16.875,772,40,0,42,14.8,-40,,0,4.6875,0,,,,,,,,,,,,2.24595,87.5,-3.515625,0,0,4.6875,-11,14.7,0,
756,2026-09-02,14:31:27.66994,164.91952,,2718.75,40,,0,16.5625,772,39.6078431372549,0,42,15.3,-40,,0,4.6875,0,,,,,,,,,,,,2.22642,87.5,-2.9296875,0,0,4.6875,-12,14.7,0,
757,2026-09-02,14:31:27.92060,165.17146,,2750,40,,0,16.25,773,39.6078431372549,0,43,14.8,-40,,0,4.6875,0,,,,,,,,,,,,2.18736,87.5,-1.7578125,0,0,4.6875,-12,14.7,26,
758,2026-09-02,14:31:28.15251,165.39625,,2781.25,42,,0,15.3125,772,39.2156862745098,0,44,14.5,-40,,0,4.6875,0,,,,,,,,,,,,2.01159,75,-0.390625,0,0,4.6875,-11,14.7,30,
759,2026-09-02,14:31:28.40578,165.6506,,2812.5,42,,0,6.875,772,23.921568627451,0,7,14.4,-40,,0,4.6875,0,,,,,,,,,,,,1.5624,31.25,-1.3671875,0,0,4.6875,-11,14.7,40,
760,2026-09-02,14:31:28.60972,165.86496,,2593.75,42,,0,4.375,772,17.2549019607843,0,-2,16.7,-40,,0,4.6875,0,,,,,,,,,,,,1.54287,18.75,0,0,0,4.6875,-12,14.7,12,
761,2026-09-02,14:31:28.82888,166.08497,,2312.5,42,,0,4.375,773,14.9019607843137,0,-6,17.5,-40,,0,4.6875,0,,,,,,,,,,,,1.54287,18.75,0,0,0,4.6875,-12,14.7,0,
762,2026-09-02,14:31:29.04749,166.2975,,2031.25,42,,0,4.375,772,14.9019607843137,0,-5,23.2,-40,,0,4.6875,0,,,,,,,,,,,,1.48428,18.75,0,0,0,4.6875,-12,14.7,0,
763,2026-09-02,14:31:29.29790,166.54885,,1781.25,42,,0,11.5625,772,24.3137254901961,0,33,18.8,-40,,0,4.6875,0,,,,,,,,,,,,2.38266,75,0.390625,0,0,4.6875,-12,14.7,13,
764,2026-09-02,14:31:29.53223,166.779,,2000,42,,0,28.75,773,55.6862745098039,0,20,12.3,-40,,0,4.6875,0,,,,,,,,,,,,2.40219,112.5,0.9765625,0,0,4.6875,-12,14.7,5,
765,2026-09-02,14:31:29.76736,167.0171,,1937.5,42,,0,32.1875,773,68.6274509803922,0,16,13.1,-40,,0,4.6875,0,,,,,,,,,,,,2.48031,125,0.1953125,0,0,4.6875,-12,14.7,7,
766,2026-09-02,14:31:29.98657,167.23812,,1937.5,42,,0,26.25,772,59.6078431372549,0,27,14.7,-40,,0,4.6875,0,,,,,,,,,,,,2.10924,93.75,-0.390625,0,0,4.6875,-12,14.7,5,
767,2026-09-02,14:31:30.20521,167.45586,,1968.75,44,,0,20.3125,773,48.6274509803922,0,36,14.8,-40,,0,4.6875,0,,,,,,,,,,,,1.93347,75,-0.390625,0,0,4.6875,-12,14.7,7,
768,2026-09-02,14:31:30.40932,167.66763,,2000,44,,0,13.125,772,34.5098039215686,0,41,14.4,-40,,0,4.6875,0,,,,,,,,,,,,1.81629,50,-0.390625,0,0,4.6875,-11,14.7,6,
769,2026-09-02,14:31:30.65987,167.9116,,2031.25,44,,0,10,772,28.2352941176471,0,41,14,-40,,0,4.6875,0,,,,,,,,,,,,1.79676,37.5,-0.9765625,0,0,4.6875,-11,14.7,12,
770,2026-09-02,14:31:30.87920,168.13135,,2031.25,44,,0,8.75,772,24.7058823529412,0,31,15.4,-40,,0,4.6875,0,,,,,,,,,,,,1.77723,31.25,-1.5625,0,0,4.6875,-12,14.7,5,
771,2026-09-02,14:31:31.09852,168.35605,,2031.25,44,,0,8.4375,772,23.5294117647059,0,27,16,-40,,0,4.6875,0,,,,,,,,,,,,1.81629,31.25,-0.9765625,0,0,4.6875,-11,14.7,5,
772,2026-09-02,14:31:31.30211,168.55055,,2031.25,44,,0,8.4375,773,23.1372549019608,0,27,16.8,-40,,0,4.6875,0,,,,,,,,,,,,1.77723,31.25,-0.390625,0,0,4.6875,-12,14.7,2,
773,2026-09-02,14:31:31.50524,168.75019,,2000,44,,0,8.125,773,22.3529411764706,0,24,17,-40,,0,4.6875,0,,,,,,,,,,,,1.71864,31.25,0.1953125,0,0,4.6875,-12,14.7,4,
774,2026-09-02,14:31:31.66196,168.91489,,1968.75,44,,0,7.5,772,20.7843137254902,0,15,16.6,-40,,0,4.6875,0,,,,,,,,,,,,1.71864,31.25,0.78125,0,0,4.6875,-12,14.7,10,
775,2026-09-02,14:31:31.83435,169.08466,,2000,44,,0,7.1875,772,20.7843137254902,0,16,15.6,-40,,0,4.6875,0,,,,,,,,,,,,1.73817,25,1.171875,0,0,4.6875,-12,14.7,3,
776,2026-09-02,14:31:32.02177,169.26753,,2000,44,,0,7.1875,772,20,0,11,14.8,-40,,0,4.6875,0,,,,,,,,,,,,1.58193,25,1.7578125,0,0,4.6875,-12,14.7,6,
777,2026-09-02,14:31:32.17881,169.42691,,1937.5,44,,0,6.5625,773,18.8235294117647,0,7,14.7,-40,,0,4.6875,0,,,,,,,,,,,,1.58193,25,2.1484375,0,0,4.6875,-12,14.7,16,
778,2026-09-02,14:31:32.35070,169.6044,,1937.5,42,,0,6.25,772,18.0392156862745,0,8,14.3,-40,,0,4.6875,0,,,,,,,,,,,,1.66005,25,2.5390625,0,0,4.6875,-12,14.7,9,
779,2026-09-02,14:31:32.50655,169.75891,,1937.5,42,,0,6.25,772,17.6470588235294,0,11,14.3,-40,,0,4.6875,0,,,,,,,,,,,,1.66005,25,2.34375,0,0,4.6875,-12,14.7,1,
780,2026-09-02,14:31:32.69515,169.93874,,1937.5,42,,0,6.25,773,18.0392156862745,0,10,14.2,-40,,0,4.6875,0,,,,,,,,,,,,1.64052,25,1.7578125,0,0,4.6875,-11,14.7,2,
781,2026-09-02,14:31:32.86770,170.11624,,1906.25,42,,0,6.25,772,18.0392156862745,0,13,14,-40,,0,4.6875,0,,,,,,,,,,,,1.50381,25,1.3671875,0,0,4.6875,-11,14.7,19,
782,2026-09-02,14:31:33.05537,170.31336,,1906.25,40,,0,5.9375,772,18.0392156862745,0,11,14.1,-40,,0,4.6875,0,,,,,,,,,,,,1.52334,18.75,0.9765625,0,0,4.6875,-11,14.7,7,
783,2026-09-02,14:31:33.24332,170.49283,,1875,40,,0,5.9375,773,18.0392156862745,0,14,13.9,-40,,0,4.6875,0,,,,,,,,,,,,1.5624,18.75,0.5859375,0,0,4.6875,-12,14.7,9,
784,2026-09-02,14:31:33.43082,170.68769,,1875,40,,0,5.625,771,17.6470588235294,0,15,14.5,-40,,0,4.6875,0,,,,,,,,,,,,1.62099,18.75,0,0,0,4.6875,-12,14.7,7,
785,2026-09-02,14:31:33.65020,170.90076,,1843.75,40,,0,7.8125,772,19.6078431372549,0,31,15.5,-40,,0,4.6875,0,,,,,,,,,,,,2.08971,37.5,-0.1953125,0,0,4.6875,-11,14.7,0,
786,2026-09-02,14:31:33.86974,171.11907,,1937.5,40,,0,20.625,773,40,0,34,15.3,-40,,0,4.6875,0,,,,,,,,,,,,2.36313,81.25,0.5859375,0,0,4.6875,-12,14.7,21,
787,2026-09-02,14:31:34.08832,171.34667,,1906.25,40,,1,26.25,772,54.5098039215686,0,23,12.6,-40,,0,4.6875,0,,,,,,,,,,,,2.08971,93.75,0.390625,0,0,4.6875,-12,14.7,8,
788,2026-09-02,14:31:34.30790,171.5564,,1875,40,,0,17.1875,773,41.1764705882353,0,36,13,-40,,0,4.6875,0,,,,,,,,,,,,1.5624,56.25,0,0,0,4.6875,-11,14.7,9,
789,2026-09-02,14:31:34.51147,171.75609,,1906.25,40,,0,9.375,773,27.0588235294118,0,37,13,-40,,0,4.6875,0,,,,,,,,,,,,1.66005,31.25,-0.5859375,0,0,4.6875,-11,14.7,2,
790,2026-09-02,14:31:34.73062,171.98584,,1906.25,40,,0,7.1875,773,21.9607843137255,0,21,13,-40,,0,4.6875,0,,,,,,,,,,,,1.58193,25,-1.171875,0,0,4.6875,-12,14.7,10,
791,2026-09-02,14:31:34.96552,172.22036,,1937.5,40,,0,5.9375,772,19.2156862745098,0,15,14.2,-40,,0,4.6875,0,,,,,,,,,,,,1.60146,18.75,0,0,0,4.6875,-12,14.7,2,
792,2026-09-02,14:31:35.18482,172.43999,,1875,40,,0,5.3125,773,17.2549019607843,0,13,15.9,-40,,0,4.6875,0,,,,,,,,,,,,1.58193,18.75,0,0,0,4.6875,-12,14.7,2,
793,2026-09-02,14:31:35.40405,172.65433,,1843.75,40,,0,4.6875,772,16.4705882352941,0,11,18.3,-40,,0,4.6875,0,,,,,,,,,,,,1.42569,18.75,0,0,0,4.6875,-11,14.7,1,
794,2026-09-02,14:31:35.63874,172.88872,,1812.5,40,,0,4.375,772,16.078431372549,0,19,19,-40,,0,4.6875,0,,,,,,,,,,,,1.48428,12.5,0,0,0,4.6875,-12,14.7,0,
795,2026-09-02,14:31:35.82619,173.08364,,1781.25,38,,0,4.0625,772,15.2941176470588,0,21,19.3,-40,,0,4.6875,0,,,,,,,,,,,,1.44522,12.5,0,0,0,4.6875,-12,14.7,1,
796,2026-09-02,14:31:36.07667,173.32301,,1750,38,,0,3.75,772,15.2941176470588,0,20,18.2,-40,,0,4.6875,0,,,,,,,,,,,,1.38663,12.5,0,0,0,4.6875,-12,14.7,1,
797,2026-09-02,14:31:36.27977,173.53277,,1718.75,38,,0,4.0625,772,15.2941176470588,0,20,18.1,-40,,0,4.6875,0,,,,,,,,,,,,1.42569,12.5,0,0,0,4.6875,-12,14.7,1,
798,2026-09-02,14:31:36.49915,173.74784,,1718.75,36,,0,4.0625,772,15.2941176470588,0,20,23.4,-40,,0,4.6875,0,,,,,,,,,,,,1.52334,12.5,0,0,0,4.6875,-12,14.7,1,
799,2026-09-02,14:31:36.71819,173.97247,,1656.25,36,,0,4.0625,772,15.2941176470588,0,20,29.9,-40,,0,4.6875,0,,,,,,,,,,,,1.50381,12.5,0,0,0,4.6875,-12,14.7,2,
800,2026-09-02,14:31:36.92186,174.17215,,1625,36,,0,4.0625,772,15.2941176470588,0,20,38.9,-40,,0,4.6875,0,,,,,,,,,,,,1.42569,12.5,0,0,0,4.6875,-12,14.7,4,
801,2026-09-02,14:31:37.10974,174.36172,,1593.75,36,,0,4.375,773,14.9019607843137,0,20,58.2,-40,,0,4.6875,0,,,,,,,,,,,,1.42569,12.5,0,0,0,4.6875,-12,14.7,8,
802,2026-09-02,14:31:37.34454,174.5939,,1562.5,34,,0,4.375,773,14.9019607843137,0,20,73.1,-40,,0,4.6875,0,,,,,,,,,,,,1.52334,12.5,0,0,0,4.6875,-11,14.7,1,
803,2026-09-02,14:31:37.56325,174.82147,,1500,34,,0,4.375,772,14.9019607843137,0,20,83.1,-40,,0,4.6875,0,,,,,,,,,,,,1.50381,12.5,0,0,0,4.6875,-11,14.7,0,
804,2026-09-02,14:31:37.79810,175.04599,,1468.75,34,,0,4.6875,772,15.2941176470588,0,20,91.4,-40,,0,4.6875,0,,,,,,,,,,,,1.48428,12.5,0,0,0,4.6875,-11,14.7,4,
805,2026-09-02,14:31:38.03298,175.28381,,1468.75,32,,0,4.6875,772,15.6862745098039,0,20,96,-40,,0,4.6875,0,,,,,,,,,,,,1.50381,12.5,0,0,0,4.6875,-11,14.7,5,
806,2026-09-02,14:31:38.25220,175.50302,,1437.5,32,,0,4.6875,773,15.6862745098039,0,20,96,-40,,0,4.6875,0,,,,,,,,,,,,1.40616,12.5,0,0,0,4.6875,-11,14.7,1,
807,2026-09-02,14:31:38.48712,175.73962,,1406.25,32,,0,4.6875,772,16.078431372549,0,20,96,-40,,0,4.6875,0,,,,,,,,,,,,1.40616,12.5,0,0,0,4.6875,-11,14.7,2,
808,2026-09-02,14:31:38.75357,176.00146,,1406.25,30,,0,5,772,16.4705882352941,0,20,96,-40,,0,4.6875,0,,,,,,,,,,,,1.46475,12.5,0,0,0,4.6875,-12,14.7,3,
809,2026-09-02,14:31:39.00418,176.2583,,1375,30,,0,12.5,773,27.4509803921569,0,0,96,-40,,0,4.6875,0,,,,,,,,,,,,2.07018,43.75,0,0,0,4.6875,-11,14.7,1,
810,2026-09-02,14:31:39.22301,176.47069,,1406.25,30,,0,20.9375,773,43.1372549019608,0,21,22.9,-40,,0,4.6875,0,,,,,,,,,,,,2.07018,62.5,0,0,0,4.6875,-11,14.7,3,
811,2026-09-02,14:31:39.47375,176.72809,,1406.25,30,,0,20.3125,772,45.4901960784314,0,25,11,-40,,0,4.6875,0,,,,,,,,,,,,1.87488,56.25,0,0,0,4.6875,-11,14.7,7,
812,2026-09-02,14:31:39.69223,176.94275,,1406.25,30,,0,18.75,773,43.5294117647059,0,26,11.2,-40,,0,4.6875,0,,,,,,,,,,,,1.93347,50,0,0,0,4.6875,-11,14.7,3,
813,2026-09-02,14:31:39.92799,177.17202,,1406.25,30,,0,18.4375,772,43.5294117647059,0,27,12.6,-40,,0,4.6875,0,,,,,,,,,,,,2.08971,56.25,0,0,0,4.6875,-11,14.7,10,
814,2026-09-02,14:31:40.19347,177.44696,,1468.75,32,,0,24.375,772,53.7254901960784,0,21,13.5,-40,,0,4.6875,0,,,,,,,,,,,,2.1483,75,0,0,0,4.6875,-11,14.7,2,
815,2026-09-02,14:31:40.42831,177.67181,,1500,32,,0,25,773,55.6862745098039,0,21,13.8,-40,,0,4.6875,0,,,,,,,,,,,,2.10924,75,0,0,0,4.6875,-11,14.7,1,
816,2026-09-02,14:31:40.66322,177.91363,,1531.25,32,,0,24.0625,773,53.3333333333333,0,23,13.5,-40,,0,4.6875,0,,,,,,,,,,,,1.77723,62.5,-0.390625,0,0,4.6875,-11,14.7,1,
817,2026-09-02,14:31:40.91316,178.16315,,1562.5,34,,0,14.6875,773,34.9019607843137,0,29,13.9,-40,,0,4.6875,0,,,,,,,,,,,,1.5624,37.5,-0.9765625,0,0,4.6875,-11,14.7,8,
818,2026-09-02,14:31:41.14845,178.40037,,1531.25,34,,0,9.6875,772,25.4901960784314,0,30,13.8,-40,,0,4.6875,0,,,,,,,,,,,,1.5624,25,-1.3671875,0,0,4.6875,-11,14.7,5,
819,2026-09-02,14:31:41.38283,178.64023,,1437.5,34,,0,8.125,772,21.5686274509804,0,25,14.2,-40,,0,4.6875,0,,,,,,,,,,,,1.60146,18.75,-1.953125,0,0,4.6875,-11,14.7,3,
820,2026-09-02,14:31:41.64972,178.89929,,1468.75,32,,0,25.625,772,47.0588235294118,0,10,15.1,-40,,0,4.6875,0,,,,,,,,,,,,2.51937,106.25,-2.34375,0,0,4.6875,-11,14.7,7,
821,2026-09-02,14:31:41.85327,179.10933,,1468.75,32,,0,35.9375,773,72.156862745098,0,7,13.1,-40,,0,4.6875,0,,,,,,,,,,,,2.36313,106.25,-2.9296875,0,0,4.6875,-11,14.7,11,
822,2026-09-02,14:31:42.07173,179.32898,,1531.25,32,,0,37.8125,773,76.078431372549,0,6,14.2,-40,,0,4.6875,0,,,,,,,,,,,,2.03112,118.75,-3.3203125,0,0,4.6875,-11,14.7,2,
823,2026-09-02,14:31:42.32222,179.57095,,1562.5,34,,0,38.75,773,78.8235294117647,0,9,14.4,-40,,0,4.6875,0,,,,,,,,,,,,2.55843,118.75,-3.7109375,0,0,4.6875,-11,14.7,6,
824,2026-09-02,14:31:42.54170,179.79804,,1625,34,,0,38.4375,773,78.4313725490196,0,10,16.6,-40,,0,4.6875,0,,,,,,,,,,,,2.46078,118.75,-3.515625,0,0,4.6875,-11,14.7,5,
825,2026-09-02,14:31:42.74506,179.99807,,1687.5,34,,0,36.875,773,76.4705882352941,0,11,16.3,-40,,0,4.6875,0,,,,,,,,,,,,2.5389,118.75,-2.9296875,0,0,4.6875,-11,14.7,5,
826,2026-09-02,14:31:43.99836,181.25075,,1718.75,36,,0,36.5625,773,68.2352941176471,0,20,15.4,-40,,0,4.6875,0,,,,,,,,,,,,2.18736,100,0.9765625,0,0,4.6875,-11,14.7,6,
827,2026-09-02,14:31:44.28051,181.52521,,1968.75,40,,0,23.75,772,56.4705882352941,0,30,14.4,-40,,0,4.6875,0,,,,,,,,,,,,2.22642,87.5,1.953125,0,0,4.6875,-11,14.7,15,
828,2026-09-02,14:31:44.54636,181.79976,,1968.75,42,,0,22.5,772,53.7254901960784,0,33,13.9,-40,,0,4.6875,0,,,,,,,,,,,,2.24595,87.5,1.171875,0,0,4.6875,-11,14.7,1,
829,2026-09-02,14:31:44.78123,182.02975,,2000,42,,0,20.625,772,50.1960784313725,0,34,14.1,-40,,0,4.6875,0,,,,,,,,,,,,2.12877,81.25,0.5859375,0,0,4.6875,-11,14.7,10,
830,2026-09-02,14:31:45.01607,182.26714,,2031.25,44,,0,19.0625,772,45.8823529411765,0,36,14.1,-40,,0,4.6875,0,,,,,,,,,,,,2.03112,68.75,0,0,0,4.6875,-11,14.7,8,
831,2026-09-02,14:31:45.25078,182.49847,,2062.5,44,,0,15.9375,773,40,0,39,14.2,-40,,0,4.6875,0,,,,,,,,,,,,2.03112,62.5,-0.78125,0,0,4.6875,-11,14.7,6,
832,2026-09-02,14:31:45.47006,182.72851,,2062.5,44,,0,15,772,37.2549019607843,0,39,14.2,-40,,0,4.6875,0,,,,,,,,,,,,1.97253,56.25,-1.171875,0,0,4.6875,-11,14.7,8,
833,2026-09-02,14:31:45.67347,182.9226,,2093.75,44,,0,14.0625,773,35.2941176470588,0,41,14,-40,,0,4.6875,0,,,,,,,,,,,,1.99206,56.25,-1.7578125,0,0,4.6875,-11,14.7,22,
834,2026-09-02,14:31:45.87723,183.1279,,2062.5,44,,0,13.75,773,34.9019607843137,0,41,14.7,-40,,0,4.6875,0,,,,,,,,,,,,1.97253,56.25,-2.34375,0,0,4.6875,-11,14.7,11,
835,2026-09-02,14:31:46.08004,183.33213,,2125,44,,0,13.75,773,34.1176470588235,0,42,14.8,-40,,0,4.6875,0,,,,,,,,,,,,1.953,56.25,-2.734375,0,0,4.6875,-11,14.7,15,
836,2026-09-02,14:31:46.29926,183.55737,,2125,44,,0,16.25,773,37.2549019607843,0,40,15.6,-40,,0,4.6875,0,,,,,,,,,,,,2.3436,81.25,-1.953125,0,0,4.6875,-11,14.7,16,
837,2026-09-02,14:31:46.56557,183.81187,,2125,46,,0,26.25,772,54.9019607843137,0,27,14.8,-40,,0,4.6875,0,,,,,,,,,,,,2.38266,112.5,-1.3671875,0,0,4.6875,-11,14.7,11,
838,2026-09-02,14:31:46.75339,184.01155,,2125,46,,0,25.9375,773,56.4705882352941,0,28,14,-40,,0,4.6875,0,,,,,,,,,,,,2.38266,112.5,-1.953125,0,0,4.6875,-11,14.7,17,
839,2026-09-02,14:31:46.97272,184.22119,,2187.5,46,,0,25.625,773,55.2941176470588,0,31,14.8,-40,,0,4.6875,0,,,,,,,,,,,,2.36313,106.25,-1.953125,0,0,4.6875,-11,14.7,16,
840,2026-09-02,14:31:47.22319,184.47084,,2218.75,48,,0,24.6875,773,54.1176470588235,0,32,14.6,-40,,0,4.6875,0,,,,,,,,,,,,2.3436,106.25,-1.171875,0,0,4.6875,-11,14.7,24,
841,2026-09-02,14:31:47.45810,184.70845,,2312.5,48,,0,24.375,773,53.3333333333333,0,33,14.4,-40,,0,4.6875,0,,,,,,,,,,,,2.3436,106.25,-0.9765625,0,0,4.6875,-11,14.7,21,
842,2026-09-02,14:31:47.69247,184.94475,,2281.25,48,,0,23.125,772,50.5882352941176,0,36,14.3,-40,,0,4.6875,0,,,,,,,,,,,,2.32407,100,-1.7578125,0,0,4.6875,-11,14.7,21,
843,2026-09-02,14:31:47.91195,185.16968,,2343.75,50,,0,21.875,773,47.843137254902,0,38,14.5,-40,,0,4.6875,0,,,,,,,,,,,,2.28501,100,-2.5390625,0,0,4.6875,-11,14.7,18,
844,2026-09-02,14:31:48.14710,185.399,,2343.75,50,,0,23.75,773,51.3725490196078,0,34,14.7,-40,,0,4.6875,0,,,,,,,,,,,,2.42172,112.5,-3.125,0,0,4.6875,-11,14.7,23,
845,2026-09-02,14:31:48.38188,185.63899,,2375,50,,0,24.6875,773,53.3333333333333,0,33,15.3,-40,,0,4.6875,0,,,,,,,,,,,,2.38266,112.5,-1.3671875,0,0,4.6875,-11,14.7,1,
846,2026-09-02,14:31:48.67970,185.93296,,2406.25,52,,0,20,773,45.0980392156863,0,40,14.5,-40,,0,4.6875,0,,,,,,,,,,,,2.16783,87.5,-0.1953125,0,0,4.6875,-11,14.7,1,
847,2026-09-02,14:31:48.88333,186.12782,,2437.5,52,,0,16.875,773,39.6078431372549,0,42,14.4,-40,,0,4.6875,0,,,,,,,,,,,,2.16783,75,-0.78125,0,0,4.6875,-11,14.7,9,
848,2026-09-02,14:31:49.08602,186.33765,,2437.5,52,,0,15.9375,772,38.0392156862745,0,43,14.8,-40,,0,4.6875,0,,,,,,,,,,,,2.16783,75,-1.5625,0,0,4.6875,-11,14.7,11,
849,2026-09-02,14:31:49.28968,186.53751,,2468.75,52,,0,15.625,773,37.2549019607843,0,43,14.8,-40,,0,4.6875,0,,,,,,,,,,,,2.10924,75,-0.78125,0,0,4.6875,-11,14.7,13,
850,2026-09-02,14:31:49.52452,186.77449,,2468.75,52,,0,14.375,773,35.2941176470588,0,44,14.3,-40,,0,4.6875,0,,,,,,,,,,,,2.07018,68.75,-0.390625,0,0,4.6875,-11,14.7,9,
851,2026-09-02,14:31:49.75934,187.00634,,2468.75,52,,0,13.125,772,32.9411764705882,0,45,14.2,-40,,0,4.6875,0,,,,,,,,,,,,2.01159,62.5,-1.171875,0,0,4.6875,-11,14.7,7,
852,2026-09-02,14:31:49.97860,187.2365,,2468.75,52,,0,12.5,772,31.7647058823529,0,45,14.9,-40,,0,4.6875,0,,,,,,,,,,,,2.03112,56.25,-1.7578125,0,0,4.6875,-12,14.7,6,
853,2026-09-02,14:31:50.21340,187.463,,2500,52,,0,12.1875,773,30.9803921568627,0,45,15.5,-40,,0,4.6875,0,,,,,,,,,,,,2.01159,56.25,-0.78125,0,0,4.6875,-11,14.7,13,
854,2026-09-02,14:31:50.41700,187.67554,,2500,52,,0,10.3125,772,27.843137254902,0,45,15.1,-40,,0,4.6875,0,,,,,,,,,,,,1.85535,43.75,0,0,0,4.6875,-11,14.7,11,
855,2026-09-02,14:31:50.65189,187.91027,,2468.75,54,,0,7.5,772,21.9607843137255,0,15,15.2,-40,,0,4.6875,0,,,,,,,,,,,,1.71864,31.25,0.78125,0,0,4.6875,-11,14.7,2,
856,2026-09-02,14:31:50.87114,188.12495,,2500,54,,0,6.5625,773,18.8235294117647,0,4,15.9,-40,,0,4.6875,0,,,,,,,,,,,,1.73817,31.25,1.5625,0,0,4.6875,-11,14.7,10,
857,2026-09-02,14:31:51.10546,188.35472,,2468.75,54,,0,6.5625,772,18.4313725490196,0,4,16.4,-40,,0,4.6875,0,,,,,,,,,,,,1.7577,31.25,2.5390625,0,0,4.6875,-11,14.7,14,
858,2026-09-02,14:31:51.30899,188.55913,,2468.75,52,,0,7.1875,773,19.2156862745098,0,12,15.5,-40,,0,4.6875,0,,,,,,,,,,,,1.73817,31.25,3.3203125,0,0,4.6875,-11,14.7,4,
859,2026-09-02,14:31:51.54438,188.79395,,2406.25,52,,0,6.5625,772,17.6470588235294,0,4,14.8,-40,,0,4.6875,0,,,,,,,,,,,,1.64052,31.25,4.1015625,0,0,4.6875,-11,14.7,4,
860,2026-09-02,14:31:51.74782,189.0036,,2406.25,52,,0,5.9375,772,16.8627450980392,0,-4,15,-40,,0,4.6875,0,,,,,,,,,,,,1.64052,25,4.8828125,0,0,4.6875,-11,14.7,1,
861,2026-09-02,14:31:51.96697,189.21658,,2375,52,,0,5.9375,772,16.4705882352941,0,-4,14.7,-40,,0,4.6875,0,,,,,,,,,,,,1.93347,31.25,5.6640625,0,0,4.6875,-11,14.7,5,
862,2026-09-02,14:31:52.18603,189.43404,,2437.5,52,,0,12.1875,773,26.6666666666667,0,45,15.2,-40,,0,4.6875,0,,,,,,,,,,,,2.01159,56.25,6.640625,0,0,4.6875,-11,14.7,4,
863,2026-09-02,14:31:52.37398,189.61869,,2375,52,,0,13.125,773,29.8039215686275,0,45,13.5,-40,,0,4.6875,0,,,,,,,,,,,,2.03112,62.5,6.4453125,0,0,4.6875,-11,14.7,8,
864,2026-09-02,14:31:52.53020,189.78165,,2375,52,,0,13.4375,772,30.9803921568627,0,44,13.2,-40,,0,4.6875,0,,,,,,,,,,,,2.05065,62.5,5.859375,0,0,4.6875,-12,14.7,1,
865,2026-09-02,14:31:52.70265,189.9463,,2375,52,,0,11.5625,773,27.4509803921569,0,44,13.5,-40,,0,4.6875,0,,,,,,,,,,,,1.79676,50,5.46875,0,0,4.6875,-11,14.7,4,
866,2026-09-02,14:31:52.85882,190.11609,,2406.25,52,,0,9.375,773,23.5294117647059,0,40,13.7,-40,,0,4.6875,0,,,,,,,,,,,,1.87488,43.75,4.8828125,0,0,4.6875,-11,14.7,1,
867,2026-09-02,14:31:53.03119,190.28098,,2406.25,52,,0,9.6875,773,23.5294117647059,0,44,13.7,-40,,0,4.6875,0,,,,,,,,,,,,2.01159,50,4.4921875,0,0,4.6875,-11,14.7,3,
868,2026-09-02,14:31:53.20306,190.46067,,2406.25,52,,0,11.25,773,25.8823529411765,0,44,14,-40,,0,4.6875,0,,,,,,,,,,,,1.97253,50,3.90625,0,0,4.6875,-11,14.7,5,
869,2026-09-02,14:31:53.39148,190.64592,,2375,52,,0,10.625,773,25.4901960784314,0,44,14.4,-40,,0,4.6875,0,,,,,,,,,,,,1.85535,43.75,3.515625,0,0,4.6875,-11,14.7,9,
870,2026-09-02,14:31:53.59483,190.85033,,2406.25,52,,0,8.75,772,21.9607843137255,0,34,14.5,-40,,0,4.6875,0,,,,,,,,,,,,1.79676,37.5,2.9296875,0,0,4.6875,-11,14.7,1,
871,2026-09-02,14:31:53.81406,191.06215,,2406.25,52,,0,7.8125,773,20,0,18,14.4,-40,,0,4.6875,0,,,,,,,,,,,,1.69911,31.25,2.34375,0,0,4.6875,-11,14.7,2,
872,2026-09-02,14:31:54.01743,191.26998,,2343.75,52,,0,6.5625,773,17.6470588235294,0,4,14.4,-40,,0,4.6875,0,,,,,,,,,,,,1.66005,31.25,1.7578125,0,0,4.6875,-11,14.7,12,
873,2026-09-02,14:31:54.22050,191.46761,,2312.5,50,,0,5.9375,772,16.4705882352941,0,-4,14.3,-40,,0,4.6875,0,,,,,,,,,,,,1.69911,25,1.171875,0,0,4.6875,-11,14.7,7,
874,2026-09-02,14:31:54.43993,191.68634,,2343.75,50,,0,5.9375,773,16.078431372549,0,-5,15.9,-40,,0,4.6875,0,,,,,,,,,,,,1.62099,25,0.9765625,0,0,4.6875,-12,14.7,18,
875,2026-09-02,14:31:54.64335,191.89854,,2312.5,50,,0,5.9375,772,16.078431372549,0,-4,16.8,-40,,0,4.6875,0,,,,,,,,,,,,1.71864,25,1.7578125,0,0,4.6875,-11,14.7,7,
876,2026-09-02,14:31:54.83044,192.08888,,2312.5,50,,0,5.9375,773,16.4705882352941,0,-2,17.1,-40,,0,4.6875,0,,,,,,,,,,,,1.69911,25,2.5390625,0,0,4.6875,-11,14.7,2,
877,2026-09-02,14:31:55.05032,192.30835,,2312.5,50,,0,6.5625,773,16.8627450980392,0,4,17.1,-40,,0,4.6875,0,,,,,,,,,,,,1.69911,31.25,3.3203125,0,0,4.6875,-11,14.7,1,
878,2026-09-02,14:31:55.30084,192.54821,,2281.25,50,,0,8.4375,772,19.6078431372549,0,33,15.2,-40,,0,4.6875,0,,,,,,,,,,,,2.07018,50,4.1015625,0,0,4.6875,-11,14.7,5,
879,2026-09-02,14:31:55.53559,192.78494,,2281.25,50,,0,16.25,773,34.1176470588235,0,42,14.2,-40,,0,4.6875,0,,,,,,,,,,,,2.1483,75,3.90625,0,0,4.6875,-11,14.7,0,
880,2026-09-02,14:31:55.78635,193.04212,,2281.25,48,,0,13.4375,772,31.7647058823529,0,44,13,-40,,0,4.6875,0,,,,,,,,,,,,1.81629,50,3.125,0,0,4.6875,-11,14.7,0,
881,2026-09-02,14:31:56.00551,193.25405,,2281.25,48,,0,8.4375,772,23.1372549019608,0,33,13.5,-40,,0,4.6875,0,,,,,,,,,,,,1.64052,37.5,2.5390625,0,0,4.6875,-11,14.7,15,
882,2026-09-02,14:31:56.23982,193.49637,,2250,48,,0,6.875,772,19.2156862745098,0,8,13,-40,,0,4.6875,0,,,,,,,,,,,,1.83582,31.25,1.953125,0,0,4.6875,-11,14.7,2,
883,2026-09-02,14:31:56.50671,193.75576,,2343.75,48,,0,12.8125,772,27.843137254902,0,44,14,-40,,0,4.6875,0,,,,,,,,,,,,2.10924,62.5,1.171875,0,0,4.6875,-11,14.7,8,
884,2026-09-02,14:31:56.72609,193.97253,,2312.5,48,,0,17.1875,773,36.4705882352941,0,41,14.3,-40,,0,4.6875,0,,,,,,,,,,,,2.20689,75,0.5859375,0,0,4.6875,-11,14.7,12,
885,2026-09-02,14:31:57.03869,194.28725,,2343.75,50,,0,16.5625,773,37.6470588235294,0,41,14.4,-40,,0,4.6875,0,,,,,,,,,,,,2.12877,75,-0.390625,0,0,4.6875,-11,14.7,16,
886,2026-09-02,14:31:57.28925,194.53694,,2281.25,50,,0,15.9375,773,36.4705882352941,0,42,15.4,-40,,0,4.6875,0,,,,,,,,,,,,2.10924,68.75,-0.78125,0,0,4.6875,-11,14.7,10,
887,2026-09-02,14:31:57.52418,194.77927,,2343.75,50,,0,15.9375,773,36.078431372549,0,42,15.3,-40,,0,4.6875,0,,,,,,,,,,,,2.16783,75,0.1953125,0,0,4.6875,-11,14.7,6,
888,2026-09-02,14:31:57.74394,194.9985,,2343.75,50,,0,17.1875,774,38.4313725490196,0,41,14.7,-40,,0,4.6875,0,,,,,,,,,,,,2.18736,75,1.171875,0,0,4.6875,-11,14.7,4,
889,2026-09-02,14:31:57.96287,195.21862,,2375,50,,0,17.5,772,39.2156862745098,0,42,14.4,-40,,0,4.6875,0,,,,,,,,,,,,2.22642,81.25,1.171875,0,0,4.6875,-11,14.7,14,
890,2026-09-02,14:31:58.18130,195.43828,,2375,50,,0,17.1875,773,38.8235294117647,0,43,14.4,-40,,0,4.6875,0,,,,,,,,,,,,2.20689,81.25,0.5859375,0,0,4.6875,-11,14.7,6,
891,2026-09-02,14:31:58.41618,195.66588,,2375,52,,0,17.8125,773,40,0,41,15,-40,,0,4.6875,0,,,,,,,,,,,,2.3436,81.25,-2.734375,0,0,4.6875,-11,14.7,9,
892,2026-09-02,14:31:58.63490,195.88452,,2406.25,52,,0,25.3125,772,54.5098039215686,0,33,15.1,-40,,0,4.6875,0,,,,,,,,,,,,2.49984,118.75,-1.7578125,0,0,4.6875,-11,14.7,5,
893,2026-09-02,14:31:58.83861,196.09221,,2437.5,52,,0,25,773,56.078431372549,0,33,14.8,-40,,0,4.6875,0,,,,,,,,,,,,2.22642,112.5,-1.7578125,0,0,4.6875,-11,14.7,4,
894,2026-09-02,14:31:59.05765,196.3119,,2437.5,52,,0,18.125,772,44.3137254901961,0,41,15,-40,,0,4.6875,0,,,,,,,,,,,,2.07018,81.25,-1.171875,0,0,4.6875,-11,14.7,4,
895,2026-09-02,14:31:59.27677,196.52657,,2437.5,52,,0,13.75,773,35.6862745098039,0,44,14.7,-40,,0,4.6875,0,,,,,,,,,,,,2.03112,62.5,-0.1953125,0,0,4.6875,-11,14.7,3,
896,2026-09-02,14:31:59.48078,196.73132,,2468.75,52,,0,12.8125,773,32.156862745098,0,44,14.3,-40,,0,4.6875,0,,,,,,,,,,,,1.99206,62.5,-0.78125,0,0,4.6875,-11,14.7,3,
897,2026-09-02,14:31:59.71535,196.96559,,2437.5,52,,0,12.8125,773,31.3725490196078,0,44,14.3,-40,,0,4.6875,0,,,,,,,,,,,,2.12877,68.75,-1.3671875,0,0,4.6875,-11,14.7,6,
898,2026-09-02,14:31:59.95067,197.19779,,2468.75,52,,0,16.875,772,38.4313725490196,0,42,14.8,-40,,0,4.6875,0,,,,,,,,,,,,2.20689,81.25,-1.7578125,0,0,4.6875,-11,14.7,13,
899,2026-09-02,14:32:00.18568,197.42961,,2468.75,52,,0,16.875,773,39.6078431372549,0,42,14.8,-40,,0,4.6875,0,,,,,,,,,,,,2.1483,81.25,-0.5859375,0,0,4.6875,-11,14.7,1,
900,2026-09-02,14:32:00.34142,197.59952,,2468.75,52,,0,15.3125,773,37.6470588235294,0,43,14.4,-40,,0,4.6875,0,,,,,,,,,,,,1.99206,68.75,-0.78125,0,0,4.6875,-11,14.7,10,
901,2026-09-02,14:32:00.60764,197.85684,,2500,54,,0,11.25,773,30.5882352941176,0,45,14.3,-40,,0,4.6875,0,,,,,,,,,,,,1.83582,50,-1.5625,0,0,4.6875,-11,14.7,8,
902,2026-09-02,14:32:00.90433,198.14884,,2437.5,54,,0,9.0625,772,25.4901960784314,0,39,15.6,-40,,0,4.6875,0,,,,,,,,,,,,1.85535,43.75,-1.5625,0,0,4.6875,-11,14.7,10,
903,2026-09-02,14:32:01.12451,198.38307,,2468.75,54,,0,9.0625,772,23.921568627451,0,39,16.1,-40,,0,4.6875,0,,,,,,,,,,,,2.18736,50,-0.78125,0,0,4.6875,-11,14.7,5,
904,2026-09-02,14:32:01.39062,198.64054,,2500,52,,0,28.4375,773,57.6470588235294,0,30,15.4,-40,,0,4.6875,0,,,,,,,,,,,,2.61702,143.75,0.5859375,0,0,4.6875,-11,14.7,13,
905,2026-09-02,14:32:01.67290,198.91985,,2500,52,,0,30,773,65.4901960784314,0,27,14.4,-40,,0,4.6875,0,,,,,,,,,,,,2.75373,175,-0.1953125,0,0,4.6875,-11,14.7,13,
906,2026-09-02,14:32:01.92339,199.17727,,2531.25,54,,0,35,774,74.1176470588235,0,24,15.5,-40,,0,4.6875,0,,,,,,,,,,,,2.75373,168.75,-0.390625,0,0,4.6875,-11,14.7,17,
907,2026-09-02,14:32:02.11107,199.36652,,2593.75,54,,0,34.6875,773,73.7254901960784,0,26,15.1,-40,,0,4.6875,0,,,,,,,,,,,,2.87091,175,0.78125,0,0,4.6875,-11,14.7,8,
908,2026-09-02,14:32:02.31449,199.57164,,2625,54,,0,33.4375,773,71.3725490196078,0,27,14.4,-40,,0,4.6875,0,,,,,,,,,,,,2.69514,168.75,1.7578125,0,0,4.6875,-11,14.7,21,
909,2026-09-02,14:32:02.53379,199.79148,,2687.5,54,,0,32.5,772,69.8039215686274,0,28,14.5,-40,,0,4.6875,0,,,,,,,,,,,,2.67561,162.5,2.5390625,0,0,4.6875,-11,14.7,15,
910,2026-09-02,14:32:02.78462,200.03598,,2718.75,58,,0,27.1875,773,61.5686274509804,0,33,14.3,-40,,0,4.6875,0,,,,,,,,,,,,2.49984,137.5,1.953125,0,0,4.6875,-11,14.7,20,
911,2026-09-02,14:32:03.01929,200.26903,,2750,58,,4,25,773,58.0392156862745,0,33,14.5,-40,,0,4.6875,0,,,,,,,,,,,,2.5389,131.25,1.171875,0,0,4.6875,-11,14.7,11,
912,2026-09-02,14:32:03.23871,200.48755,,2750,58,,0,20.3125,773,48.2352941176471,0,40,14.3,-40,,0,4.6875,0,,,,,,,,,,,,2.28501,106.25,0.390625,0,0,4.6875,-11,14.7,18,
913,2026-09-02,14:32:03.48865,200.73806,,2750,62,,0,16.25,773,41.5686274509804,0,42,13.7,-40,,0,4.6875,0,,,,,,,,,,,,2.1483,81.25,0.9765625,0,0,4.6875,-11,14.7,2,
914,2026-09-02,14:32:03.69225,200.94907,,2812.5,62,,0,12.8125,773,35.2941176470588,0,44,13.9,-40,,0,4.6875,0,,,,,,,,,,,,2.12877,68.75,0.1953125,0,0,4.6875,-11,14.7,4,
915,2026-09-02,14:32:03.95884,201.2144,,2812.5,62,,0,12.1875,772,34.1176470588235,0,45,13.9,-40,,0,4.6875,0,,,,,,,,,,,,2.10924,62.5,-0.5859375,0,0,4.6875,-11,14.7,11,
916,2026-09-02,14:32:04.22475,201.47861,,2843.75,60,,0,11.5625,773,32.9411764705882,0,45,14.1,-40,,0,4.6875,0,,,,,,,,,,,,2.05065,62.5,-1.5625,0,0,4.6875,-11,14.7,3,
917,2026-09-02,14:32:04.45951,201.71334,,2843.75,60,,0,11.25,772,32.5490196078431,0,44,14.5,-40,,0,4.6875,0,,,,,,,,,,,,2.05065,62.5,-2.5390625,0,0,4.6875,-11,14.7,19,
918,2026-09-02,14:32:04.67818,201.93247,,2843.75,60,,0,11.5625,773,31.7647058823529,0,44,15.3,-40,,0,4.6875,0,,,,,,,,,,,,2.05065,62.5,-3.125,0,0,4.6875,-11,14.7,23,
919,2026-09-02,14:32:04.92903,202.1775,,2812.5,60,,0,11.875,772,31.3725490196078,0,43,16,-40,,0,4.6875,0,,,,,,,,,,,,2.22642,68.75,-2.1484375,0,0,4.6875,-11,14.7,17,
920,2026-09-02,14:32:05.16349,202.41026,,2875,60,,0,20.625,772,47.0588235294118,0,39,15.6,-40,,0,4.6875,0,,,,,,,,,,,,2.49984,118.75,-0.9765625,0,0,4.6875,-11,14.7,25,
921,2026-09-02,14:32:05.41390,202.67187,,2843.75,60,,0,21.5625,773,51.3725490196078,0,39,14.7,-40,,0,4.6875,0,,,,,,,,,,,,2.40219,118.75,-0.390625,0,0,4.6875,-11,14.7,11,
922,2026-09-02,14:32:05.68027,202.92628,,2875,62,,0,18.125,773,44.3137254901961,0,42,14.8,-40,,0,4.6875,0,,,,,,,,,,,,2.18736,87.5,0.9765625,0,0,4.6875,-11,14.7,3,
923,2026-09-02,14:32:05.86754,203.12603,,2906.25,62,,0,15,773,38.4313725490196,0,42,14.2,-40,,0,4.6875,0,,,,,,,,,,,,2.18736,81.25,0.78125,0,0,4.6875,-11,14.7,1,
924,2026-09-02,14:32:06.08701,203.34064,,2906.25,62,,0,13.75,772,37.2549019607843,0,43,13.8,-40,,0,4.6875,0,,,,,,,,,,,,2.16783,75,0.1953125,0,0,4.6875,-11,14.7,7,
925,2026-09-02,14:32:06.29081,203.54551,,2937.5,62,,0,14.6875,773,39.2156862745098,0,43,13.8,-40,,0,4.6875,0,,,,,,,,,,,,2.26548,87.5,-0.5859375,0,0,4.6875,-11,14.7,6,
926,2026-09-02,14:32:06.51021,203.75771,,2937.5,62,,0,16.5625,773,41.9607843137255,0,41,14.4,-40,,0,4.6875,0,,,,,,,,,,,,2.26548,93.75,-1.3671875,0,0,4.6875,-11,14.7,8,
927,2026-09-02,14:32:06.76015,204.00655,,2937.5,62,,0,16.25,773,41.9607843137255,0,41,14.8,-40,,0,4.6875,0,,,,,,,,,,,,2.30454,93.75,-2.34375,0,0,4.6875,-11,14.7,1,
928,2026-09-02,14:32:06.97937,204.22641,,2937.5,64,,0,15.9375,773,41.5686274509804,0,41,15.1,-40,,0,4.6875,0,,,,,,,,,,,,2.28501,93.75,-1.5625,0,0,4.6875,-11,14.7,16,
929,2026-09-02,14:32:07.19846,204.44841,,2968.75,64,,0,14.6875,773,38.8235294117647,0,42,14.5,-40,,0,4.6875,0,,,,,,,,,,,,2.12877,81.25,-0.390625,0,0,4.6875,-11,14.7,14,
930,2026-09-02,14:32:07.43337,204.67837,,2968.75,64,,0,12.1875,773,34.9019607843137,0,42,14.3,-40,,0,4.6875,0,,,,,,,,,,,,2.08971,68.75,-0.78125,0,0,4.6875,-11,14.7,6,
931,2026-09-02,14:32:07.62094,204.8734,,2968.75,64,,0,11.5625,773,32.5490196078431,0,42,14.6,-40,,0,4.6875,0,,,,,,,,,,,,2.07018,62.5,-1.5625,0,0,4.6875,-11,14.7,15,
932,2026-09-02,14:32:07.84020,205.0879,,3000,64,,0,11.25,772,31.3725490196078,0,42,14.9,-40,,0,4.6875,0,,,,,,,,,,,,2.08971,62.5,-2.34375,0,0,4.6875,-11,14.7,35,
933,2026-09-02,14:32:08.07525,205.32485,,2968.75,64,,0,11.25,773,30.9803921568627,0,41,15.7,-40,,0,4.6875,0,,,,,,,,,,,,2.08971,62.5,-1.7578125,0,0,4.6875,-11,14.7,7,
934,2026-09-02,14:32:08.29395,205.55212,,3000,64,,0,11.25,772,30.1960784313725,0,41,15.9,-40,,0,4.6875,0,,,,,,,,,,,,2.05065,62.5,-0.78125,0,0,4.6875,-11,14.7,4,
935,2026-09-02,14:32:08.51362,205.77175,,3000,64,,0,12.1875,772,31.7647058823529,0,41,15.5,-40,,0,4.6875,0,,,,,,,,,,,,2.42172,87.5,0.1953125,0,0,4.6875,-11,14.7,2,
936,2026-09-02,14:32:08.77974,206.02674,,2968.75,64,,0,19.6875,772,45.8823529411765,0,39,14.3,-40,,0,4.6875,0,,,,,,,,,,,,2.51937,125,1.3671875,0,0,4.6875,-11,14.7,8,
937,2026-09-02,14:32:08.99902,206.25626,,3000,64,,0,21.25,773,50.5882352941176,0,39,14.3,-40,,0,4.6875,0,,,,,,,,,,,,2.46078,125,0.390625,0,0,4.6875,-11,14.7,6,
938,2026-09-02,14:32:09.18691,206.44071,,3031.25,64,,0,20.3125,772,48.6274509803922,0,39,15.5,-40,,0,4.6875,0,,,,,,,,,,,,2.38266,118.75,1.171875,0,0,4.6875,-11,14.7,4,
939,2026-09-02,14:32:09.42138,206.67536,,3062.5,64,,0,19.375,772,45.8823529411765,0,39,14.8,-40,,0,4.6875,0,,,,,,,,,,,,2.40219,112.5,2.34375,0,0,4.6875,-11,14.7,10,
940,2026-09-02,14:32:09.65629,206.90998,,3093.75,64,,0,20,772,47.843137254902,0,39,13.9,-40,,0,4.6875,0,,,,,,,,,,,,2.46078,118.75,1.7578125,0,0,4.6875,-11,14.7,21,
941,2026-09-02,14:32:09.89116,207.14277,,3093.75,66,,0,19.375,773,47.843137254902,0,39,14.5,-40,,0,4.6875,0,,,,,,,,,,,,2.44125,118.75,0.9765625,0,0,4.6875,-11,14.7,6,
942,2026-09-02,14:32:10.11058,207.35897,,3125,66,,0,19.0625,772,45.8823529411765,0,39,14.8,-40,,0,4.6875,0,,,,,,,,,,,,2.42172,112.5,0.78125,0,0,4.6875,-11,14.7,0,
943,2026-09-02,14:32:10.34540,207.58904,,3125,66,,0,18.4375,772,44.7058823529412,0,39,14.2,-40,,0,4.6875,0,,,,,,,,,,,,2.30454,106.25,0.78125,0,0,4.6875,-11,14.7,1,
944,2026-09-02,14:32:10.61150,207.86084,,3156.25,68,,0,16.875,772,41.1764705882353,0,40,14.2,-40,,0,4.6875,0,,,,,,,,,,,,2.18736,93.75,-0.1953125,0,0,4.6875,-11,14.7,1,
945,2026-09-02,14:32:10.83072,208.08053,,3156.25,68,,0,13.75,772,35.6862745098039,0,42,14.4,-40,,0,4.6875,0,,,,,,,,,,,,2.20689,81.25,-1.171875,0,0,4.6875,-11,14.7,6,
946,2026-09-02,14:32:11.06506,208.31766,,3156.25,68,,0,13.4375,773,34.1176470588235,0,41,14.3,-40,,0,4.6875,0,,,,,,,,,,,,2.40219,87.5,-1.953125,0,0,4.6875,-11,14.7,7,
947,2026-09-02,14:32:11.28471,208.53737,,3250,68,,1,30,773,63.921568627451,0,28,14.7,-40,,0,4.6875,0,,,,,,,,,,,,2.7342,181.25,-2.9296875,0,0,4.6875,-11,14.7,27,
948,2026-09-02,14:32:11.48827,208.73506,,3250,68,,1,29.375,772,63.921568627451,0,29,16.1,-40,,0,4.6875,0,,,,,,,,,,,,2.85138,181.25,-2.34375,0,0,4.6875,-11,14.7,30,
949,2026-09-02,14:32:11.73875,208.99106,,3250,68,,1,26.5625,773,59.2156862745098,0,31,15.9,-40,,0,4.6875,0,,,,,,,,,,,,2.69514,162.5,-0.78125,0,0,4.6875,-11,14.7,10,
950,2026-09-02,14:32:11.97309,209.23095,,3281.25,70,,0,23.4375,772,54.5098039215686,0,35,15.5,-40,,0,4.6875,0,,,,,,,,,,,,2.57796,143.75,0.78125,0,0,4.6875,-11,14.7,13,
951,2026-09-02,14:32:12.22359,209.48111,,3312.5,70,,0,21.25,773,50.5882352941176,0,36,14.5,-40,,0,4.6875,0,,,,,,,,,,,,2.5389,131.25,2.34375,0,0,4.6875,-11,14.7,0,
952,2026-09-02,14:32:12.44462,209.7007,,3312.5,70,,0,20,772,47.4509803921569,0,37,14.3,-40,,0,4.6875,0,,,,,,,,,,,,2.51937,131.25,1.171875,0,0,4.6875,-11,14.7,10,
953,2026-09-02,14:32:12.72622,209.9701,,3343.75,72,,0,20,773,47.843137254902,0,37,14.6,-40,,0,4.6875,0,,,,,,,,,,,,2.49984,131.25,0.1953125,0,0,4.6875,-11,14.7,16,
954,2026-09-02,14:32:12.96116,210.21478,,3375,72,,0,20.625,772,48.6274509803922,0,37,15.2,-40,,0,4.6875,0,,,,,,,,,,,,2.69514,143.75,0.9765625,0,0,4.6875,-11,14.7,14,
955,2026-09-02,14:32:13.19607,210.44372,,3406.25,72,,0,25,773,56.078431372549,0,32,14.5,-40,,0,4.6875,0,,,,,,,,,,,,2.75373,168.75,1.953125,0,0,4.6875,-11,14.7,1,
956,2026-09-02,14:32:13.35285,210.59835,,3437.5,72,,0,25.9375,772,57.6470588235294,0,32,14.3,-40,,0,4.6875,0,,,,,,,,,,,,2.83185,175,1.3671875,0,0,4.6875,-11,14.7,3,
957,2026-09-02,14:32:13.47781,210.72814,,3468.75,72,,0,27.8125,772,60.3921568627451,0,31,14.6,-40,,0,4.6875,0,,,,,,,,,,,,2.81232,187.5,0.5859375,0,0,4.6875,-11,14.7,27,
958,2026-09-02,14:32:13.60325,210.85791,,3468.75,72,,0,34.0625,772,69.4117647058823,0,27,14.8,-40,,0,4.6875,0,,,,,,,,,,,,2.71467,237.5,0.1953125,0,0,4.6875,-11,14.7,7,
959,2026-09-02,14:32:13.74435,210.99262,,3531.25,72,,0,35,772,70.5882352941177,0,26,14.1,-40,,0,4.6875,0,,,,,,,,,,,,3.28104,243.75,-0.1953125,0,0,4.6875,-11,14.7,5,
960,2026-09-02,14:32:13.90068,211.15812,,3562.5,76,,0,38.4375,772,75.2941176470588,0,24,14.8,-40,,0,4.6875,0,,,,,,,,,,,,2.77326,268.75,-0.390625,0,0,4.6875,-11,14.7,7,
961,2026-09-02,14:32:14.10417,211.34813,,3531.25,76,,0,39.0625,773,77.6470588235294,0,23,15,-40,,0,4.6875,0,,,,,,,,,,,,2.16783,268.75,0.390625,0,0,4.6875,-11,14.7,5,
962,2026-09-02,14:32:14.27672,211.52495,,3625,76,,0,38.4375,773,78.8235294117647,0,25,15.4,-40,,0,4.6875,0,,,,,,,,,,,,2.83185,268.75,1.171875,0,0,4.6875,-11,14.7,13,
963,2026-09-02,14:32:14.47952,211.7372,,3656.25,76,,0,38.75,773,78.8235294117647,0,24,15.9,-40,,0,4.6875,0,,,,,,,,,,,,3.41775,287.5,1.7578125,0,0,4.6875,-11,12.544,22,
964,2026-09-02,14:32:14.68323,211.92939,,3781.25,80,,3,41.25,773,80,0,24,15.9,-40,,0,4.6875,0,,,,,,,,,,,,2.49984,300,0,0,0,4.6875,-11,12.4609271523179,12,
965,2026-09-02,14:32:14.91804,212.16192,,3843.75,80,,2,42.1875,773,80,0,24,13.5,-40,,0,4.6875,0,,,,,,,,,,,,3.14433,306.25,0,0,0,4.6875,-11,12.3789473684211,7,
966,2026-09-02,14:32:15.12166,212.36896,,3875,80,,6,42.5,772,80,0,21,13.3,-40,,0,4.6875,0,,,,,,,,,,,,2.87091,318.75,0,0,0,4.6875,-11,12.2980392156863,3,
967,2026-09-02,14:32:15.35616,212.60591,,3906.25,84,,6,43.125,772,80,0,21,12.9,-40,,0,4.6875,0,,,,,,,,,,,,3.57399,331.25,0,0,0,4.6875,-11,12.2980392156863,11,
968,2026-09-02,14:32:15.54457,212.79613,,3968.75,84,,6,43.75,773,80,0,19,12.9,-40,,0,4.6875,0,,,,,,,,,,,,2.96856,331.25,0,0,0,4.6875,-11,12.2980392156863,28,
969,2026-09-02,14:32:15.76362,213.01518,,4000,84,,5,44.0625,773,80,0,18,12.9,-40,,0,4.6875,0,,,,,,,,,,,,3.39822,343.75,0,0,0,4.6875,-11,12.2181818181818,3,
970,2026-09-02,14:32:16.03020,213.27969,,4093.75,84,,5,45.3125,773,80,0,18,12.9,-40,,0,4.6875,0,,,,,,,,,,,,3.59352,368.75,0,0,0,4.6875,-11,12.0615384615385,23,
971,2026-09-02,14:32:16.29589,213.5489,,4093.75,88,,5,46.25,773,80,0,17,12.5,-40,,0,4.6875,0,,,,,,,,,,,,3.00762,381.25,0,0,0,4.6875,-11,12.0615384615385,42,
972,2026-09-02,14:32:16.51531,213.76848,,4218.75,88,,4,47.8125,773,80,0,17,13,-40,,0,4.6875,0,,,,,,,,,,,,3.22245,393.75,0,0,0,4.6875,-11,11.9847133757962,27,
973,2026-09-02,14:32:16.79723,214.04824,,4281.25,92,,4,48.4375,773,80,0,18,12.8,-40,,0,4.6875,0,,,,,,,,,,,,3.39822,406.25,0,0,0,4.6875,-11,11.9088607594937,18,
974,2026-09-02,14:32:17.01587,214.26275,,4312.5,92,,4,48.125,772,80,0,18,12.4,-40,,0,4.6875,0,,,,,,,,,,,,3.49587,406.25,0,0,0,4.6875,-11,11.9088607594937,15,
975,2026-09-02,14:32:17.25010,214.50148,,4375,92,,3,47.1875,773,79.2156862745098,0,19,12.3,-40,,0,4.6875,0,,,,,,,,,,,,3.28104,387.5,0,0,0,4.6875,-11,12.0615384615385,37,
976,2026-09-02,14:32:17.50056,214.7518,,4375,94,,0,18.4375,772,30.1960784313725,0,23,10.7,-40,,0,4.6875,0,,,,,,,,,,,,2.01159,93.75,-0.5859375,0,0,4.6875,-11,14.7,5,
977,2026-09-02,14:32:17.73544,214.98652,,4375,94,,0,4.0625,772,12.9411764705882,0,23,11.6,-40,,0,4.6875,0,,,,,,,,,,,,1.71864,31.25,0,0,0,4.6875,-11,13.0666666666667,14,
978,2026-09-02,14:32:17.92348,215.17675,,4375,94,,0,3.75,772,11.3725490196078,0,23,12.9,-40,,0,4.6875,0,,,,,,,,,,,,1.67958,31.25,0,0,0,4.6875,-11,13.158041958042,17,
979,2026-09-02,14:32:18.14286,215.39151,,4312.5,92,,0,3.4375,772,10.9803921568627,0,23,12.9,-40,,0,4.6875,0,,,,,,,,,,,,1.67958,25,0,0,0,4.6875,-11,13.2507042253521,25,
980,2026-09-02,14:32:18.36249,215.61126,,4312.5,92,,0,3.4375,772,11.7647058823529,0,23,13.5,-40,,0,4.6875,0,,,,,,,,,,,,1.69911,25,0,0,0,4.6875,-11,13.44,10,
981,2026-09-02,14:32:18.56613,215.81297,,4281.25,92,,0,3.125,772,11.3725490196078,0,23,16.4,-40,,0,4.6875,0,,,,,,,,,,,,1.64052,25,0,0,0,4.6875,-11,13.8352941176471,4,
982,2026-09-02,14:32:18.76949,216.0256,,4125,92,,0,2.8125,772,11.3725490196078,0,22,33.9,-40,,0,4.6875,0,,,,,,,,,,,,1.62099,25,0,0,0,4.6875,-11,13.9377777777778,20,
983,2026-09-02,14:32:19.06695,216.31808,,4125,88,,0,2.8125,772,10.9803921568627,0,22,80.7,-40,,0,4.6875,0,,,,,,,,,,,,1.54287,18.75,0,0,0,4.6875,-11,14.5860465116279,14,
984,2026-09-02,14:32:19.33333,216.58405,,4031.25,88,,0,2.5,772,10.5882352941176,0,21,96,-40,,0,4.6875,0,,,,,,,,,,,,1.54287,18.75,0,0,0,4.6875,-11,14.7,2,
985,2026-09-02,14:32:19.56825,216.81846,,3968.75,84,,0,4.0625,772,13.7254901960784,0,20,96,-40,,0,4.6875,0,,,,,,,,,,,,1.7577,31.25,0,0,0,4.6875,-11,14.7,10,
986,2026-09-02,14:32:19.77163,217.02886,,3843.75,84,,0,4.6875,772,14.1176470588235,0,19,96,-40,,0,4.6875,0,,,,,,,,,,,,1.79676,31.25,0,0,0,4.6875,-11,14.7,20,
987,2026-09-02,14:32:19.97473,217.22084,,3718.75,84,,0,4.375,772,14.5098039215686,0,17,99.9,-40,,0,4.6875,0,,,,,,,,,,,,1.71864,31.25,0,0,0,4.6875,-11,14.7,11,
988,2026-09-02,14:32:20.22538,217.47795,,3750,84,,0,4.375,772,14.5098039215686,0,16,99.9,-40,,0,4.6875,0,,,,,,,,,,,,1.67958,31.25,0,0,0,4.6875,-11,14.7,8,
989,2026-09-02,14:32:20.47579,217.72576,,3562.5,78,,0,4.0625,772,14.9019607843137,0,15,99.9,-40,,0,4.6875,0,,,,,,,,,,,,1.69911,31.25,0,0,0,4.6875,-11,14.7,13,
990,2026-09-02,14:32:20.69505,217.94479,,3406.25,78,,0,4.0625,772,15.2941176470588,0,14,99.9,-40,,0,4.6875,0,,,,,,,,,,,,1.67958,25,0,0,0,4.6875,-11,14.7,6,
991,2026-09-02,14:32:20.96114,218.21657,,3437.5,78,,0,4.375,773,15.6862745098039,0,11,99.9,-40,,0,4.6875,0,,,,,,,,,,,,1.62099,25,0,0,0,4.6875,-11,14.7,5,
992,2026-09-02,14:32:21.24289,218.49149,,3343.75,72,,0,4.0625,772,15.6862745098039,0,11,99.9,-40,,0,4.6875,0,,,,,,,,,,,,1.64052,25,0,0,0,4.6875,-11,14.7,24,
993,2026-09-02,14:32:21.46252,218.71114,,3250,72,,0,3.75,773,15.2941176470588,0,10,99.9,-40,,0,4.6875,0,,,,,,,,,,,,1.66005,25,0,0,0,4.6875,-11,14.7,6,
994,2026-09-02,14:32:21.71252,218.96073,,3250,70,,0,3.75,773,14.9019607843137,0,9,99.9,-40,,0,4.6875,0,,,,,,,,,,,,1.60146,25,0,0,0,4.6875,-11,14.7,3,
995,2026-09-02,14:32:21.91662,219.16484,,3156.25,70,,0,3.75,772,14.9019607843137,0,9,99.9,-40,,0,4.6875,0,,,,,,,,,,,,1.54287,25,0,0,0,4.6875,-11,14.7,2,
996,2026-09-02,14:32:22.13582,219.39022,,3125,70,,0,3.4375,772,14.9019607843137,0,7,99.9,-40,,0,4.6875,0,,,,,,,,,,,,1.5624,18.75,0,0,0,4.6875,-11,14.7,5,
997,2026-09-02,14:32:22.35449,219.60461,,3093.75,70,,0,3.4375,773,14.5098039215686,0,7,99.9,-40,,0,4.6875,0,,,,,,,,,,,,1.64052,18.75,0,0,0,4.6875,-11,14.7,24,
998,2026-09-02,14:32:22.60507,219.85169,,3062.5,66,,0,3.4375,772,14.5098039215686,0,6,99.9,-40,,0,4.6875,0,,,,,,,,,,,,1.54287,18.75,0,0,0,4.6875,-11,14.7,5,
999,2026-09-02,14:32:22.84002,220.0986,,3031.25,66,,0,3.4375,772,14.5098039215686,0,6,99.9,-40,,0,4.6875,0,,,,,,,,,,,,1.58193,18.75,0,0,0,4.6875,-11,14.7,13,
1000,2026-09-02,14:32:23.04352,220.29339,,2968.75,66,,0,3.4375,773,14.5098039215686,0,5,99.9,-40,,0,4.6875,0,,,,,,,,,,,,1.5624,18.75,0,0,0,4.6875,-11,14.7,17,
1001,2026-09-02,14:32:23.26313,220.51827,,3000,64,,0,5.3125,772,17.6470588235294,0,10,99.9,-40,,0,4.6875,0,,,,,,,,,,,,2.12877,50,0.390625,0,0,4.6875,-11,14.7,14,
1002,2026-09-02,14:32:23.51172,220.76022,,3062.5,64,,0,17.8125,773,41.1764705882353,0,39,99.9,-40,,0,4.6875,0,,,,,,,,,,,,2.63655,125,1.3671875,0,0,4.6875,-11,14.7,9,
1003,2026-09-02,14:32:23.74765,221.00251,,3031.25,64,,0,25.3125,772,56.4705882352941,0,34,14.1,-40,,0,4.6875,0,,,,,,,,,,,,2.69514,156.25,2.34375,0,0,4.6875,-11,14.7,4,
1004,2026-09-02,14:32:23.95127,221.20716,,3000,64,,0,25.625,773,56.078431372549,0,35,14.7,-40,,0,4.6875,0,,,,,,,,,,,,2.16783,118.75,1.5625,0,0,4.6875,-11,14.7,4,
1005,2026-09-02,14:32:24.17028,221.41862,,3031.25,64,,0,13.75,772,34.5098039215686,0,41,14.7,-40,,0,4.6875,0,,,,,,,,,,,,1.99206,68.75,2.5390625,0,0,4.6875,-11,14.7,4,
1006,2026-09-02,14:32:24.40531,221.65197,,3031.25,64,,0,9.6875,772,26.6666666666667,0,41,14.7,-40,,0,4.6875,0,,,,,,,,,,,,1.953,56.25,3.7109375,0,0,4.6875,-11,14.7,12,
1007,2026-09-02,14:32:24.59275,221.84615,,3031.25,66,,0,9.0625,773,24.7058823529412,0,31,15.7,-40,,0,4.6875,0,,,,,,,,,,,,1.91394,50,4.6875,0,0,4.6875,-11,14.7,5,
1008,2026-09-02,14:32:24.81253,222.06543,,3031.25,66,,0,6.875,772,20.3921568627451,0,6,15.5,-40,,0,4.6875,0,,,,,,,,,,,,1.7577,37.5,5.6640625,0,0,4.6875,-10,14.7,24,
1009,2026-09-02,14:32:25.03173,222.2856,,3093.75,66,,0,5.625,772,18.4313725490196,0,6,17.3,-40,,0,4.6875,0,,,,,,,,,,,,1.73817,31.25,6.640625,0,0,4.6875,-11,14.7,0,
1010,2026-09-02,14:32:25.29774,222.54764,,2968.75,64,,0,5.625,773,18.4313725490196,0,7,18.7,-40,,0,4.6875,0,,,,,,,,,,,,1.73817,31.25,7.8125,0,0,4.6875,-11,14.7,2,
1011,2026-09-02,14:32:25.51645,222.76244,,2968.75,64,,0,5.625,772,18.4313725490196,0,6,16.1,-40,,0,4.6875,0,,,,,,,,,,,,1.79676,31.25,8.7890625,0,0,4.6875,-10,14.7,24,
1012,2026-09-02,14:32:25.75140,223.00438,,2968.75,64,,0,6.25,772,19.2156862745098,0,6,14.8,-40,,0,4.6875,0,,,,,,,,,,,,1.81629,37.5,9.9609375,0,0,4.6875,-11,14.7,11,
1013,2026-09-02,14:32:25.98631,223.23897,,2937.5,62,,0,6.5625,772,19.6078431372549,0,5,15.2,-40,,0,4.6875,0,,,,,,,,,,,,1.87488,37.5,10.9375,0,0,4.6875,-11,14.7,12,
1014,2026-09-02,14:32:26.18986,223.44833,,2937.5,62,,0,7.1875,772,20.3921568627451,0,11,13.7,-40,,0,4.6875,0,,,,,,,,,,,,1.85535,37.5,10.546875,0,0,4.6875,-10,14.7,33,
1015,2026-09-02,14:32:26.42419,223.68284,,2906.25,62,,0,7.1875,772,20.7843137254902,0,13,13.6,-40,,0,4.6875,0,,,,,,,,,,,,1.83582,43.75,9.765625,0,0,4.6875,-10,14.7,5,
1016,2026-09-02,14:32:26.67536,223.92453,,2875,62,,0,7.1875,772,20.7843137254902,0,13,13.6,-40,,0,4.6875,0,,,,,,,,,,,,1.83582,37.5,8.7890625,0,0,4.6875,-11,14.7,9,
1017,2026-09-02,14:32:26.92597,224.18198,,2875,62,,0,7.1875,772,20.7843137254902,0,11,13.8,-40,,0,4.6875,0,,,,,,,,,,,,1.7577,37.5,7.8125,0,0,4.6875,-11,14.7,1,
1018,2026-09-02,14:32:27.12900,224.38178,,2875,62,,0,6.5625,772,19.2156862745098,0,4,13.8,-40,,0,4.6875,0,,,,,,,,,,,,1.77723,37.5,7.2265625,0,0,4.6875,-10,14.7,3,
1019,2026-09-02,14:32:27.33315,224.57928,,2843.75,62,,0,6.5625,772,19.6078431372549,0,3,13.9,-40,,0,4.6875,0,,,,,,,,,,,,1.79676,37.5,6.4453125,0,0,4.6875,-10,14.7,16,
1020,2026-09-02,14:32:27.56825,224.82645,,2843.75,62,,0,9.0625,772,23.1372549019608,0,41,13.8,-40,,0,4.6875,0,,,,,,,,,,,,2.63655,81.25,5.6640625,0,0,4.6875,-10,14.7,20,
1021,2026-09-02,14:32:27.88174,225.12555,,2843.75,62,,0,24.0625,772,52.5490196078431,0,36,13.5,-40,,0,4.6875,0,,,,,,,,,,,,2.3436,125,4.6875,0,0,4.6875,-11,14.7,11,
1022,2026-09-02,14:32:28.11661,225.36273,,2843.75,62,,0,15,772,38.8235294117647,0,43,13,-40,,0,4.6875,0,,,,,,,,,,,,1.97253,68.75,3.7109375,0,0,4.6875,-11,14.7,12,
1023,2026-09-02,14:32:28.35101,225.60536,,2906.25,62,,0,8.75,773,27.0588235294118,0,28,13.2,-40,,0,4.6875,0,,,,,,,,,,,,1.7577,43.75,2.9296875,0,0,4.6875,-10,14.7,3,
1024,2026-09-02,14:32:28.58614,225.83974,,2812.5,62,,0,6.5625,772,21.9607843137255,0,3,13.4,-40,,0,4.6875,0,,,,,,,,,,,,1.81629,37.5,2.1484375,0,0,4.6875,-10,14.7,26,
1025,2026-09-02,14:32:28.86770,226.11799,,2812.5,60,,0,6.25,772,20.3921568627451,0,4,17.7,-40,,0,4.6875,0,,,,,,,,,,,,1.73817,31.25,1.7578125,0,0,4.6875,-11,14.7,1,
1026,2026-09-02,14:32:29.11844,226.37387,,2812.5,60,,0,6.25,772,19.6078431372549,0,3,16.2,-40,,0,4.6875,0,,,,,,,,,,,,1.81629,37.5,2.9296875,0,0,4.6875,-11,14.7,12,
1027,2026-09-02,14:32:29.33738,226.58574,,2812.5,60,,0,6.875,772,20,0,8,15.2,-40,,0,4.6875,0,,,,,,,,,,,,1.79676,37.5,3.7109375,0,0,4.6875,-11,14.7,10,
1028,2026-09-02,14:32:29.57227,226.82817,,2781.25,60,,0,6.5625,772,19.6078431372549,0,4,14.4,-40,,0,4.6875,0,,,,,,,,,,,,1.73817,37.5,4.4921875,0,0,4.6875,-11,14.7,21,
1029,2026-09-02,14:32:29.79119,227.03804,,2750,60,,0,5,772,16.8627450980392,0,2,14,-40,,0,4.6875,0,,,,,,,,,,,,1.54287,25,0,0,0,4.6875,-11,14.7,17,
1030,2026-09-02,14:32:30.02546,227.27473,,2781.25,60,,0,4.0625,772,15.2941176470588,0,2,15.9,-40,,0,4.6875,0,,,,,,,,,,,,1.5624,18.75,0,0,0,4.6875,-10,14.7,5,
1031,2026-09-02,14:32:30.29193,227.54702,,2718.75,58,,0,4.0625,772,15.2941176470588,0,2,15.1,-40,,0,4.6875,0,,,,,,,,,,,,1.73817,25,0,0,0,4.6875,-11,14.7,4,
1032,2026-09-02,14:32:30.55775,227.80639,,2718.75,58,,0,5.625,772,17.6470588235294,0,1,15.4,-40,,0,4.6875,0,,,,,,,,,,,,1.73817,31.25,0,0,0,4.6875,-11,14.7,23,
1033,2026-09-02,14:32:30.76102,228.01572,,2687.5,58,,0,5.9375,772,18.0392156862745,0,1,16.1,-40,,0,4.6875,0,,,,,,,,,,,,1.69911,31.25,0,0,0,4.6875,-11,14.7,22,
1034,2026-09-02,14:32:30.99601,228.25087,,2656.25,58,,0,5.9375,772,17.2549019607843,0,0,17.4,-40,,0,4.6875,0,,,,,,,,,,,,1.7577,31.25,0,0,0,4.6875,-11,14.7,2,
1035,2026-09-02,14:32:31.23089,228.47545,,2656.25,58,,0,5.9375,773,17.6470588235294,0,0,17.1,-40,,0,4.6875,0,,,,,,,,,,,,1.71864,31.25,0,0,0,4.6875,-11,14.7,9,
1036,2026-09-02,14:32:31.45010,228.69506,,2625,58,,0,5.9375,773,17.6470588235294,0,0,17.3,-40,,0,4.6875,0,,,,,,,,,,,,1.73817,31.25,0,0,0,4.6875,-11,14.7,37,
1037,2026-09-02,14:32:31.71576,228.96467,,2625,56,,0,6.25,772,18.0392156862745,0,0,17.6,-40,,0,4.6875,0,,,,,,,,,,,,1.7577,31.25,0,0,0,4.6875,-11,14.7,20,
1038,2026-09-02,14:32:31.91990,229.16457,,2593.75,56,,0,6.5625,771,18.0392156862745,0,4,17.3,-40,,0,4.6875,0,,,,,,,,,,,,1.7577,31.25,0.390625,0,0,4.6875,-11,14.7,17,
1039,2026-09-02,14:32:32.10769,229.36435,,2593.75,56,,0,8.4375,772,20.3921568627451,0,28,17.6,-40,,0,4.6875,0,,,,,,,,,,,,1.93347,43.75,1.171875,0,0,4.6875,-11,14.7,19,
1040,2026-09-02,14:32:32.34238,229.59841,,2593.75,56,,0,11.5625,772,25.8823529411765,0,45,15,-40,,0,4.6875,0,,,,,,,,,,,,2.08971,62.5,2.1484375,0,0,4.6875,-11,14.7,5,
1041,2026-09-02,14:32:32.54549,229.79842,,2562.5,56,,0,12.1875,772,28.2352941176471,0,44,13.9,-40,,0,4.6875,0,,,,,,,,,,,,2.05065,62.5,2.34375,0,0,4.6875,-11,14.7,9,
1042,2026-09-02,14:32:32.74941,230.0033,,2593.75,56,,0,11.5625,772,27.843137254902,0,44,13.3,-40,,0,4.6875,0,,,,,,,,,,,,1.953,56.25,1.7578125,0,0,4.6875,-11,14.7,8,
1043,2026-09-02,14:32:32.96886,230.22272,,2593.75,56,,0,10.9375,772,27.0588235294118,0,44,13.9,-40,,0,4.6875,0,,,,,,,,,,,,1.97253,56.25,0.9765625,0,0,4.6875,-11,14.7,9,
1044,2026-09-02,14:32:33.21887,230.47195,,2593.75,56,,0,10.625,772,25.8823529411765,0,44,14.1,-40,,0,4.6875,0,,,,,,,,,,,,1.91394,50,0.390625,0,0,4.6875,-11,14.7,6,
1045,2026-09-02,14:32:33.43812,230.69197,,2593.75,56,,0,9.6875,772,24.3137254901961,0,44,14.7,-40,,0,4.6875,0,,,,,,,,,,,,1.91394,50,-0.390625,0,0,4.6875,-11,14.7,6,
1046,2026-09-02,14:32:33.67317,230.9316,,2562.5,56,,0,8.75,772,22.7450980392157,0,34,15.2,-40,,0,4.6875,0,,,,,,,,,,,,1.87488,43.75,-0.1953125,0,0,4.6875,-11,14.7,8,
1047,2026-09-02,14:32:33.89235,231.15073,,2562.5,56,,0,8.4375,772,21.5686274509804,0,30,15.3,-40,,0,4.6875,0,,,,,,,,,,,,1.87488,43.75,0.78125,0,0,4.6875,-11,14.7,18,
1048,2026-09-02,14:32:34.09604,231.34556,,2562.5,56,,0,8.4375,772,21.1764705882353,0,28,14.8,-40,,0,4.6875,0,,,,,,,,,,,,1.87488,43.75,1.5625,0,0,4.6875,-11,14.7,5,
1049,2026-09-02,14:32:34.31479,231.56168,,2593.75,56,,0,8.4375,772,21.1764705882353,0,26,14.6,-40,,0,4.6875,0,,,,,,,,,,,,1.85535,43.75,2.34375,0,0,4.6875,-11,14.7,17,
1050,2026-09-02,14:32:34.51841,231.7747,,2562.5,54,,0,8.4375,772,21.1764705882353,0,28,14.4,-40,,0,4.6875,0,,,,,,,,,,,,1.87488,43.75,1.7578125,0,0,4.6875,-11,14.7,6,
1051,2026-09-02,14:32:34.70641,231.95434,,2562.5,54,,0,8.125,773,21.1764705882353,0,26,14.5,-40,,0,4.6875,0,,,,,,,,,,,,1.83582,37.5,1.3671875,0,0,4.6875,-11,14.7,6,
1052,2026-09-02,14:32:34.87881,232.12581,,2531.25,54,,0,7.8125,772,20.3921568627451,0,22,14.8,-40,,0,4.6875,0,,,,,,,,,,,,1.85535,37.5,0.78125,0,0,4.6875,-11,14.7,12,
1053,2026-09-02,14:32:35.05061,232.2988,,2593.75,54,,0,7.8125,772,20.3921568627451,0,22,15.2,-40,,0,4.6875,0,,,,,,,,,,,,1.83582,37.5,0.5859375,0,0,4.6875,-11,14.7,10,
1054,2026-09-02,14:32:35.22321,232.47391,,2562.5,54,,0,8.125,772,20.3921568627451,0,22,15.2,-40,,0,4.6875,0,,,,,,,,,,,,1.85535,37.5,1.3671875,0,0,4.6875,-11,14.7,9,
1055,2026-09-02,14:32:35.41051,232.65862,,2531.25,54,,0,7.8125,772,20.3921568627451,0,22,14.5,-40,,0,4.6875,0,,,,,,,,,,,,1.79676,37.5,1.953125,0,0,4.6875,-11,14.7,3,
1056,2026-09-02,14:32:35.58227,232.83326,,2531.25,54,,0,8.125,772,20.3921568627451,0,22,14.4,-40,,0,4.6875,0,,,,,,,,,,,,1.83582,37.5,1.7578125,0,0,4.6875,-11,14.7,6,
1057,2026-09-02,14:32:35.75518,233.00329,,2562.5,54,,0,8.125,772,20.7843137254902,0,24,14.4,-40,,0,4.6875,0,,,,,,,,,,,,1.83582,37.5,1.171875,0,0,4.6875,-11,14.7,16,
1058,2026-09-02,14:32:35.91229,233.16749,,2531.25,54,,0,8.125,772,20.7843137254902,0,26,14.6,-40,,0,4.6875,0,,,,,,,,,,,,1.83582,37.5,0.5859375,0,0,4.6875,-11,14.7,13,
1059,2026-09-02,14:32:36.11540,233.37252,,2531.25,54,,0,9.0625,772,21.9607843137255,0,42,14.7,-40,,0,4.6875,0,,,,,,,,,,,,1.91394,43.75,0,0,0,4.6875,-11,14.7,9,
1060,2026-09-02,14:32:36.30328,233.55052,,2500,54,,0,8.125,773,20.3921568627451,0,22,15.3,-40,,0,4.6875,0,,,,,,,,,,,,1.7577,37.5,0.1953125,0,0,4.6875,-11,14.7,5,
1061,2026-09-02,14:32:36.50694,233.75215,,2593.75,54,,0,7.5,772,20,0,18,14.8,-40,,0,4.6875,0,,,,,,,,,,,,1.83582,37.5,0.9765625,0,0,4.6875,-11,14.7,12,
1062,2026-09-02,14:32:36.70974,233.9663,,2468.75,54,,0,7.5,772,19.6078431372549,0,16,14.2,-40,,0,4.6875,0,,,,,,,,,,,,1.89441,37.5,1.171875,0,0,4.6875,-11,14.7,19,
1063,2026-09-02,14:32:36.91334,234.16148,,2562.5,54,,0,8.4375,772,20.7843137254902,0,28,14.1,-40,,0,4.6875,0,,,,,,,,,,,,1.89441,37.5,0.390625,0,0,4.6875,-11,14.7,20,
1064,2026-09-02,14:32:37.14832,234.39889,,2500,54,,0,8.4375,772,21.1764705882353,0,30,14.3,-40,,0,4.6875,0,,,,,,,,,,,,1.93347,43.75,-0.1953125,0,0,4.6875,-11,14.7,20,
1065,2026-09-02,14:32:37.38308,234.64074,,2500,54,,0,10,772,23.921568627451,0,44,15.2,-40,,0,4.6875,0,,,,,,,,,,,,1.953,50,-0.1953125,0,0,4.6875,-11,14.7,3,
1066,2026-09-02,14:32:37.58665,234.83399,,2500,54,,0,10,772,24.3137254901961,0,44,15.5,-40,,0,4.6875,0,,,,,,,,,,,,1.93347,50,0.5859375,0,0,4.6875,-11,14.7,12,
1067,2026-09-02,14:32:37.78989,235.03939,,2500,54,,0,10,772,24.3137254901961,0,44,14.8,-40,,0,4.6875,0,,,,,,,,,,,,1.89441,50,1.3671875,0,0,4.6875,-11,14.7,5,
1068,2026-09-02,14:32:37.97773,235.22975,,2500,54,,0,9.6875,772,23.921568627451,0,44,14.7,-40,,0,4.6875,0,,,,,,,,,,,,1.91394,43.75,2.1484375,0,0,4.6875,-11,14.7,9,
1069,2026-09-02,14:32:38.19716,235.44896,,2500,54,,0,9.375,772,23.921568627451,0,44,14.2,-40,,0,4.6875,0,,,,,,,,,,,,1.89441,43.75,1.5625,0,0,4.6875,-11,14.7,17,
1070,2026-09-02,14:32:38.40038,235.65397,,2468.75,54,,0,9.375,772,23.5294117647059,0,42,14.1,-40,,0,4.6875,0,,,,,,,,,,,,1.89441,43.75,0.9765625,0,0,4.6875,-11,14.7,20,
1071,2026-09-02,14:32:38.58753,235.84389,,2500,54,,0,9.375,772,23.5294117647059,0,44,14.5,-40,,0,4.6875,0,,,,,,,,,,,,1.89441,43.75,0.390625,0,0,4.6875,-11,14.7,7,
1072,2026-09-02,14:32:38.80693,236.0585,,2468.75,54,,0,11.5625,772,26.2745098039216,0,44,14.5,-40,,0,4.6875,0,,,,,,,,,,,,2.20689,62.5,-0.1953125,0,0,4.6875,-11,14.7,3,
1073,2026-09-02,14:32:39.01041,236.26334,,2531.25,54,,0,17.8125,772,38.0392156862745,0,41,14.4,-40,,0,4.6875,0,,,,,,,,,,,,2.30454,93.75,-0.390625,0,0,4.6875,-11,14.7,7,
1074,2026-09-02,14:32:39.26089,236.5176,,2500,54,,0,19.6875,771,42.7450980392157,0,40,13.2,-40,,0,4.6875,0,,,,,,,,,,,,2.26548,93.75,-0.9765625,0,0,4.6875,-11,14.7,12,
1075,2026-09-02,14:32:39.48018,236.73205,,2500,54,,0,16.25,772,39.6078431372549,0,44,13,-40,,0,4.6875,0,,,,,,,,,,,,1.97253,68.75,-1.7578125,0,0,4.6875,-11,14.7,3,
1076,2026-09-02,14:32:39.71504,236.97199,,2531.25,54,,0,11.5625,773,31.3725490196078,0,46,13.6,-40,,0,4.6875,0,,,,,,,,,,,,1.97253,56.25,-2.34375,0,0,4.6875,-11,14.7,5,
1077,2026-09-02,14:32:39.96579,237.2142,,2500,54,,0,10.3125,772,27.843137254902,0,46,14.7,-40,,0,4.6875,0,,,,,,,,,,,,1.91394,50,-3.125,0,0,4.6875,-11,14.7,3,
1078,2026-09-02,14:32:40.18424,237.43468,,2500,54,,0,10,772,25.8823529411765,0,45,15.9,-40,,0,4.6875,0,,,,,,,,,,,,1.93347,50,-2.9296875,0,0,4.6875,-11,14.7,4,
1079,2026-09-02,14:32:40.41978,237.6656,,2500,54,,0,9.6875,772,24.7058823529412,0,44,16.6,-40,,0,4.6875,0,,,,,,,,,,,,1.89441,43.75,-2.1484375,0,0,4.6875,-11,14.7,13,
1080,2026-09-02,14:32:40.65427,237.90528,,2468.75,54,,0,9.6875,772,23.921568627451,0,44,16.4,-40,,0,4.6875,0,,,,,,,,,,,,1.93347,43.75,-1.171875,0,0,4.6875,-11,14.7,0,
1081,2026-09-02,14:32:40.87366,238.12253,,2468.75,54,,0,9.6875,772,23.921568627451,0,44,16.2,-40,,0,4.6875,0,,,,,,,,,,,,1.85535,43.75,-0.390625,0,0,4.6875,-11,14.7,3,
1082,2026-09-02,14:32:41.12372,238.37975,,2468.75,54,,0,9.375,772,23.5294117647059,0,44,16.1,-40,,0,4.6875,0,,,,,,,,,,,,1.81629,43.75,0.5859375,0,0,4.6875,-11,14.7,11,
1083,2026-09-02,14:32:41.34226,238.59178,,2437.5,54,,0,9.375,772,23.1372549019608,0,40,15.5,-40,,0,4.6875,0,,,,,,,,,,,,1.89441,43.75,1.3671875,0,0,4.6875,-11,14.7,14,
1084,2026-09-02,14:32:41.57708,238.83393,,2468.75,52,,0,9.0625,772,23.1372549019608,0,40,15.2,-40,,0,4.6875,0,,,,,,,,,,,,1.89441,43.75,2.34375,0,0,4.6875,-11,14.7,5,
1085,2026-09-02,14:32:41.84375,239.09353,,2437.5,52,,0,9.0625,772,22.3529411764706,0,38,14.5,-40,,0,4.6875,0,,,,,,,,,,,,1.87488,43.75,3.3203125,0,0,4.6875,-11,14.7,5,
1086,2026-09-02,14:32:42.07804,239.32273,,2437.5,52,,0,8.4375,772,21.1764705882353,0,30,14.3,-40,,0,4.6875,0,,,,,,,,,,,,1.83582,37.5,3.125,0,0,4.6875,-11,14.7,0,
1087,2026-09-02,14:32:42.29770,239.54804,,2468.75,52,,0,8.4375,772,21.5686274509804,0,30,14,-40,,0,4.6875,0,,,,,,,,,,,,1.85535,37.5,2.34375,0,0,4.6875,-11,14.7,25,
1088,2026-09-02,14:32:42.53274,239.78752,,2437.5,52,,0,9.6875,772,22.7450980392157,0,44,14.4,-40,,0,4.6875,0,,,,,,,,,,,,1.93347,50,1.7578125,0,0,4.6875,-11,14.7,6,
1089,2026-09-02,14:32:42.72028,239.97718,,2375,52,,0,10.9375,772,25.0980392156863,0,44,14.3,-40,,0,4.6875,0,,,,,,,,,,,,2.01159,50,0.9765625,0,0,4.6875,-11,14.7,24,
1090,2026-09-02,14:32:42.97019,240.22174,,2468.75,52,,0,12.8125,772,28.6274509803922,0,44,14.4,-40,,0,4.6875,0,,,,,,,,,,,,2.07018,62.5,0.390625,0,0,4.6875,-11,14.7,17,
1091,2026-09-02,14:32:43.20546,240.45646,,2437.5,52,,0,12.8125,772,29.4117647058824,0,44,14.1,-40,,0,4.6875,0,,,,,,,,,,,,2.05065,62.5,-0.390625,0,0,4.6875,-11,14.7,4,
1092,2026-09-02,14:32:43.39386,240.65099,,2468.75,52,,0,12.5,773,30.1960784313725,0,46,13,-40,,0,4.6875,0,,,,,,,,,,,,1.99206,56.25,-0.9765625,0,0,4.6875,-11,14.7,6,
1093,2026-09-02,14:32:43.62856,240.87994,,2437.5,52,,0,11.5625,772,29.0196078431373,0,46,12.9,-40,,0,4.6875,0,,,,,,,,,,,,1.99206,56.25,-1.5625,0,0,4.6875,-11,14.7,3,
1094,2026-09-02,14:32:43.77006,241.0247,,2468.75,52,,0,11.25,772,28.6274509803922,0,46,13.3,-40,,0,4.6875,0,,,,,,,,,,,,1.97253,50,-2.1484375,0,0,4.6875,-11,14.7,4,
1095,2026-09-02,14:32:43.91010,241.15943,,2437.5,52,,0,10.9375,772,27.4509803921569,0,45,14.3,-40,,0,4.6875,0,,,,,,,,,,,,1.97253,50,-2.5390625,0,0,4.6875,-11,14.7,8,
1096,2026-09-02,14:32:44.03511,241.28932,,2468.75,52,,0,10.625,772,27.0588235294118,0,45,14.6,-40,,0,4.6875,0,,,,,,,,,,,,1.89441,50,-2.9296875,0,0,4.6875,-11,14.7,7,
1097,2026-09-02,14:32:44.17625,241.42522,,2437.5,52,,0,10.625,772,26.2745098039216,0,45,14.9,-40,,0,4.6875,0,,,,,,,,,,,,1.93347,50,-3.125,0,0,4.6875,-11,14.7,25,
1098,2026-09-02,14:32:44.30122,241.55957,,2468.75,52,,0,10.625,772,26.2745098039216,0,45,15.9,-40,,0,4.6875,0,,,,,,,,,,,,1.93347,50,-2.734375,0,0,4.6875,-11,14.7,6,
1099,2026-09-02,14:32:44.44186,241.69433,,2468.75,52,,0,10.625,772,26.6666666666667,0,44,16.1,-40,,0,4.6875,0,,,,,,,,,,,,1.953,50,-2.1484375,0,0,4.6875,-11,14.7,9,
1100,2026-09-02,14:32:44.63040,241.87915,,2468.75,52,,0,11.25,772,27.0588235294118,0,44,16.2,-40,,0,4.6875,0,,,,,,,,,,,,1.97253,56.25,-1.5625,0,0,4.6875,-11,14.7,11,
1101,2026-09-02,14:32:44.78667,242.03827,,2468.75,52,,0,11.5625,772,27.4509803921569,0,44,15.8,-40,,0,4.6875,0,,,,,,,,,,,,2.03112,56.25,-0.9765625,0,0,4.6875,-11,14.7,6,
1102,2026-09-02,14:32:44.95948,242.21363,,2437.5,52,,0,11.5625,772,27.0588235294118,0,44,15.8,-40,,0,4.6875,0,,,,,,,,,,,,2.01159,56.25,-0.1953125,0,0,4.6875,-11,14.7,7,
1103,2026-09-02,14:32:45.17868,242.42497,,2500,52,,0,11.875,772,27.843137254902,0,44,15.5,-40,,0,4.6875,0,,,,,,,,,,,,2.01159,56.25,0.5859375,0,0,4.6875,-11,14.7,13,
1104,2026-09-02,14:32:45.35006,242.60823,,2468.75,52,,0,11.5625,772,27.843137254902,0,44,15.2,-40,,0,4.6875,0,,,,,,,,,,,,2.01159,56.25,1.953125,0,0,4.6875,-11,14.7,12,
1105,2026-09-02,14:32:45.58494,242.83522,,2468.75,52,,0,11.875,772,28.2352941176471,0,44,14.5,-40,,0,4.6875,0,,,,,,,,,,,,2.01159,56.25,2.734375,0,0,4.6875,-11,14.7,0,
1106,2026-09-02,14:32:45.77301,243.01925,,2500,52,,0,11.875,772,28.6274509803922,0,44,14.4,-40,,0,4.6875,0,,,,,,,,,,,,2.01159,56.25,2.34375,0,0,4.6875,-11,14.7,1,
1107,2026-09-02,14:32:45.97700,243.22728,,2468.75,52,,0,12.5,772,29.4117647058824,0,44,14.5,-40,,0,4.6875,0,,,,,,,,,,,,2.08971,62.5,1.7578125,0,0,4.6875,-11,14.7,1,
1108,2026-09-02,14:32:46.18001,243.43613,,2500,52,,0,14.0625,772,32.5490196078431,0,44,14.4,-40,,0,4.6875,0,,,,,,,,,,,,2.1483,68.75,0.9765625,0,0,4.6875,-11,14.7,3,
1109,2026-09-02,14:32:46.44663,243.70111,,2500,54,,0,13.4375,772,32.156862745098,0,44,14.3,-40,,0,4.6875,0,,,,,,,,,,,,2.03112,62.5,0.1953125,0,0,4.6875,-11,14.7,5,
1110,2026-09-02,14:32:46.63365,243.89093,,2500,54,,0,12.8125,772,31.3725490196078,0,44,14.3,-40,,0,4.6875,0,,,,,,,,,,,,2.05065,62.5,-0.390625,0,0,4.6875,-11,14.7,9,
1111,2026-09-02,14:32:46.85235,244.10571,,2531.25,54,,0,12.5,772,31.3725490196078,0,45,14.6,-40,,0,4.6875,0,,,,,,,,,,,,1.953,56.25,-0.9765625,0,0,4.6875,-11,14.7,7,
1112,2026-09-02,14:32:47.04090,244.29538,,2500,54,,0,10.3125,772,27.4509803921569,0,45,14.5,-40,,0,4.6875,0,,,,,,,,,,,,1.91394,50,-1.5625,0,0,4.6875,-11,14.7,12,
1113,2026-09-02,14:32:47.28135,244.52754,,2500,54,,0,10,772,25.8823529411765,0,45,14.8,-40,,0,4.6875,0,,,,,,,,,,,,1.93347,50,-2.1484375,0,0,4.6875,-11,14.7,10,
1114,2026-09-02,14:32:47.51064,244.75963,,2500,54,,0,9.6875,772,24.7058823529412,0,45,16.1,-40,,0,4.6875,0,,,,,,,,,,,,1.953,50,-1.3671875,0,0,4.6875,-11,14.7,2,
1115,2026-09-02,14:32:47.71418,244.96142,,2500,54,,0,10,772,25.0980392156863,0,44,15.8,-40,,0,4.6875,0,,,,,,,,,,,,2.10924,56.25,-0.5859375,0,0,4.6875,-11,14.7,14,
1116,2026-09-02,14:32:47.96460,245.21898,,2531.25,54,,0,13.4375,772,30.5882352941176,0,44,16.1,-40,,0,4.6875,0,,,,,,,,,,,,2.10924,62.5,0.1953125,0,0,4.6875,-11,14.7,2,
1117,2026-09-02,14:32:48.18383,245.43066,,2531.25,54,,0,13.125,772,30.5882352941176,0,44,14.7,-40,,0,4.6875,0,,,,,,,,,,,,2.05065,62.5,1.171875,0,0,4.6875,-11,14.7,13,
1118,2026-09-02,14:32:48.40297,245.65131,,2531.25,54,,0,10.9375,772,27.0588235294118,0,44,14.7,-40,,0,4.6875,0,,,,,,,,,,,,1.91394,50,1.953125,0,0,4.6875,-11,14.7,16,
1119,2026-09-02,14:32:48.59005,245.84262,,2531.25,54,,0,9.6875,772,25.0980392156863,0,44,14,-40,,0,4.6875,0,,,,,,,,,,,,1.91394,50,1.5625,0,0,4.6875,-11,14.7,2,
1120,2026-09-02,14:32:48.80928,246.06168,,2531.25,54,,0,9.375,772,24.3137254901961,0,44,14.5,-40,,0,4.6875,0,,,,,,,,,,,,1.93347,43.75,0.9765625,0,0,4.6875,-11,14.7,4,
1121,2026-09-02,14:32:48.95038,246.20146,,2531.25,54,,0,9.375,772,23.921568627451,0,44,14.8,-40,,0,4.6875,0,,,,,,,,,,,,1.87488,43.75,0.5859375,0,0,4.6875,-11,14.7,7,
1122,2026-09-02,14:32:49.09097,246.33686,,2500,54,,0,9.375,772,23.921568627451,0,44,15.4,-40,,0,4.6875,0,,,,,,,,,,,,1.87488,43.75,1.171875,0,0,4.6875,-11,14.7,10,
1123,2026-09-02,14:32:49.21134,246.46604,,2531.25,54,,0,9.375,772,23.5294117647059,0,42,15.3,-40,,0,4.6875,0,,,,,,,,,,,,1.89441,43.75,1.5625,0,0,4.6875,-11,14.7,16,
1124,2026-09-02,14:32:49.36792,246.61629,,2531.25,54,,0,9.375,772,23.1372549019608,0,40,15.1,-40,,0,4.6875,0,,,,,,,,,,,,1.67958,37.5,2.1484375,0,0,4.6875,-11,14.7,7,
1125,2026-09-02,14:32:49.55553,246.80079,,2468.75,54,,0,7.1875,772,19.2156862745098,0,12,15,-40,,0,4.6875,0,,,,,,,,,,,,1.7577,31.25,2.9296875,0,0,4.6875,-11,14.7,12,
1126,2026-09-02,14:32:49.71226,246.96537,,2562.5,54,,0,6.5625,772,18.4313725490196,0,6,14.5,-40,,0,4.6875,0,,,,,,,,,,,,1.71864,31.25,3.3203125,0,0,4.6875,-11,14.7,7,
1127,2026-09-02,14:32:49.91578,247.16542,,2468.75,54,,0,6.5625,772,17.6470588235294,0,4,14,-40,,0,4.6875,0,,,,,,,,,,,,1.77723,31.25,2.9296875,0,0,4.6875,-11,14.7,7,
1128,2026-09-02,14:32:50.10280,247.35527,,2468.75,54,,0,6.5625,772,17.6470588235294,0,4,13.9,-40,,0,4.6875,0,,,,,,,,,,,,1.87488,31.25,2.1484375,0,0,4.6875,-11,14.7,0,
1129,2026-09-02,14:32:50.30692,247.56482,,2500,54,,0,8.4375,772,20.7843137254902,0,32,14.3,-40,,0,4.6875,0,,,,,,,,,,,,1.83582,43.75,0.78125,0,0,4.6875,-11,14.7,4,
1130,2026-09-02,14:32:50.54161,247.79273,,2437.5,54,,0,9.6875,772,22.7450980392157,0,44,15.3,-40,,0,4.6875,0,,,,,,,,,,,,1.953,50,0.78125,0,0,4.6875,-11,14.7,3,
1131,2026-09-02,14:32:50.77648,248.0243,,2468.75,54,,0,11.5625,772,27.0588235294118,0,44,15.1,-40,,0,4.6875,0,,,,,,,,,,,,1.97253,56.25,1.7578125,0,0,4.6875,-11,14.7,15,
1132,2026-09-02,14:32:50.98029,248.23385,,2468.75,54,,0,11.875,772,27.843137254902,0,44,14.3,-40,,0,4.6875,0,,,,,,,,,,,,1.97253,56.25,1.5625,0,0,4.6875,-11,14.7,3,
1133,2026-09-02,14:32:51.18363,248.42851,,2468.75,54,,0,11.875,772,28.2352941176471,0,44,13.9,-40,,0,4.6875,0,,,,,,,,,,,,2.01159,56.25,0.9765625,0,0,4.6875,-11,14.7,19,
1134,2026-09-02,14:32:51.38635,248.63534,,2468.75,54,,0,11.5625,772,28.6274509803922,0,45,13.4,-40,,0,4.6875,0,,,,,,,,,,,,2.01159,56.25,0.390625,0,0,4.6875,-11,14.7,5,
1135,2026-09-02,14:32:51.59000,248.84306,,2500,54,,0,11.25,772,28.6274509803922,0,46,13,-40,,0,4.6875,0,,,,,,,,,,,,1.91394,56.25,-0.390625,0,0,4.6875,-11,14.7,16,
1136,2026-09-02,14:32:51.82428,249.07476,,2468.75,54,,0,10.625,772,27.4509803921569,0,45,13.1,-40,,0,4.6875,0,,,,,,,,,,,,1.93347,50,-0.9765625,0,0,4.6875,-11,14.7,11,
1137,2026-09-02,14:32:52.02814,249.27741,,2500,54,,0,10,772,25.8823529411765,0,45,14.4,-40,,0,4.6875,0,,,,,,,,,,,,1.87488,50,-1.5625,0,0,4.6875,-11,14.7,12,
1138,2026-09-02,14:32:52.23217,249.48703,,2500,54,,0,9.6875,772,25.0980392156863,0,45,15.3,-40,,0,4.6875,0,,,,,,,,,,,,1.91394,50,-1.953125,0,0,4.6875,-11,14.7,3,
1139,2026-09-02,14:32:52.43536,249.68152,,2500,54,,0,9.6875,772,24.7058823529412,0,45,16,-40,,0,4.6875,0,,,,,,,,,,,,1.93347,50,-1.171875,0,0,4.6875,-11,14.7,11,
1140,2026-09-02,14:32:52.66974,249.91835,,2500,54,,0,10.3125,772,25.8823529411765,0,44,15.8,-40,,0,4.6875,0,,,,,,,,,,,,2.1483,62.5,-0.390625,0,0,4.6875,-11,14.7,3,
1141,2026-09-02,14:32:52.92053,250.16823,,2500,54,,0,15.625,772,34.5098039215686,0,43,15.4,-40,,0,4.6875,0,,,,,,,,,,,,2.24595,81.25,0.5859375,0,0,4.6875,-11,14.7,3,
1142,2026-09-02,14:32:53.15478,250.40588,,2500,54,,0,15.9375,773,36.8627450980392,0,43,13.5,-40,,0,4.6875,0,,,,,,,,,,,,2.12877,75,0.390625,0,0,4.6875,-11,14.7,7,
1143,2026-09-02,14:32:53.42095,250.66895,,2531.25,54,,0,14.6875,773,35.6862745098039,0,44,14,-40,,0,4.6875,0,,,,,,,,,,,,2.01159,68.75,-0.390625,0,0,4.6875,-11,14.7,5,
1144,2026-09-02,14:32:53.67136,250.92471,,2531.25,54,,0,11.875,772,30.9803921568627,0,46,13.9,-40,,0,4.6875,0,,,,,,,,,,,,1.97253,56.25,-1.171875,0,0,4.6875,-11,14.7,1,
1145,2026-09-02,14:32:53.90626,251.16467,,2562.5,54,,0,11.25,772,28.6274509803922,0,45,14.2,-40,,0,4.6875,0,,,,,,,,,,,,2.01159,56.25,-1.953125,0,0,4.6875,-11,14.7,5,
1146,2026-09-02,14:32:54.15677,251.40392,,2531.25,54,,0,10,772,26.2745098039216,0,45,15.9,-40,,0,4.6875,0,,,,,,,,,,,,1.87488,43.75,-1.5625,0,0,4.6875,-11,14.7,1,
1147,2026-09-02,14:32:54.39170,251.64104,,2562.5,54,,0,8.75,772,23.5294117647059,0,36,15.9,-40,,0,4.6875,0,,,,,,,,,,,,1.85535,43.75,-0.5859375,0,0,4.6875,-11,14.7,8,
1148,2026-09-02,14:32:54.62647,251.87817,,2531.25,54,,0,8.75,773,22.3529411764706,0,34,15.6,-40,,0,4.6875,0,,,,,,,,,,,,1.87488,43.75,0.390625,0,0,4.6875,-11,14.7,2,
1149,2026-09-02,14:32:54.83015,252.08028,,2562.5,54,,0,9.0625,772,22.3529411764706,0,36,15.4,-40,,0,4.6875,0,,,,,,,,,,,,1.91394,43.75,1.171875,0,0,4.6875,-11,14.7,7,
1150,2026-09-02,14:32:55.06504,252.32254,,2531.25,54,,0,8.75,772,22.3529411764706,0,36,15.3,-40,,0,4.6875,0,,,,,,,,,,,,1.91394,43.75,1.953125,0,0,4.6875,-11,14.7,12,
1151,2026-09-02,14:32:55.29992,252.54965,,2531.25,54,,0,9.375,772,22.7450980392157,0,40,14.9,-40,,0,4.6875,0,,,,,,,,,,,,1.93347,43.75,2.5390625,0,0,4.6875,-11,14.7,4,
1152,2026-09-02,14:32:55.50356,252.76108,,2531.25,54,,0,10.625,772,25.0980392156863,0,44,14.7,-40,,0,4.6875,0,,,,,,,,,,,,2.05065,56.25,3.515625,0,0,4.6875,-11,14.7,3,
1153,2026-09-02,14:32:55.67539,252.92577,,2562.5,54,,0,12.5,772,28.2352941176471,0,45,14.5,-40,,0,4.6875,0,,,,,,,,,,,,2.03112,62.5,4.1015625,0,0,4.6875,-11,14.7,10,
1154,2026-09-02,14:32:55.84772,253.10548,,2562.5,54,,0,12.5,772,29.0196078431373,0,44,13.9,-40,,0,4.6875,0,,,,,,,,,,,,2.10924,62.5,3.7109375,0,0,4.6875,-11,14.7,5,
1155,2026-09-02,14:32:56.02007,253.27026,,2562.5,54,,0,13.4375,773,31.7647058823529,0,45,13.4,-40,,0,4.6875,0,,,,,,,,,,,,2.07018,68.75,3.125,0,0,4.6875,-11,14.7,10,
1156,2026-09-02,14:32:56.17633,253.43505,,2562.5,54,,0,13.4375,772,32.5490196078431,0,46,12.9,-40,,0,4.6875,0,,,,,,,,,,,,2.07018,68.75,2.5390625,0,0,4.6875,-11,14.7,6,
1157,2026-09-02,14:32:56.36462,253.6148,,2593.75,56,,0,13.125,772,32.9411764705882,0,46,12.4,-40,,0,4.6875,0,,,,,,,,,,,,2.07018,62.5,1.953125,0,0,4.6875,-11,14.7,1,
1158,2026-09-02,14:32:56.52095,253.76767,,2593.75,56,,0,13.125,772,33.3333333333333,0,46,13,-40,,0,4.6875,0,,,,,,,,,,,,2.12877,68.75,1.5625,0,0,4.6875,-11,14.7,20,
1159,2026-09-02,14:32:56.69293,253.94475,,2593.75,56,,0,12.8125,773,32.9411764705882,0,46,13.2,-40,,0,4.6875,0,,,,,,,,,,,,2.07018,62.5,0.9765625,0,0,4.6875,-11,14.7,14,
1160,2026-09-02,14:32:56.88056,254.13445,,2593.75,56,,0,13.125,772,32.9411764705882,0,45,14.3,-40,,0,4.6875,0,,,,,,,,,,,,2.08971,68.75,0.390625,0,0,4.6875,-11,14.7,7,
1161,2026-09-02,14:32:57.03692,254.29423,,2562.5,56,,0,13.125,772,32.9411764705882,0,45,14.5,-40,,0,4.6875,0,,,,,,,,,,,,2.07018,68.75,-0.1953125,0,0,4.6875,-11,14.7,11,
1162,2026-09-02,14:32:57.20917,254.45898,,2593.75,56,,0,13.4375,772,32.9411764705882,0,44,14.7,-40,,0,4.6875,0,,,,,,,,,,,,2.12877,68.75,-0.5859375,0,0,4.6875,-11,14.7,19,
1163,2026-09-02,14:32:57.39619,254.6483,,2593.75,56,,0,13.75,772,33.3333333333333,0,44,14.9,-40,,0,4.6875,0,,,,,,,,,,,,2.10924,68.75,-0.78125,0,0,4.6875,-11,14.7,12,
1164,2026-09-02,14:32:57.58485,254.83295,,2593.75,56,,0,15.625,772,36.078431372549,0,43,15.5,-40,,0,4.6875,0,,,,,,,,,,,,2.20689,81.25,0,0,0,4.6875,-11,14.7,14,
1165,2026-09-02,14:32:57.75727,255.01314,,2625,56,,0,16.25,772,38.8235294117647,0,43,14.3,-40,,0,4.6875,0,,,,,,,,,,,,2.16783,81.25,0.5859375,0,0,4.6875,-11,14.7,12,
1166,2026-09-02,14:32:57.96092,255.21262,,2593.75,56,,0,15.3125,772,37.6470588235294,0,43,13.8,-40,,0,4.6875,0,,,,,,,,,,,,2.12877,75,0,0,0,4.6875,-11,14.7,5,
1167,2026-09-02,14:32:58.13275,255.38711,,2625,56,,0,14.375,772,36.078431372549,0,45,14.4,-40,,0,4.6875,0,,,,,,,,,,,,2.08971,68.75,-0.78125,0,0,4.6875,-11,14.7,7,
1168,2026-09-02,14:32:58.32072,255.57647,,2625,56,,0,13.4375,772,34.5098039215686,0,46,14.3,-40,,0,4.6875,0,,,,,,,,,,,,2.08971,68.75,-1.3671875,0,0,4.6875,-11,14.7,0,
1169,2026-09-02,14:32:58.46194,255.70699,,2625,56,,0,13.125,772,34.1176470588235,0,46,14.6,-40,,0,4.6875,0,,,,,,,,,,,,2.10924,68.75,-1.7578125,0,0,4.6875,-11,14.7,7,
1170,2026-09-02,14:32:58.60253,255.85106,,2625,56,,0,13.4375,773,33.7254901960784,0,45,15.2,-40,,0,4.6875,0,,,,,,,,,,,,2.08971,68.75,-1.953125,0,0,4.6875,-11,14.7,6,
1171,2026-09-02,14:32:58.72804,255.98586,,2625,56,,0,13.75,773,34.1176470588235,0,45,15.5,-40,,0,4.6875,0,,,,,,,,,,,,2.12877,68.75,-1.3671875,0,0,4.6875,-11,14.7,11,
1172,2026-09-02,14:32:58.86860,256.11636,,2625,56,,0,14.0625,772,34.5098039215686,0,44,15.7,-40,,0,4.6875,0,,,,,,,,,,,,2.1483,75,-0.78125,0,0,4.6875,-11,14.7,11,
1173,2026-09-02,14:32:58.99410,256.25047,,2656.25,56,,0,15,772,36.078431372549,0,43,15,-40,,0,4.6875,0,,,,,,,,,,,,2.18736,81.25,-0.1953125,0,0,4.6875,-11,14.7,7,
1174,2026-09-02,14:32:59.13472,256.3902,,2625,56,,0,15.3125,773,36.8627450980392,0,43,14.8,-40,,0,4.6875,0,,,,,,,,,,,,2.26548,81.25,0.390625,0,0,4.6875,-11,14.7,12,
1175,2026-09-02,14:32:59.27626,256.52203,,2656.25,56,,0,16.25,772,38.4313725490196,0,43,14.4,-40,,0,4.6875,0,,,,,,,,,,,,2.24595,81.25,0.78125,0,0,4.6875,-11,14.7,3,
1176,2026-09-02,14:32:59.44814,256.69544,,2656.25,56,,0,19.375,772,43.5294117647059,0,41,14.1,-40,,0,4.6875,0,,,,,,,,,,,,2.3436,100,0.1953125,0,0,4.6875,-11,14.7,17,
1177,2026-09-02,14:32:59.62045,256.86982,,2656.25,56,,0,20.625,772,45.8823529411765,0,40,13.9,-40,,0,4.6875,0,,,,,,,,,,,,2.3436,106.25,-0.390625,0,0,4.6875,-11,14.7,23,
1178,2026-09-02,14:32:59.80817,257.05623,,2656.25,58,,0,20,773,46.2745098039216,0,40,14.2,-40,,0,4.6875,0,,,,,,,,,,,,2.30454,100,-0.9765625,0,0,4.6875,-11,14.7,26,
1179,2026-09-02,14:32:59.98019,257.23462,,2687.5,58,,0,19.0625,772,44.3137254901961,0,41,14.6,-40,,0,4.6875,0,,,,,,,,,,,,2.24595,93.75,-1.5625,0,0,4.6875,-11,14.7,14,
1180,2026-09-02,14:33:00.15187,257.4087,,2687.5,58,,0,17.1875,772,41.9607843137255,0,42,15,-40,,0,4.6875,0,,,,,,,,,,,,2.22642,87.5,-1.5625,0,0,4.6875,-11,14.7,8,
1181,2026-09-02,14:33:00.34066,257.58878,,2687.5,58,,0,16.25,772,40.3921568627451,0,43,14.8,-40,,0,4.6875,0,,,,,,,,,,,,2.20689,81.25,-0.78125,0,0,4.6875,-11,14.7,4,
1182,2026-09-02,14:33:00.51302,257.75876,,2718.75,58,,0,15.625,772,39.6078431372549,0,43,14.5,-40,,0,4.6875,0,,,,,,,,,,,,2.18736,81.25,0,0,0,4.6875,-11,14.7,6,
1183,2026-09-02,14:33:00.68480,257.93336,,2718.75,58,,0,14.6875,772,37.6470588235294,0,44,14.5,-40,,0,4.6875,0,,,,,,,,,,,,2.1483,75,-0.1953125,0,0,4.6875,-11,14.7,6,
1184,2026-09-02,14:33:00.85642,258.11317,,2718.75,58,,0,13.75,772,35.6862745098039,0,46,14.3,-40,,0,4.6875,0,,,,,,,,,,,,2.08971,68.75,-0.5859375,0,0,4.6875,-11,14.7,0,
1185,2026-09-02,14:33:01.06009,258.31282,,2718.75,58,,0,12.5,772,33.7254901960784,0,45,14.9,-40,,0,4.6875,0,,,,,,,,,,,,2.08971,62.5,-1.3671875,0,0,4.6875,-11,14.7,27,
1186,2026-09-02,14:33:01.26364,258.50734,,2718.75,58,,0,11.875,772,32.156862745098,0,45,15.5,-40,,0,4.6875,0,,,,,,,,,,,,2.05065,62.5,-0.5859375,0,0,4.6875,-11,14.7,8,
1187,2026-09-02,14:33:01.45083,258.69758,,2718.75,58,,0,11.25,773,30.5882352941176,0,45,15.1,-40,,0,4.6875,0,,,,,,,,,,,,2.03112,56.25,0.1953125,0,0,4.6875,-11,14.7,11,
1188,2026-09-02,14:33:01.65426,258.90455,,2750,58,,0,11.25,772,30.1960784313725,0,45,15,-40,,0,4.6875,0,,,,,,,,,,,,2.01159,56.25,0.9765625,0,0,4.6875,-11,14.7,3,
1189,2026-09-02,14:33:01.87351,259.12641,,2750,58,,0,10.9375,772,29.0196078431373,0,44,14.7,-40,,0,4.6875,0,,,,,,,,,,,,2.08971,56.25,1.953125,0,0,4.6875,-11,14.7,18,
1190,2026-09-02,14:33:02.09276,259.33885,,2750,58,,0,11.25,772,29.0196078431373,0,44,14.5,-40,,0,4.6875,0,,,,,,,,,,,,2.08971,62.5,2.734375,0,0,4.6875,-11,14.7,17,
1191,2026-09-02,14:33:02.31165,259.55791,,2750,58,,0,14.0625,772,33.3333333333333,0,44,14.4,-40,,0,4.6875,0,,,,,,,,,,,,2.3436,81.25,2.1484375,0,0,4.6875,-11,14.7,18,
1192,2026-09-02,14:33:02.53090,259.77755,,2750,58,,0,18.75,772,42.3529411764706,0,41,13.9,-40,,0,4.6875,0,,,,,,,,,,,,2.49984,106.25,1.3671875,0,0,4.6875,-11,14.7,35,
1193,2026-09-02,14:33:02.76645,260.02026,,2781.25,60,,0,23.125,773,53.3333333333333,0,37,14.3,-40,,0,4.6875,0,,,,,,,,,,,,2.57796,131.25,0.390625,0,0,4.6875,-11,14.7,20,
1194,2026-09-02,14:33:03.00077,260.25491,,2812.5,60,,7,27.5,772,61.9607843137255,0,29,15,-40,,0,4.6875,0,,,,,,,,,,,,2.67561,162.5,0.5859375,0,0,4.6875,-11,14.7,23,
1195,2026-09-02,14:33:03.20337,260.45959,,2843.75,60,,7,31.5625,772,67.843137254902,0,25,14.8,-40,,0,4.6875,0,,,,,,,,,,,,2.79279,175,1.5625,0,0,4.6875,-11,14.7,25,
1196,2026-09-02,14:33:03.45441,260.69902,,2875,62,,7,35.625,773,74.1176470588235,0,21,14.3,-40,,0,4.6875,0,,,,,,,,,,,,2.81232,206.25,2.734375,0,0,4.6875,-11,14.7,7,
1197,2026-09-02,14:33:03.64258,260.89891,,3000,62,,6,40,773,79.2156862745098,0,19,13.6,-40,,0,4.6875,0,,,,,,,,,,,,2.94903,231.25,0,0,0,4.6875,-11,12.8,10,
1198,2026-09-02,14:33:03.90896,261.15561,,3000,62,,6,40.625,772,79.6078431372549,0,21,13.5,-40,,0,4.6875,0,,,,,,,,,,,,3.14433,237.5,0,0,0,4.6875,-11,12.7135135135135,15,
1199,2026-09-02,14:33:04.22202,261.47049,,3093.75,66,,6,40.9375,772,80,0,21,13,-40,,0,4.6875,0,,,,,,,,,,,,3.04668,250,0,0,0,4.6875,-11,12.6281879194631,4,
1200,2026-09-02,14:33:04.42511,261.68228,,3156.25,66,,5,40.625,772,80,0,22,12.8,-40,,0,4.6875,0,,,,,,,,,,,,2.71467,250,0,0,0,4.6875,-11,12.7135135135135,3,
1201,2026-09-02,14:33:04.64444,261.89226,,3218.75,66,,5,40.3125,772,80,0,22,13.1,-40,,0,4.6875,0,,,,,,,,,,,,2.24595,256.25,0,0,0,4.6875,-11,12.8,1,
1202,2026-09-02,14:33:04.91082,262.15924,,3250,70,,5,40.3125,772,80,0,22,13.1,-40,,0,4.6875,0,,,,,,,,,,,,2.83185,262.5,0,0,0,4.6875,-11,12.7135135135135,16,
1203,2026-09-02,14:33:05.16146,262.41608,,3343.75,70,,5,40.625,773,80,0,22,13,-40,,0,4.6875,0,,,,,,,,,,,,3.10527,268.75,0,0,0,4.6875,-11,12.544,21,
1204,2026-09-02,14:33:05.38058,262.6284,,3437.5,70,,4,41.875,772,80,0,21,12.7,-40,,0,4.6875,0,,,,,,,,,,,,3.3201,281.25,0,0,0,4.6875,-11,12.4609271523179,17,
1205,2026-09-02,14:33:05.61544,262.86286,,3468.75,74,,4,41.875,772,80,0,21,12.5,-40,,0,4.6875,0,,,,,,,,,,,,3.69117,281.25,0,0,0,4.6875,-11,12.544,15,
1206,2026-09-02,14:33:05.81896,263.06977,,3531.25,74,,4,40.9375,773,80,0,21,12.6,-40,,0,4.6875,0,,,,,,,,,,,,2.26548,281.25,0,0,0,4.6875,-11,12.7135135135135,0,
1207,2026-09-02,14:33:06.03781,263.28505,,3593.75,74,,3,39.0625,772,80,0,24,13.3,-40,,0,4.6875,0,,,,,,,,,,,,3.82788,275,0,0,0,4.6875,-11,12.8,9,
1208,2026-09-02,14:33:06.25698,263.51484,,3656.25,78,,3,39.6875,772,80,0,24,13.8,-40,,0,4.6875,0,,,,,,,,,,,,3.73023,281.25,0,0,0,4.6875,-11,12.6281879194631,19,
1209,2026-09-02,14:33:06.52295,263.77165,,3750,78,,3,40.625,772,80,0,23,14.2,-40,,0,4.6875,0,,,,,,,,,,,,3.53493,300,0,0,0,4.6875,-11,12.3789473684211,11,
1210,2026-09-02,14:33:06.72650,263.97899,,3781.25,78,,3,41.875,772,80,0,23,13.8,-40,,0,4.6875,0,,,,,,,,,,,,3.5154,312.5,0,0,0,4.6875,-11,12.2980392156863,9,
1211,2026-09-02,14:33:06.94521,264.19821,,3843.75,82,,2,43.125,772,80,0,21,13.1,-40,,0,4.6875,0,,,,,,,,,,,,2.65608,325,0,0,0,4.6875,-11,12.2980392156863,17,
1212,2026-09-02,14:33:07.16456,264.41349,,3937.5,82,,2,43.75,773,80,0,20,12.9,-40,,0,4.6875,0,,,,,,,,,,,,2.90997,331.25,0,0,0,4.6875,-11,12.2181818181818,11,
1213,2026-09-02,14:33:07.38374,264.63789,,4000,82,,2,44.375,772,80.3921568627451,0,19,12.8,-40,,0,4.6875,0,,,,,,,,,,,,3.43728,343.75,0,0,0,4.6875,-11,12.2181818181818,5,
1214,2026-09-02,14:33:07.66555,264.92242,,4031.25,86,,1,45.3125,772,80,0,20,12.8,-40,,0,4.6875,0,,,,,,,,,,,,3.5154,356.25,0,0,0,4.6875,-11,12.1393548387097,18,
1215,2026-09-02,14:33:07.87223,265.12707,,4125,86,,1,45.9375,772,79.2156862745098,0,20,12.6,-40,,0,4.6875,0,,,,,,,,,,,,3.04668,356.25,0,0,0,4.6875,-11,12.2181818181818,20,
1216,2026-09-02,14:33:08.10396,265.36175,,4156.25,86,,1,27.1875,772,51.3725490196078,0,30,11.8,-40,,0,4.6875,0,,,,,,,,,,,,2.12877,131.25,-0.390625,0,0,4.6875,-11,14.7,41,
1217,2026-09-02,14:33:08.37028,265.61827,,4125,88,,0,4.375,772,12.156862745098,0,22,12.5,-40,,0,4.6875,0,,,,,,,,,,,,1.62099,25,0,0,0,4.6875,-11,13.9377777777778,22,
1218,2026-09-02,14:33:08.57369,265.82605,,4125,88,,0,2.8125,772,10.9803921568627,0,22,12.7,-40,,0,4.6875,0,,,,,,,,,,,,1.58193,25,0,0,0,4.6875,-11,14.1473684210526,24,
1219,2026-09-02,14:33:08.77694,266.03101,,4125,88,,0,2.8125,772,10.9803921568627,0,22,14,-40,,0,4.6875,0,,,,,,,,,,,,1.64052,18.75,0,0,0,4.6875,-11,14.363358778626,22,
1220,2026-09-02,14:33:09.01226,266.26979,,4062.5,88,,0,2.5,773,10.5882352941176,0,22,13.7,-40,,0,4.6875,0,,,,,,,,,,,,1.5624,18.75,0,0,0,4.6875,-11,14.4738461538462,29,
1221,2026-09-02,14:33:09.24697,266.50492,,4031.25,88,,0,2.5,771,10.5882352941176,0,22,15.5,-40,,0,4.6875,0,,,,,,,,,,,,1.48428,18.75,0,0,0,4.6875,-11,14.5860465116279,7,
1222,2026-09-02,14:33:09.46591,266.71206,,4031.25,88,,0,2.1875,772,10.5882352941176,0,22,24.6,-40,,0,4.6875,0,,,,,,,,,,,,1.5624,18.75,0,0,0,4.6875,-11,14.7,5,
1223,2026-09-02,14:33:09.74746,267.00413,,4000,86,,0,2.1875,771,10.1960784313725,0,22,53.7,-40,,0,4.6875,0,,,,,,,,,,,,1.50381,12.5,0,0,0,4.6875,-11,14.7,3,
1224,2026-09-02,14:33:09.96617,267.21693,,4000,86,,0,1.875,772,9.80392156862745,0,21,72.8,-40,,0,4.6875,0,,,,,,,,,,,,1.44522,12.5,0,0,0,4.6875,-11,14.7,5,
1225,2026-09-02,14:33:10.24830,267.49573,,3968.75,86,,0,4.375,772,13.3333333333333,0,21,91.9,-40,,0,4.6875,0,,,,,,,,,,,,1.7577,31.25,0,0,0,4.6875,-11,14.7,15,
1226,2026-09-02,14:33:10.48258,267.72756,,3906.25,84,,0,4.375,772,14.1176470588235,0,20,96,-40,,0,4.6875,0,,,,,,,,,,,,1.77723,31.25,0,0,0,4.6875,-11,14.7,8,
1227,2026-09-02,14:33:10.70240,267.95762,,3812.5,84,,0,4.375,772,14.1176470588235,0,19,99.9,-40,,0,4.6875,0,,,,,,,,,,,,1.71864,31.25,0,0,0,4.6875,-11,14.7,2,
1228,2026-09-02,14:33:10.90564,268.15458,,3750,84,,0,4.375,772,14.1176470588235,0,18,99.9,-40,,0,4.6875,0,,,,,,,,,,,,1.79676,31.25,0,0,0,4.6875,-11,14.7,11,
1229,2026-09-02,14:33:11.18765,268.43503,,3718.75,80,,0,4.375,773,14.5098039215686,0,17,99.9,-40,,0,4.6875,0,,,,,,,,,,,,1.71864,31.25,0,0,0,4.6875,-11,14.7,25,
1230,2026-09-02,14:33:11.39128,268.64659,,3656.25,80,,0,4.375,772,14.5098039215686,0,16,99.9,-40,,0,4.6875,0,,,,,,,,,,,,1.73817,31.25,0,0,0,4.6875,-11,14.7,8,
1231,2026-09-02,14:33:11.64128,268.88589,,3593.75,80,,0,4.375,772,14.9019607843137,0,15,99.9,-40,,0,4.6875,0,,,,,,,,,,,,1.69911,31.25,0,0,0,4.6875,-11,14.7,24,
1232,2026-09-02,14:33:11.89204,269.14572,,3531.25,76,,0,4.375,772,15.2941176470588,0,14,99.9,-40,,0,4.6875,0,,,,,,,,,,,,1.69911,31.25,0,0,0,4.6875,-11,14.7,2,
1233,2026-09-02,14:33:12.12656,269.37311,,3406.25,76,,0,4.0625,773,15.2941176470588,0,13,99.9,-40,,0,4.6875,0,,,,,,,,,,,,1.71864,25,0,0,0,4.6875,-11,14.7,18,
1234,2026-09-02,14:33:12.33052,269.57942,,3343.75,76,,0,4.0625,772,15.6862745098039,0,12,99.9,-40,,0,4.6875,0,,,,,,,,,,,,1.67958,25,0,0,0,4.6875,-11,14.7,16,
1235,2026-09-02,14:33:12.56577,269.81187,,3312.5,70,,0,4.0625,773,15.2941176470588,0,11,99.9,-40,,0,4.6875,0,,,,,,,,,,,,1.66005,25,0,0,0,4.6875,-11,14.7,13,
1236,2026-09-02,14:33:12.81611,270.07361,,3250,70,,0,3.75,772,14.9019607843137,0,10,99.9,-40,,0,4.6875,0,,,,,,,,,,,,1.66005,25,0,0,0,4.6875,-11,14.7,4,
1237,2026-09-02,14:33:13.05043,270.29395,,3156.25,70,,0,3.75,772,14.9019607843137,0,8,99.9,-40,,0,4.6875,0,,,,,,,,,,,,1.58193,25,0,0,0,4.6875,-11,14.7,14,
1238,2026-09-02,14:33:13.30269,270.55343,,3093.75,66,,0,3.75,772,14.5098039215686,0,7,99.9,-40,,0,4.6875,0,,,,,,,,,,,,1.58193,18.75,0,0,0,4.6875,-11,14.7,8,
1239,2026-09-02,14:33:13.52164,270.77269,,3062.5,66,,0,3.75,772,14.5098039215686,0,6,99.9,-40,,0,4.6875,0,,,,,,,,,,,,1.58193,18.75,0,0,0,4.6875,-11,14.7,10,
1240,2026-09-02,14:33:13.70918,270.9629,,3031.25,66,,0,3.4375,772,14.5098039215686,0,6,99.9,-40,,0,4.6875,0,,,,,,,,,,,,1.62099,18.75,0,0,0,4.6875,-11,14.7,20,
1241,2026-09-02,14:33:13.92860,271.1822,,3000,66,,0,3.4375,772,14.5098039215686,0,6,99.9,-40,,0,4.6875,0,,,,,,,,,,,,1.60146,18.75,0,0,0,4.6875,-11,14.7,2,
1242,2026-09-02,14:33:14.14804,271.40219,,3000,64,,0,3.4375,772,14.5098039215686,0,5,99.9,-40,,0,4.6875,0,,,,,,,,,,,,1.54287,18.75,0,0,0,4.6875,-11,14.7,19,
1243,2026-09-02,14:33:14.35168,271.59913,,2937.5,64,,0,3.4375,772,14.5098039215686,0,5,99.9,-40,,0,4.6875,0,,,,,,,,,,,,1.5624,18.75,0,0,0,4.6875,-11,14.7,10,
1244,2026-09-02,14:33:14.60209,271.84916,,2906.25,64,,0,3.75,772,14.9019607843137,0,4,99.9,-40,,0,4.6875,0,,,,,,,,,,,,1.52334,18.75,0,0,0,4.6875,-11,14.7,13,
1245,2026-09-02,14:33:14.85219,272.10275,,2875,62,,0,3.4375,772,14.9019607843137,0,3,99.9,-40,,0,4.6875,0,,,,,,,,,,,,1.5624,18.75,0,0,0,4.6875,-11,14.7,13,
1246,2026-09-02,14:33:15.07153,272.31816,,2843.75,62,,0,3.75,772,14.9019607843137,0,3,99.9,-40,,0,4.6875,0,,,,,,,,,,,,1.52334,18.75,0,0,0,4.6875,-11,14.7,9,
1247,2026-09-02,14:33:15.27502,272.53029,,2812.5,62,,0,3.75,772,14.9019607843137,0,3,99.9,-40,,0,4.6875,0,,,,,,,,,,,,1.52334,18.75,0,0,0,4.6875,-11,14.7,1,
1248,2026-09-02,14:33:15.49331,272.74494,,2812.5,60,,0,3.75,772,14.9019607843137,0,2,99.9,-40,,0,4.6875,0,,,,,,,,,,,,1.5624,18.75,0,0,0,4.6875,-11,14.7,15,
1249,2026-09-02,14:33:15.74473,272.9893,,2781.25,60,,0,3.75,772,14.9019607843137,0,2,99.9,-40,,0,4.6875,0,,,,,,,,,,,,1.52334,18.75,0,0,0,4.6875,-11,14.7,12,
1250,2026-09-02,14:33:15.94791,273.19638,,2718.75,60,,0,3.75,772,14.9019607843137,0,1,99.9,-40,,0,4.6875,0,,,,,,,,,,,,1.5624,18.75,0,0,0,4.6875,-11,14.7,16,
1251,2026-09-02,14:33:16.21369,273.46372,,2687.5,58,,0,4.0625,772,14.5098039215686,0,1,99.9,-40,,0,4.6875,0,,,,,,,,,,,,1.54287,18.75,0,0,0,4.6875,-11,14.7,21,
1252,2026-09-02,14:33:16.41738,273.66642,,2656.25,58,,0,4.0625,772,14.5098039215686,0,1,99.9,-40,,0,4.6875,0,,,,,,,,,,,,1.58193,18.75,0,0,0,4.6875,-11,14.7,6,
1253,2026-09-02,14:33:16.58977,273.84234,,2625,58,,0,3.75,772,14.5098039215686,0,0,99.9,-40,,0,4.6875,0,,,,,,,,,,,,1.5624,18.75,0,0,0,4.6875,-11,14.7,4,
1254,2026-09-02,14:33:16.73035,273.978,,2656.25,58,,0,4.0625,772,14.5098039215686,0,0,99.9,-40,,0,4.6875,0,,,,,,,,,,,,1.54287,18.75,0,0,0,4.6875,-11,14.7,18,
1255,2026-09-02,14:33:16.87143,274.12198,,2593.75,56,,0,4.0625,772,14.1176470588235,0,-1,99.9,-40,,0,4.6875,0,,,,,,,,,,,,1.52334,18.75,0,0,0,4.6875,-11,14.7,8,
1256,2026-09-02,14:33:16.99674,274.25235,,2562.5,56,,0,4.0625,772,14.1176470588235,0,-1,99.9,-40,,0,4.6875,0,,,,,,,,,,,,1.62099,18.75,0,0,0,4.6875,-11,14.7,17,
1257,2026-09-02,14:33:17.16853,274.41709,,2531.25,56,,0,4.0625,772,13.7254901960784,0,-2,99.9,-40,,0,4.6875,0,,,,,,,,,,,,1.52334,18.75,0,0,0,4.6875,-11,14.7,6,
1258,2026-09-02,14:33:17.34157,274.59209,,2500,56,,0,4.0625,772,14.1176470588235,0,-2,99.9,-40,,0,4.6875,0,,,,,,,,,,,,1.58193,18.75,0,0,0,4.6875,-11,14.7,5,
1259,2026-09-02,14:33:17.54482,274.79626,,2500,54,,0,4.0625,772,13.7254901960784,0,-2,99.9,-40,,0,4.6875,0,,,,,,,,,,,,1.60146,18.75,0,0,0,4.6875,-11,14.7,11,
1260,2026-09-02,14:33:17.71715,274.96594,,2468.75,54,,0,4.0625,772,13.7254901960784,0,-3,99.9,-40,,0,4.6875,0,,,,,,,,,,,,1.52334,18.75,0,0,0,4.6875,-11,14.7,3,
1261,2026-09-02,14:33:17.90468,275.15318,,2437.5,54,,0,4.0625,772,13.7254901960784,0,-3,99.9,-40,,0,4.6875,0,,,,,,,,,,,,1.52334,18.75,0,0,0,4.6875,-11,14.7,9,
1262,2026-09-02,14:33:18.13975,275.38554,,2437.5,54,,0,4.0625,772,13.7254901960784,0,-3,99.9,-40,,0,4.6875,0,,,,,,,,,,,,1.58193,18.75,0,0,0,4.6875,-11,14.7,4,
1263,2026-09-02,14:33:18.32697,275.58538,,2406.25,52,,0,4.0625,772,13.3333333333333,0,-3,99.9,-40,,0,4.6875,0,,,,,,,,,,,,1.50381,18.75,0,0,0,4.6875,-11,14.7,0,
1264,2026-09-02,14:33:18.54670,275.79018,,2375,52,,0,4.0625,772,13.3333333333333,0,-4,99.9,-40,,0,4.6875,0,,,,,,,,,,,,1.69911,18.75,0,0,0,4.6875,-11,14.7,12,
1265,2026-09-02,14:33:18.75025,276.00464,,2406.25,52,,0,6.875,772,16.8627450980392,0,12,99.9,-40,,0,4.6875,0,,,,,,,,,,,,1.83582,37.5,0,0,0,4.6875,-11,14.7,5,
1266,2026-09-02,14:33:19.00062,276.24893,,2375,50,,0,8.125,772,19.6078431372549,0,26,22.9,-40,,0,4.6875,0,,,,,,,,,,,,1.85535,37.5,0,0,0,4.6875,-11,14.7,3,
1267,2026-09-02,14:33:19.21951,276.47349,,2375,50,,0,9.0625,772,20.7843137254902,0,39,13.8,-40,,0,4.6875,0,,,,,,,,,,,,1.85535,37.5,0,0,0,4.6875,-11,14.7,10,
1268,2026-09-02,14:33:19.42343,276.67314,,2312.5,50,,0,8.75,772,21.1764705882353,0,35,14.4,-40,,0,4.6875,0,,,,,,,,,,,,1.85535,37.5,0,0,0,4.6875,-11,14.7,19,
1269,2026-09-02,14:33:19.65848,276.90811,,2343.75,50,,0,7.5,772,18.0392156862745,0,18,16,-40,,0,4.6875,0,,,,,,,,,,,,1.64052,31.25,0,0,0,4.6875,-11,14.7,4,
1270,2026-09-02,14:33:19.87754,277.13241,,2312.5,50,,0,6.25,772,16.078431372549,0,1,15.9,-40,,0,4.6875,0,,,,,,,,,,,,1.67958,25,0.5859375,0,0,4.6875,-11,14.7,9,
1271,2026-09-02,14:33:20.08110,277.33229,,2281.25,50,,0,5.9375,773,15.2941176470588,0,-6,17.7,-40,,0,4.6875,0,,,,,,,,,,,,1.64052,25,1.3671875,0,0,4.6875,-11,14.7,7,
1272,2026-09-02,14:33:20.37851,277.63716,,2281.25,48,,0,5.3125,773,14.5098039215686,0,-6,15.7,-40,,0,4.6875,0,,,,,,,,,,,,1.5624,25,0,0,0,4.6875,-11,14.7,4,
1273,2026-09-02,14:33:20.62896,277.87874,,2218.75,48,,0,5,772,14.1176470588235,0,-6,17.1,-40,,0,4.6875,0,,,,,,,,,,,,1.46475,18.75,0,0,0,4.6875,-11,14.7,10,
1274,2026-09-02,14:33:20.83270,278.0914,,2187.5,48,,0,4.375,772,13.3333333333333,0,-7,15.8,-40,,0,4.6875,0,,,,,,,,,,,,1.5624,18.75,0,0,0,4.6875,-11,14.7,3,
1275,2026-09-02,14:33:21.06770,278.32102,,2156.25,46,,0,4.0625,772,13.3333333333333,0,-8,18.1,-40,,0,4.6875,0,,,,,,,,,,,,1.52334,18.75,0,0,0,4.6875,-11,14.7,7,
1276,2026-09-02,14:33:21.30258,278.56069,,2125,46,,0,3.75,772,12.9411764705882,0,-8,15.2,-40,,0,4.6875,0,,,,,,,,,,,,1.66005,12.5,0,0,0,4.6875,-11,14.7,11,
1277,2026-09-02,14:33:21.53759,278.79527,,2125,46,,0,10.3125,771,22.3529411764706,0,42,18.4,-40,,0,4.6875,0,,,,,,,,,,,,2.03112,50,0.5859375,0,0,4.6875,-11,14.7,15,
1278,2026-09-02,14:33:21.83593,279.08307,,2062.5,44,,0,13.125,772,28.6274509803922,0,41,14,-40,,0,4.6875,0,,,,,,,,,,,,1.953,56.25,1.3671875,0,0,4.6875,-11,14.7,13,
1279,2026-09-02,14:33:22.05472,279.3042,,2125,44,,0,13.125,772,29.8039215686275,0,41,13.5,-40,,0,4.6875,0,,,,,,,,,,,,1.99206,50,0.78125,0,0,4.6875,-11,14.7,13,
1280,2026-09-02,14:33:22.27362,279.52144,,2125,44,,0,12.8125,773,29.4117647058824,0,42,14.2,-40,,0,4.6875,0,,,,,,,,,,,,2.01159,56.25,0.1953125,0,0,4.6875,-11,14.7,1,
1281,2026-09-02,14:33:22.50812,279.75878,,2125,46,,0,12.8125,772,29.4117647058824,0,40,15.2,-40,,0,4.6875,0,,,,,,,,,,,,1.97253,50,0,0,0,4.6875,-11,14.7,5,
1282,2026-09-02,14:33:22.69572,279.95319,,2156.25,46,,0,12.8125,772,29.0196078431373,0,41,15.9,-40,,0,4.6875,0,,,,,,,,,,,,1.83582,50,0.5859375,0,0,4.6875,-11,14.7,16,
1283,2026-09-02,14:33:22.93059,280.18275,,2156.25,46,,0,7.8125,773,20,0,17,15.2,-40,,0,4.6875,0,,,,,,,,,,,,1.62099,25,1.171875,0,0,4.6875,-11,14.7,19,
1284,2026-09-02,14:33:23.16555,280.41261,,2062.5,46,,0,5.3125,772,16.078431372549,0,-7,14.9,-40,,0,4.6875,0,,,,,,,,,,,,1.5624,18.75,0,0,0,4.6875,-11,14.7,12,
1285,2026-09-02,14:33:23.35364,280.61252,,1843.75,46,,0,5,772,15.6862745098039,0,32,16.9,-40,,0,4.6875,0,,,,,,,,,,,,1.46475,18.75,0,0,0,4.6875,-11,14.7,4,
1286,2026-09-02,14:33:23.60437,280.85703,,1687.5,46,,0,5,771,15.6862745098039,0,31,19,-40,,0,4.6875,0,,,,,,,,,,,,1.99206,18.75,0,0,0,4.6875,-11,14.7,2,
1287,2026-09-02,14:33:23.86994,281.11924,,1562.5,46,,0,19.375,772,36.078431372549,0,29,16.2,-40,,0,4.6875,0,,,,,,,,,,,,2.20689,68.75,0.78125,0,0,4.6875,-11,14.7,12,
1288,2026-09-02,14:33:24.10539,281.3613,,1593.75,46,,0,22.5,772,46.6666666666667,0,24,13,-40,,0,4.6875,0,,,,,,,,,,,,1.73817,62.5,0.78125,0,0,4.6875,-11,14.7,16,
1289,2026-09-02,14:33:24.32501,281.57081,,1562.5,46,,0,15,772,34.9019607843137,0,29,12.2,-40,,0,4.6875,0,,,,,,,,,,,,1.81629,43.75,0.390625,0,0,4.6875,-11,14.7,10,
1290,2026-09-02,14:33:24.52775,281.77743,,1593.75,46,,0,12.1875,772,30.5882352941176,0,30,12.7,-40,,0,4.6875,0,,,,,,,,,,,,1.71864,37.5,0,0,0,4.6875,-11,14.7,5,
1291,2026-09-02,14:33:24.76278,282.01491,,1593.75,46,,0,11.25,772,28.2352941176471,0,30,13.4,-40,,0,4.6875,0,,,,,,,,,,,,1.79676,31.25,-0.390625,0,0,4.6875,-11,14.7,0,
1292,2026-09-02,14:33:24.96637,282.21002,,1593.75,46,,0,10.625,772,27.0588235294118,0,30,14.5,-40,,0,4.6875,0,,,,,,,,,,,,1.71864,31.25,-0.78125,0,0,4.6875,-11,14.7,4,
1293,2026-09-02,14:33:25.15424,282.40438,,1593.75,46,,0,10.3125,772,25.8823529411765,0,31,15.2,-40,,0,4.6875,0,,,,,,,,,,,,1.69911,31.25,-1.171875,0,0,4.6875,-11,14.7,6,
1294,2026-09-02,14:33:25.37252,282.62915,,1562.5,46,,0,10.3125,772,25.0980392156863,0,30,15.6,-40,,0,4.6875,0,,,,,,,,,,,,1.67958,31.25,-0.9765625,0,0,4.6875,-11,14.7,2,
1295,2026-09-02,14:33:25.59281,282.84367,,1562.5,46,,0,10,772,24.7058823529412,0,30,15.8,-40,,0,4.6875,0,,,,,,,,,,,,1.7577,31.25,-0.390625,0,0,4.6875,-11,14.7,1,
1296,2026-09-02,14:33:25.79558,283.04823,,1562.5,46,,0,9.375,772,23.5294117647059,0,30,15.8,-40,,0,4.6875,0,,,,,,,,,,,,1.60146,31.25,0,0,0,4.6875,-11,14.7,0,
1297,2026-09-02,14:33:26.03042,283.28806,,1562.5,46,,0,9.0625,772,21.9607843137255,0,30,15.7,-40,,0,4.6875,0,,,,,,,,,,,,1.54287,25,0.5859375,0,0,4.6875,-11,14.7,1,
1298,2026-09-02,14:33:26.24975,283.50156,,1562.5,46,,0,8.125,772,20.3921568627451,0,30,15.1,-40,,0,4.6875,0,,,,,,,,,,,,1.93347,25,1.171875,0,0,4.6875,-11,14.7,1,
1299,2026-09-02,14:33:26.48403,283.74243,,1593.75,46,,0,13.4375,772,28.2352941176471,0,29,14.6,-40,,0,4.6875,0,,,,,,,,,,,,1.953,43.75,1.7578125,0,0,4.6875,-11,14.7,2,
1300,2026-09-02,14:33:26.70376,283.96207,,1593.75,46,,0,15.625,772,34.1176470588235,0,29,13.8,-40,,0,4.6875,0,,,,,,,,,,,,1.89441,50,1.3671875,0,0,4.6875,-11,14.7,6,
1301,2026-09-02,14:33:26.96993,284.21851,,1562.5,46,,0,15.9375,773,36.078431372549,0,29,13.5,-40,,0,4.6875,0,,,,,,,,,,,,1.97253,50,0.78125,0,0,4.6875,-11,14.7,3,
1302,2026-09-02,14:33:27.17353,284.42577,,1593.75,46,,0,16.25,773,36.8627450980392,0,29,13.9,-40,,0,4.6875,0,,,,,,,,,,,,1.953,50,0.1953125,0,0,4.6875,-11,14.7,4,
1303,2026-09-02,14:33:27.33030,284.58037,,1593.75,46,,0,15.9375,773,36.8627450980392,0,29,13.7,-40,,0,4.6875,0,,,,,,,,,,,,1.91394,50,0,0,0,4.6875,-11,14.7,3,
1304,2026-09-02,14:33:27.48656,284.74519,,1593.75,46,,0,15.625,773,36.4705882352941,0,29,13.9,-40,,0,4.6875,0,,,,,,,,,,,,1.93347,50,-0.390625,0,0,4.6875,-11,14.7,7,
1305,2026-09-02,14:33:27.65887,284.90974,,1593.75,46,,0,14.375,772,34.9019607843137,0,30,14.4,-40,,0,4.6875,0,,,,,,,,,,,,1.83582,43.75,-0.78125,0,0,4.6875,-11,14.7,5,
1306,2026-09-02,14:33:27.83123,285.07457,,1593.75,46,,0,12.8125,772,31.7647058823529,0,30,14.6,-40,,0,4.6875,0,,,,,,,,,,,,1.7577,37.5,-0.9765625,0,0,4.6875,-11,14.7,2,
1307,2026-09-02,14:33:27.98744,285.24422,,1593.75,46,,0,10.625,772,27.4509803921569,0,30,14.6,-40,,0,4.6875,0,,,,,,,,,,,,1.62099,31.25,-1.3671875,0,0,4.6875,-11,14.7,4,
1308,2026-09-02,14:33:28.18148,285.42962,,1593.75,46,,0,9.375,772,24.7058823529412,0,30,14.8,-40,,0,4.6875,0,,,,,,,,,,,,1.62099,31.25,-1.7578125,0,0,4.6875,-11,14.7,6,
1309,2026-09-02,14:33:28.34801,285.59882,,1593.75,46,,0,9.0625,772,23.1372549019608,0,30,15.1,-40,,0,4.6875,0,,,,,,,,,,,,1.73817,25,-1.953125,0,0,4.6875,-11,14.7,6,
1310,2026-09-02,14:33:28.53542,285.78914,,1593.75,46,,0,12.1875,772,27.0588235294118,0,30,15.7,-40,,0,4.6875,0,,,,,,,,,,,,1.953,43.75,-1.3671875,0,0,4.6875,-11,14.7,13,
1311,2026-09-02,14:33:28.72551,285.97385,,1593.75,46,,0,15.9375,772,33.7254901960784,0,30,15.9,-40,,0,4.6875,0,,,,,,,,,,,,1.97253,50,-0.9765625,0,0,4.6875,-11,14.7,10,
1312,2026-09-02,14:33:28.91337,286.16841,,1593.75,46,,0,16.5625,771,36.4705882352941,0,30,14.4,-40,,0,4.6875,0,,,,,,,,,,,,1.97253,50,-0.390625,0,0,4.6875,-11,14.7,0,
1313,2026-09-02,14:33:29.14882,286.39504,,1625,46,,0,15.9375,772,36.078431372549,0,30,13.8,-40,,0,4.6875,0,,,,,,,,,,,,1.83582,50,-0.78125,0,0,4.6875,-11,14.7,2,
1314,2026-09-02,14:33:29.36808,286.6158,,1625,46,,0,13.4375,772,32.9411764705882,0,30,13.9,-40,,0,4.6875,0,,,,,,,,,,,,1.77723,37.5,-1.171875,0,0,4.6875,-11,14.7,2,
1315,2026-09-02,14:33:29.57177,286.82748,,1625,48,,0,12.1875,772,30.5882352941176,0,30,14,-40,,0,4.6875,0,,,,,,,,,,,,1.79676,37.5,-1.5625,0,0,4.6875,-11,14.7,2,
1316,2026-09-02,14:33:29.75925,287.01749,,1625,48,,0,11.5625,772,29.0196078431373,0,31,14.5,-40,,0,4.6875,0,,,,,,,,,,,,1.83582,37.5,-1.953125,0,0,4.6875,-11,14.7,2,
1317,2026-09-02,14:33:29.97852,287.23155,,1625,48,,0,11.5625,772,28.6274509803922,0,31,15.3,-40,,0,4.6875,0,,,,,,,,,,,,1.77723,37.5,-2.34375,0,0,4.6875,-11,14.7,2,
1318,2026-09-02,14:33:30.16698,287.42155,,1593.75,48,,0,12.1875,772,29.0196078431373,0,30,15.9,-40,,0,4.6875,0,,,,,,,,,,,,1.93347,37.5,-1.7578125,0,0,4.6875,-11,14.7,5,
1319,2026-09-02,14:33:30.40157,287.65618,,1625,48,,0,14.375,773,32.5490196078431,0,30,16,-40,,0,4.6875,0,,,,,,,,,,,,1.91394,43.75,-1.3671875,0,0,4.6875,-11,14.7,1,
1320,2026-09-02,14:33:30.66728,287.9208,,1625,48,,0,16.25,773,36.078431372549,0,30,15.1,-40,,0,4.6875,0,,,,,,,,,,,,1.87488,50,-0.5859375,0,0,4.6875,-11,14.7,13,
1321,2026-09-02,14:33:30.88657,288.14036,,1625,48,,0,13.4375,772,32.5490196078431,0,31,14.2,-40,,0,4.6875,0,,,,,,,,,,,,1.73817,37.5,-0.390625,0,0,4.6875,-11,14.7,9,
1322,2026-09-02,14:33:31.10595,288.34967,,1625,48,,0,11.25,772,29.4117647058824,0,32,13.9,-40,,0,4.6875,0,,,,,,,,,,,,1.77723,37.5,-0.78125,0,0,4.6875,-11,14.7,1,
1323,2026-09-02,14:33:31.32482,288.57938,,1625,48,,0,10.9375,772,27.843137254902,0,31,14.1,-40,,0,4.6875,0,,,,,,,,,,,,1.79676,31.25,-1.171875,0,0,4.6875,-11,14.7,2,
1324,2026-09-02,14:33:31.54353,288.79884,,1625,48,,0,11.25,772,27.843137254902,0,31,14.6,-40,,0,4.6875,0,,,,,,,,,,,,1.83582,37.5,-1.5625,0,0,4.6875,-12,14.7,1,
1325,2026-09-02,14:33:31.77887,289.03372,,1625,48,,0,15,772,32.9411764705882,0,31,15.3,-40,,0,4.6875,0,,,,,,,,,,,,1.99206,50,-1.7578125,0,0,4.6875,-12,14.7,15,
1326,2026-09-02,14:33:31.99808,289.25366,,1625,48,,0,18.4375,773,39.2156862745098,0,30,15.8,-40,,0,4.6875,0,,,,,,,,,,,,2.07018,56.25,-0.5859375,0,0,4.6875,-12,14.7,17,
1327,2026-09-02,14:33:32.21716,289.46598,,1625,48,,0,19.0625,772,41.9607843137255,0,30,13.7,-40,,0,4.6875,0,,,,,,,,,,,,2.05065,62.5,-0.390625,0,0,4.6875,-12,14.7,7,
1328,2026-09-02,14:33:32.43572,289.68495,,1625,48,,0,18.125,772,41.9607843137255,0,30,13.6,-40,,0,4.6875,0,,,,,,,,,,,,1.85535,56.25,-0.78125,0,0,4.6875,-12,14.7,9,
1329,2026-09-02,14:33:32.67072,289.91737,,1625,48,,0,15.3125,773,37.6470588235294,0,31,13.8,-40,,0,4.6875,0,,,,,,,,,,,,1.87488,43.75,-1.3671875,0,0,4.6875,-11,14.7,14,
1330,2026-09-02,14:33:32.87412,290.12651,,1656.25,48,,0,13.4375,773,34.5098039215686,0,32,14.2,-40,,0,4.6875,0,,,,,,,,,,,,1.85535,43.75,-1.7578125,0,0,4.6875,-12,14.7,8,
1331,2026-09-02,14:33:33.06198,290.31649,,1656.25,48,,0,12.1875,772,32.5490196078431,0,32,14.4,-40,,0,4.6875,0,,,,,,,,,,,,1.79676,37.5,-2.1484375,0,0,4.6875,-12,14.7,5,
1332,2026-09-02,14:33:33.26500,290.52153,,1656.25,48,,0,10.9375,772,29.0196078431373,0,33,15.3,-40,,0,4.6875,0,,,,,,,,,,,,1.7577,31.25,-2.5390625,0,0,4.6875,-12,14.7,8,
1333,2026-09-02,14:33:33.48420,290.73619,,1656.25,48,,0,10.625,772,27.843137254902,0,32,15.4,-40,,0,4.6875,0,,,,,,,,,,,,1.83582,37.5,-2.34375,0,0,4.6875,-12,14.7,2,
1334,2026-09-02,14:33:33.71906,290.96823,,1687.5,48,,0,12.5,773,30.1960784313725,0,31,16.3,-40,,0,4.6875,0,,,,,,,,,,,,1.93347,43.75,-1.7578125,0,0,4.6875,-12,14.7,1,
1335,2026-09-02,14:33:33.90711,291.16546,,1625,48,,0,13.75,772,32.156862745098,0,31,15.9,-40,,0,4.6875,0,,,,,,,,,,,,1.87488,43.75,-1.171875,0,0,4.6875,-12,14.7,6,
1336,2026-09-02,14:33:34.11023,291.36502,,1656.25,48,,0,15.3125,772,34.9019607843137,0,31,15.6,-40,,0,4.6875,0,,,,,,,,,,,,1.97253,50,-0.78125,0,0,4.6875,-12,14.7,12,
1337,2026-09-02,14:33:34.36115,291.6049,,1656.25,48,,0,15.3125,772,36.078431372549,0,31,14.7,-40,,0,4.6875,0,,,,,,,,,,,,1.97253,50,0,0,0,4.6875,-12,14.7,6,
1338,2026-09-02,14:33:34.59579,291.84202,,1656.25,50,,0,14.375,773,34.9019607843137,0,31,14.5,-40,,0,4.6875,0,,,,,,,,,,,,1.89441,43.75,0.1953125,0,0,4.6875,-12,14.7,5,
1339,2026-09-02,14:33:34.84609,292.10426,,1687.5,50,,0,13.125,772,33.3333333333333,0,31,14.5,-40,,0,4.6875,0,,,,,,,,,,,,1.71864,37.5,-0.1953125,0,0,4.6875,-12,14.7,5,
1340,2026-09-02,14:33:35.09601,292.34622,,1656.25,50,,0,11.25,772,29.8039215686275,0,33,14.6,-40,,0,4.6875,0,,,,,,,,,,,,1.83582,37.5,-0.78125,0,0,4.6875,-12,14.7,0,
1341,2026-09-02,14:33:35.31477,292.56084,,1656.25,50,,0,10.625,772,28.2352941176471,0,32,15,-40,,0,4.6875,0,,,,,,,,,,,,1.79676,31.25,-1.171875,0,0,4.6875,-12,14.7,0,
1342,2026-09-02,14:33:35.54966,292.80291,,1656.25,50,,0,10.9375,772,27.843137254902,0,32,15.1,-40,,0,4.6875,0,,,,,,,,,,,,1.79676,37.5,-0.9765625,0,0,4.6875,-12,14.7,3,
1343,2026-09-02,14:33:35.81582,293.07233,,1656.25,50,,0,10.9375,773,27.843137254902,0,32,15.6,-40,,0,4.6875,0,,,,,,,,,,,,1.81629,37.5,-0.390625,0,0,4.6875,-12,14.7,4,
1344,2026-09-02,14:33:36.03513,293.28481,,1656.25,48,,0,12.5,773,29.8039215686275,0,31,15.7,-40,,0,4.6875,0,,,,,,,,,,,,1.97253,43.75,0.1953125,0,0,4.6875,-12,14.7,7,
1345,2026-09-02,14:33:36.30075,293.55631,,1656.25,48,,0,16.875,773,36.4705882352941,0,30,15.4,-40,,0,4.6875,0,,,,,,,,,,,,2.01159,56.25,0.9765625,0,0,4.6875,-12,14.7,17,
1346,2026-09-02,14:33:36.55209,293.79595,,1656.25,48,,0,17.8125,772,40,0,31,13.5,-40,,0,4.6875,0,,,,,,,,,,,,1.97253,56.25,0.9765625,0,0,4.6875,-12,14.7,3,
1347,2026-09-02,14:33:36.73970,293.99601,,1656.25,48,,0,16.875,772,40,0,30,13.1,-40,,0,4.6875,0,,,,,,,,,,,,1.91394,50,0.5859375,0,0,4.6875,-12,14.7,6,
1348,2026-09-02,14:33:36.95939,294.20831,,1656.25,48,,0,15.9375,772,38.8235294117647,0,31,13.7,-40,,0,4.6875,0,,,,,,,,,,,,1.85535,50,0.9765625,0,0,4.6875,-12,14.7,8,
1349,2026-09-02,14:33:37.19418,294.4454,,1656.25,48,,0,14.375,773,36.4705882352941,0,31,14,-40,,0,4.6875,0,,,,,,,,,,,,1.81629,43.75,0.390625,0,0,4.6875,-12,14.7,5,
1350,2026-09-02,14:33:37.41293,294.66457,,1656.25,48,,0,13.125,773,33.7254901960784,0,31,14.2,-40,,0,4.6875,0,,,,,,,,,,,,1.89441,43.75,0,0,0,4.6875,-12,14.7,1,
1351,2026-09-02,14:33:37.63285,294.88969,,1656.25,48,,0,12.5,773,32.156862745098,0,31,14.6,-40,,0,4.6875,0,,,,,,,,,,,,1.83582,37.5,-0.390625,0,0,4.6875,-12,14.7,2,
1352,2026-09-02,14:33:37.85184,295.10441,,1656.25,48,,0,11.875,772,30.9803921568627,0,31,15.3,-40,,0,4.6875,0,,,,,,,,,,,,1.85535,37.5,-0.9765625,0,0,4.6875,-12,14.7,1,
1353,2026-09-02,14:33:38.03951,295.29351,,1656.25,48,,0,11.875,772,30.1960784313725,0,31,15.6,-40,,0,4.6875,0,,,,,,,,,,,,1.77723,37.5,-0.390625,0,0,4.6875,-12,14.7,5,
1354,2026-09-02,14:33:38.27416,295.52803,,1656.25,48,,0,11.875,773,29.8039215686275,0,31,16,-40,,0,4.6875,0,,,,,,,,,,,,1.83582,37.5,0,0,0,4.6875,-12,14.7,7,
1355,2026-09-02,14:33:38.47785,295.72763,,1656.25,48,,0,11.875,773,29.8039215686275,0,31,15.6,-40,,0,4.6875,0,,,,,,,,,,,,1.83582,37.5,0.5859375,0,0,4.6875,-12,14.7,3,
1356,2026-09-02,14:33:38.71265,295.96741,,1656.25,48,,0,11.875,772,29.8039215686275,0,31,15.5,-40,,0,4.6875,0,,,,,,,,,,,,1.81629,37.5,1.171875,0,0,4.6875,-12,14.7,12,
1357,2026-09-02,14:33:39.77740,297.03071,,1625,48,,0,10.625,772,27.4509803921569,0,31,14.7,-40,,0,4.6875,0,,,,,,,,,,,,1.67958,31.25,3.90625,0,0,4.6875,-12,14.7,1,
1358,2026-09-02,14:33:39.96148,297.20849,,1625,48,,0,10.3125,772,26.2745098039216,0,31,14.5,-40,,0,4.6875,0,,,,,,,,,,,,1.7577,31.25,3.90625,0,0,4.6875,-12,14.7,8,
1359,2026-09-02,14:33:40.18069,297.42733,,1625,48,,0,9.6875,772,25.0980392156863,0,32,14.3,-40,,0,4.6875,0,,,,,,,,,,,,1.71864,31.25,3.515625,0,0,4.6875,-12,14.7,8,
1360,2026-09-02,14:33:40.38336,297.63017,,1625,48,,0,9.375,773,24.3137254901961,0,31,14.2,-40,,0,4.6875,0,,,,,,,,,,,,1.64052,31.25,3.125,0,0,4.6875,-12,14.7,5,
1361,2026-09-02,14:33:40.58646,297.83993,,1625,48,,0,8.75,773,22.7450980392157,0,31,14.1,-40,,0,4.6875,0,,,,,,,,,,,,1.60146,25,2.734375,0,0,4.6875,-12,14.7,3,
1362,2026-09-02,14:33:40.77493,298.02444,,1625,48,,0,8.4375,772,22.3529411764706,0,31,14,-40,,0,4.6875,0,,,,,,,,,,,,1.71864,25,2.34375,0,0,4.6875,-12,14.7,4,
1363,2026-09-02,14:33:40.97832,298.22417,,1625,48,,0,8.4375,773,21.9607843137255,0,31,14,-40,,0,4.6875,0,,,,,,,,,,,,1.62099,25,1.953125,0,0,4.6875,-12,14.7,8,
1364,2026-09-02,14:33:41.21351,298.46384,,1625,48,,0,8.4375,773,21.9607843137255,0,31,13.8,-40,,0,4.6875,0,,,,,,,,,,,,1.67958,25,1.5625,0,0,4.6875,-12,14.7,5,
1365,2026-09-02,14:33:41.41620,298.67304,,1625,48,,0,8.4375,773,21.5686274509804,0,31,14.3,-40,,0,4.6875,0,,,,,,,,,,,,1.62099,25,0.9765625,0,0,4.6875,-12,14.7,3,
1366,2026-09-02,14:33:41.62047,298.86563,,1593.75,48,,0,8.4375,772,21.5686274509804,0,31,14.4,-40,,0,4.6875,0,,,,,,,,,,,,1.69911,25,0.5859375,0,0,4.6875,-12,14.7,1,
1367,2026-09-02,14:33:41.82405,299.07752,,1625,48,,0,8.4375,773,21.5686274509804,0,31,14.5,-40,,0,4.6875,0,,,,,,,,,,,,1.73817,25,0.1953125,0,0,4.6875,-12,14.7,0,
1368,2026-09-02,14:33:42.02766,299.2775,,1593.75,48,,0,8.4375,772,21.5686274509804,0,31,14.5,-40,,0,4.6875,0,,,,,,,,,,,,1.60146,25,-1.3671875,0,0,4.6875,-12,14.7,1,
1369,2026-09-02,14:33:42.23084,299.48721,,1625,48,,0,8.4375,772,21.5686274509804,0,30,14.6,-40,,0,4.6875,0,,,,,,,,,,,,1.62099,25,-1.7578125,0,0,4.6875,-12,14.7,3,
1370,2026-09-02,14:33:42.43446,299.68425,,1593.75,48,,0,8.4375,773,21.5686274509804,0,30,14.7,-40,,0,4.6875,0,,,,,,,,,,,,1.64052,25,-2.34375,0,0,4.6875,-12,14.7,2,
1371,2026-09-02,14:33:42.63805,299.8958,,1593.75,48,,0,8.4375,773,21.1764705882353,0,31,14.9,-40,,0,4.6875,0,,,,,,,,,,,,1.60146,25,-2.5390625,0,0,4.6875,-12,14.7,2,
1372,2026-09-02,14:33:42.77864,300.03551,,1593.75,48,,0,8.4375,773,21.5686274509804,0,31,15.1,-40,,0,4.6875,0,,,,,,,,,,,,1.60146,25,-2.1484375,0,0,4.6875,-12,14.7,2,
1373,2026-09-02,14:33:42.92004,300.16585,,1593.75,46,,0,8.4375,772,21.5686274509804,0,30,15.3,-40,,0,4.6875,0,,,,,,,,,,,,1.60146,25,-1.7578125,0,0,4.6875,-12,14.7,1,
1374,2026-09-02,14:33:43.10726,300.3559,,1593.75,46,,0,8.4375,773,21.1764705882353,0,30,15.1,-40,,0,4.6875,0,,,,,,,,,,,,1.69911,25,-1.3671875,0,0,4.6875,-12,14.7,2,
1375,2026-09-02,14:33:43.31129,300.56021,,1562.5,46,,0,8.4375,773,21.1764705882353,0,30,15,-40,,0,4.6875,0,,,,,,,,,,,,1.62099,25,-0.9765625,0,0,4.6875,-12,14.7,2,
1376,2026-09-02,14:33:43.49900,300.74994,,1593.75,46,,0,8.75,772,21.1764705882353,0,30,14.7,-40,,0,4.6875,0,,,,,,,,,,,,1.58193,25,-0.390625,0,0,4.6875,-12,14.7,5,
1377,2026-09-02,14:33:43.71815,300.96965,,1593.75,46,,0,8.4375,773,21.1764705882353,0,31,14.5,-40,,0,4.6875,0,,,,,,,,,,,,1.71864,25,0,0,0,4.6875,-12,14.7,1,
1378,2026-09-02,14:33:43.87466,301.12947,,1593.75,46,,0,8.4375,772,20.7843137254902,0,30,14.3,-40,,0,4.6875,0,,,,,,,,,,,,1.66005,25,0,0,0,4.6875,-12,14.7,4,
1379,2026-09-02,14:33:43.99964,301.25362,,1593.75,46,,0,8.125,773,20.7843137254902,0,30,14.1,-40,,0,4.6875,0,,,,,,,,,,,,1.66005,25,-0.1953125,0,0,4.6875,-12,14.7,3,
1380,2026-09-02,14:33:44.12515,301.37838,,1531.25,46,,0,8.125,773,20,0,29,14.1,-40,,0,4.6875,0,,,,,,,,,,,,1.5624,25,-0.5859375,0,0,4.6875,-12,14.7,8,
1381,2026-09-02,14:33:44.25057,301.49888,,1562.5,46,,0,7.8125,773,20,0,28,13.9,-40,,0,4.6875,0,,,,,,,,,,,,1.58193,25,-0.78125,0,0,4.6875,-12,14.7,2,
1382,2026-09-02,14:33:44.42254,301.67088,,1593.75,46,,0,7.5,772,19.6078431372549,0,30,13.7,-40,,0,4.6875,0,,,,,,,,,,,,1.52334,18.75,-0.9765625,0,0,4.6875,-12,14.7,2,
1383,2026-09-02,14:33:44.56328,301.81298,,1531.25,46,,0,6.5625,773,18.0392156862745,0,29,13.7,-40,,0,4.6875,0,,,,,,,,,,,,1.60146,18.75,-1.3671875,0,0,4.6875,-12,14.7,2,
1384,2026-09-02,14:33:44.70477,301.96328,,1562.5,46,,0,6.25,773,17.2549019607843,0,30,13.7,-40,,0,4.6875,0,,,,,,,,,,,,1.46475,18.75,-1.5625,0,0,4.6875,-12,14.7,0,
1385,2026-09-02,14:33:45.39400,302.64217,,1500,46,,0,5,772,14.9019607843137,0,29,13.8,-40,,0,4.6875,0,,,,,,,,,,,,1.3671,12.5,0,0,0,4.6875,-12,14.7,0,
1386,2026-09-02,14:33:45.55039,302.80691,,1531.25,46,,0,4.6875,773,14.5098039215686,0,29,13.9,-40,,0,4.6875,0,,,,,,,,,,,,1.48428,12.5,0,0,0,4.6875,-13,14.7,3,
1387,2026-09-02,14:33:45.70747,302.96167,,1500,44,,0,5,773,14.9019607843137,0,28,13.8,-40,,0,4.6875,0,,,,,,,,,,,,1.52334,18.75,0,0,0,4.6875,-12,14.7,4,
1388,2026-09-02,14:33:45.86321,303.12142,,1500,44,,0,6.25,773,16.4705882352941,0,28,13.7,-40,,0,4.6875,0,,,,,,,,,,,,1.52334,18.75,0,0,0,4.6875,-12,14.7,1,
1389,2026-09-02,14:33:46.02018,303.27573,,1500,44,,0,6.875,772,17.2549019607843,0,28,13.7,-40,,0,4.6875,0,,,,,,,,,,,,1.50381,18.75,0,0,0,4.6875,-12,14.7,2,
1390,2026-09-02,14:33:46.19241,303.43852,,1500,44,,0,6.875,773,17.6470588235294,0,28,13.6,-40,,0,4.6875,0,,,,,,,,,,,,1.50381,18.75,0,0,0,4.6875,-12,14.7,3,
1391,2026-09-02,14:33:46.36440,303.62067,,1500,44,,0,8.125,772,18.4313725490196,0,28,13.4,-40,,0,4.6875,0,,,,,,,,,,,,1.87488,25,-0.390625,0,0,4.6875,-12,14.7,3,
1392,2026-09-02,14:33:46.55166,303.8051,,1531.25,44,,0,13.125,773,27.0588235294118,0,28,13.4,-40,,0,4.6875,0,,,,,,,,,,,,1.93347,37.5,-0.78125,0,0,4.6875,-12,14.7,2,
1393,2026-09-02,14:33:46.69225,303.94259,,1468.75,44,,0,14.375,773,30.9803921568627,0,28,13.7,-40,,0,4.6875,0,,,,,,,,,,,,1.79676,43.75,-0.9765625,0,0,4.6875,-12,14.7,4,
1394,2026-09-02,14:33:46.86441,304.10944,,1468.75,44,,0,13.75,773,31.3725490196078,0,27,13.8,-40,,0,4.6875,0,,,,,,,,,,,,1.73817,37.5,-1.3671875,0,0,4.6875,-12,14.7,1,
1395,2026-09-02,14:33:47.03706,304.29456,,1468.75,44,,0,12.5,773,29.8039215686275,0,27,13.8,-40,,0,4.6875,0,,,,,,,,,,,,1.79676,37.5,-1.5625,0,0,4.6875,-12,14.7,1,
1396,2026-09-02,14:33:47.19326,304.44933,,1468.75,44,,0,11.5625,773,28.2352941176471,0,27,13.9,-40,,0,4.6875,0,,,,,,,,,,,,1.71864,31.25,-1.953125,0,0,4.6875,-12,14.7,1,
1397,2026-09-02,14:33:47.36535,304.61907,,1500,44,,0,10.3125,773,25.4901960784314,0,27,14.2,-40,,0,4.6875,0,,,,,,,,,,,,1.69911,31.25,-2.1484375,0,0,4.6875,-12,14.7,5,
1398,2026-09-02,14:33:47.53845,304.78881,,1500,44,,0,9.6875,773,24.3137254901961,0,28,14.6,-40,,0,4.6875,0,,,,,,,,,,,,1.66005,25,-2.5390625,0,0,4.6875,-12,14.7,1,
1399,2026-09-02,14:33:47.69492,304.94856,,1468.75,44,,0,9.6875,773,23.921568627451,0,28,14.6,-40,,0,4.6875,0,,,,,,,,,,,,1.64052,25,-2.734375,0,0,4.6875,-13,14.7,2,
1400,2026-09-02,14:33:47.86673,305.12336,,1468.75,44,,0,9.6875,773,23.921568627451,0,28,15,-40,,0,4.6875,0,,,,,,,,,,,,1.67958,25,-3.125,0,0,4.6875,-12,14.7,1,
1401,2026-09-02,14:33:48.03926,305.29308,,1468.75,44,,0,9.6875,773,23.921568627451,0,28,15.2,-40,,0,4.6875,0,,,,,,,,,,,,1.64052,25,-3.515625,0,0,4.6875,-12,14.7,3,
1402,2026-09-02,14:33:48.19582,305.44303,,1468.75,44,,0,9.6875,773,23.921568627451,0,28,15.7,-40,,0,4.6875,0,,,,,,,,,,,,1.69911,25,-3.7109375,0,0,4.6875,-12,14.7,1,
1403,2026-09-02,14:33:48.33661,305.59244,,1468.75,44,,0,9.6875,773,23.921568627451,0,28,15.7,-40,,0,4.6875,0,,,,,,,,,,,,1.67958,25,-3.515625,0,0,4.6875,-12,14.7,2,
1404,2026-09-02,14:33:48.50846,305.75476,,1468.75,44,,0,9.375,772,23.5294117647059,0,28,15.6,-40,,0,4.6875,0,,,,,,,,,,,,1.66005,25,-3.125,0,0,4.6875,-12,14.7,2,
1405,2026-09-02,14:33:48.66448,305.92198,,1500,44,,0,8.75,772,21.9607843137255,0,28,16,-40,,0,4.6875,0,,,,,,,,,,,,1.50381,25,-2.9296875,0,0,4.6875,-12,14.7,4,
1406,2026-09-02,14:33:48.82159,306.06875,,1468.75,44,,0,7.8125,773,20.3921568627451,0,27,15.5,-40,,0,4.6875,0,,,,,,,,,,,,1.50381,18.75,-2.5390625,0,0,4.6875,-12,14.7,1,
1407,2026-09-02,14:33:49.02450,306.28096,,1468.75,44,,0,7.1875,772,19.2156862745098,0,27,15.5,-40,,0,4.6875,0,,,,,,,,,,,,1.58193,18.75,-2.1484375,0,0,4.6875,-12,14.7,4,
1408,2026-09-02,14:33:49.19692,306.45023,,1468.75,44,,0,6.875,772,18.8235294117647,0,27,14.5,-40,,0,4.6875,0,,,,,,,,,,,,1.58193,18.75,-1.5625,0,0,4.6875,-12,14.7,1,
1409,2026-09-02,14:33:49.32185,306.5751,,1468.75,44,,0,6.875,772,18.4313725490196,0,27,14.3,-40,,0,4.6875,0,,,,,,,,,,,,1.52334,18.75,-1.3671875,0,0,4.6875,-12,14.7,0,
1410,2026-09-02,14:33:49.44733,306.69556,,1468.75,44,,0,6.5625,773,17.6470588235294,0,27,14.3,-40,,0,4.6875,0,,,,,,,,,,,,1.44522,18.75,-1.7578125,0,0,4.6875,-12,14.7,1,
1411,2026-09-02,14:33:49.57232,306.8218,,1468.75,44,,0,6.25,773,17.2549019607843,0,27,14.1,-40,,0,4.6875,0,,,,,,,,,,,,1.46475,18.75,-1.953125,0,0,4.6875,-12,14.7,3,
1412,2026-09-02,14:33:49.74500,307.00041,,1468.75,44,,0,7.5,773,18.4313725490196,0,27,14.2,-40,,0,4.6875,0,,,,,,,,,,,,1.7577,25,-2.1484375,0,0,4.6875,-12,14.7,2,
1413,2026-09-02,14:33:49.91651,307.16292,,1500,44,,0,10,772,23.5294117647059,0,27,14.2,-40,,0,4.6875,0,,,,,,,,,,,,1.73817,31.25,-2.5390625,0,0,4.6875,-12,14.7,4,
1414,2026-09-02,14:33:50.05764,307.30978,,1437.5,44,,0,12.5,773,27.0588235294118,0,26,14.2,-40,,0,4.6875,0,,,,,,,,,,,,1.83582,37.5,-2.734375,0,0,4.6875,-12,14.7,1,
1415,2026-09-02,14:33:50.19908,307.45474,,1468.75,44,,0,14.375,773,31.7647058823529,0,27,14.6,-40,,0,4.6875,0,,,,,,,,,,,,1.89441,43.75,-3.125,0,0,4.6875,-12,14.7,1,
1416,2026-09-02,14:33:50.38618,307.64431,,1500,44,,0,15.625,772,34.9019607843137,0,27,14.9,-40,,0,4.6875,0,,,,,,,,,,,,1.93347,43.75,-3.3203125,0,0,4.6875,-12,14.7,7,
1417,2026-09-02,14:33:50.55894,307.80871,,1500,44,,0,15.625,773,36.078431372549,0,26,14.8,-40,,0,4.6875,0,,,,,,,,,,,,1.91394,43.75,-3.7109375,0,0,4.6875,-12,14.7,7,
1418,2026-09-02,14:33:50.74688,307.99599,,1500,44,,0,15.3125,772,36.078431372549,0,27,14.7,-40,,0,4.6875,0,,,,,,,,,,,,1.87488,43.75,-4.1015625,0,0,4.6875,-12,14.7,0,
1419,2026-09-02,14:33:50.88775,308.13855,,1500,44,,0,15,772,35.6862745098039,0,28,14.7,-40,,0,4.6875,0,,,,,,,,,,,,1.83582,43.75,-4.296875,0,0,4.6875,-12,14.7,2,
1420,2026-09-02,14:33:51.07490,308.3183,,1500,44,,0,14.6875,773,35.6862745098039,0,28,14.8,-40,,0,4.6875,0,,,,,,,,,,,,1.87488,43.75,-4.296875,0,0,4.6875,-12,14.7,1,
1421,2026-09-02,14:33:51.26328,308.50746,,1500,44,,0,14.0625,773,34.5098039215686,0,28,15.2,-40,,0,4.6875,0,,,,,,,,,,,,1.79676,37.5,-3.90625,0,0,4.6875,-12,14.7,7,
1422,2026-09-02,14:33:51.40394,308.65748,,1500,44,,0,13.125,772,32.5490196078431,0,28,15.7,-40,,0,4.6875,0,,,,,,,,,,,,1.7577,37.5,-3.515625,0,0,4.6875,-12,14.7,7,
1423,2026-09-02,14:33:51.98341,309.24157,,1500,44,,0,8.125,774,21.5686274509804,0,28,15.5,-40,,0,4.6875,0,,,,,,,,,,,,1.60146,25,-2.34375,0,0,4.6875,-12,14.7,3,
1424,2026-09-02,14:33:52.18691,309.43338,,1468.75,44,,0,8.4375,773,21.5686274509804,0,28,15.2,-40,,0,4.6875,0,,,,,,,,,,,,1.58193,25,-1.7578125,0,0,4.6875,-12,14.7,3,
1425,2026-09-02,14:33:52.34265,309.58869,,1531.25,44,,0,8.4375,773,21.1764705882353,0,28,15.3,-40,,0,4.6875,0,,,,,,,,,,,,1.69911,25,-1.3671875,0,0,4.6875,-12,14.7,3,
1426,2026-09-02,14:33:52.50024,309.75582,,1468.75,44,,0,9.375,773,22.7450980392157,0,28,15.1,-40,,0,4.6875,0,,,,,,,,,,,,1.89441,31.25,-0.9765625,0,0,4.6875,-12,14.7,1,
1427,2026-09-02,14:33:52.67188,309.92556,,1531.25,44,,0,15.3125,773,30.9803921568627,0,27,15,-40,,0,4.6875,0,,,,,,,,,,,,2.01159,50,-0.5859375,0,0,4.6875,-12,14.7,1,
1428,2026-09-02,14:33:52.82800,310.07974,,1500,44,,0,18.75,773,38.4313725490196,0,27,14.8,-40,,0,4.6875,0,,,,,,,,,,,,2.07018,56.25,-0.1953125,0,0,4.6875,-12,14.7,1,
1429,2026-09-02,14:33:53.01596,310.27457,,1500,44,,0,20,773,42.7450980392157,0,26,13.6,-40,,0,4.6875,0,,,,,,,,,,,,2.05065,56.25,0,0,0,4.6875,-12,14.7,3,
1430,2026-09-02,14:33:53.20364,310.45469,,1500,44,,0,19.6875,773,43.921568627451,0,26,12.8,-40,,0,4.6875,0,,,,,,,,,,,,1.99206,56.25,-0.390625,0,0,4.6875,-12,14.7,10,
1431,2026-09-02,14:33:53.39090,310.6442,,1531.25,44,,0,19.0625,773,43.1372549019608,0,27,13,-40,,0,4.6875,0,,,,,,,,,,,,2.03112,56.25,-0.78125,0,0,4.6875,-12,14.7,2,
1432,2026-09-02,14:33:53.54781,310.8042,,1531.25,44,,0,18.75,773,43.1372549019608,0,27,13.4,-40,,0,4.6875,0,,,,,,,,,,,,1.99206,56.25,-1.171875,0,0,4.6875,-12,14.7,2,
1433,2026-09-02,14:33:53.70461,310.95898,,1531.25,44,,0,18.4375,773,42.7450980392157,0,28,13.9,-40,,0,4.6875,0,,,,,,,,,,,,1.97253,56.25,-1.3671875,0,0,4.6875,-12,14.7,0,
1434,2026-09-02,14:33:53.87646,311.12613,,1531.25,44,,0,18.125,774,41.5686274509804,0,28,13.9,-40,,0,4.6875,0,,,,,,,,,,,,1.87488,50,-1.7578125,0,0,4.6875,-12,14.7,3,
1435,2026-09-02,14:33:54.04935,311.30332,,1531.25,44,,0,16.5625,772,38.8235294117647,0,28,14.4,-40,,0,4.6875,0,,,,,,,,,,,,1.93347,50,-2.1484375,0,0,4.6875,-12,14.7,10,
1436,2026-09-02,14:33:54.23736,311.4826,,1531.25,46,,0,15.625,773,37.2549019607843,0,28,14.6,-40,,0,4.6875,0,,,,,,,,,,,,1.85535,43.75,-2.34375,0,0,4.6875,-12,14.7,3,
1437,2026-09-02,14:33:54.40921,311.66274,,1531.25,46,,0,15.625,773,36.8627450980392,0,28,15.4,-40,,0,4.6875,0,,,,,,,,,,,,1.89441,43.75,-2.5390625,0,0,4.6875,-12,14.7,3,
1438,2026-09-02,14:33:54.58186,311.83262,,1562.5,46,,0,15,773,35.2941176470588,0,29,15.5,-40,,0,4.6875,0,,,,,,,,,,,,1.87488,43.75,0,0,0,4.6875,-12,14.7,5,
1439,2026-09-02,14:33:54.75392,312.00041,,1562.5,46,,0,14.375,773,34.5098039215686,0,29,15.6,-40,,0,4.6875,0,,,,,,,,,,,,1.77723,43.75,0.390625,0,0,4.6875,-12,14.7,4,
1440,2026-09-02,14:33:54.92585,312.18188,,1531.25,46,,0,13.75,773,32.9411764705882,0,29,15.5,-40,,0,4.6875,0,,,,,,,,,,,,1.81629,37.5,0.78125,0,0,4.6875,-12,14.7,5,
1441,2026-09-02,14:33:55.11370,312.36669,,1562.5,46,,0,13.125,772,32.156862745098,0,29,15.6,-40,,0,4.6875,0,,,,,,,,,,,,1.79676,37.5,1.3671875,0,0,4.6875,-12,14.7,1,
1442,2026-09-02,14:33:55.28648,312.54134,,1562.5,46,,0,12.5,772,30.5882352941176,0,29,15.6,-40,,0,4.6875,0,,,,,,,,,,,,1.73817,37.5,1.7578125,0,0,4.6875,-12,14.7,3,
1443,2026-09-02,14:33:55.48992,312.74106,,1562.5,46,,0,12.1875,773,29.4117647058824,0,29,15.6,-40,,0,4.6875,0,,,,,,,,,,,,1.77723,37.5,2.1484375,0,0,4.6875,-12,14.7,3,
1444,2026-09-02,14:33:55.64638,312.90091,,1562.5,46,,0,12.8125,772,30.1960784313725,0,29,15.8,-40,,0,4.6875,0,,,,,,,,,,,,1.85535,37.5,2.5390625,0,0,4.6875,-12,14.7,1,
1445,2026-09-02,14:33:55.84900,313.09731,,1562.5,46,,0,12.8125,773,30.5882352941176,0,29,15.5,-40,,0,4.6875,0,,,,,,,,,,,,1.79676,37.5,2.9296875,0,0,4.6875,-12,14.7,7,
1446,2026-09-02,14:33:56.02190,313.27473,,1562.5,46,,0,12.8125,772,30.5882352941176,0,29,15.6,-40,,0,4.6875,0,,,,,,,,,,,,1.85535,37.5,3.515625,0,0,4.6875,-12,14.7,10,
1447,2026-09-02,14:33:56.17817,313.42735,,1531.25,46,,0,12.8125,772,30.5882352941176,0,29,15.3,-40,,0,4.6875,0,,,,,,,,,,,,1.87488,37.5,3.90625,0,0,4.6875,-12,14.7,8,
1448,2026-09-02,14:33:56.33493,313.58157,,1531.25,46,,0,12.5,772,30.1960784313725,0,29,15.2,-40,,0,4.6875,0,,,,,,,,,,,,1.81629,37.5,4.296875,0,0,4.6875,-12,14.7,2,
1449,2026-09-02,14:33:56.49193,313.74232,,1562.5,46,,0,11.875,773,28.6274509803922,0,29,15.1,-40,,0,4.6875,0,,,,,,,,,,,,1.71864,31.25,4.4921875,0,0,4.6875,-12,14.7,8,
1450,2026-09-02,14:33:56.64819,313.89919,,1562.5,46,,0,10.9375,773,27.4509803921569,0,29,15.2,-40,,0,4.6875,0,,,,,,,,,,,,1.69911,31.25,4.8828125,0,0,4.6875,-12,14.7,5,
1451,2026-09-02,14:33:56.82052,314.07406,,1562.5,46,,0,10.3125,774,25.4901960784314,0,29,14.7,-40,,0,4.6875,0,,,,,,,,,,,,1.64052,31.25,5.2734375,0,0,4.6875,-12,14.7,1,
1452,2026-09-02,14:33:56.99324,314.24381,,1531.25,46,,0,8.75,772,22.7450980392157,0,29,14.7,-40,,0,4.6875,0,,,,,,,,,,,,1.66005,25,5.6640625,0,0,4.6875,-12,14.7,4,
1453,2026-09-02,14:33:57.14916,314.40341,,1562.5,46,,0,8.125,773,20.7843137254902,0,29,14.4,-40,,0,4.6875,0,,,,,,,,,,,,1.54287,25,6.0546875,0,0,4.6875,-12,14.7,1,
1454,2026-09-02,14:33:57.35249,314.60311,,1531.25,46,,0,7.5,773,19.6078431372549,0,29,14.4,-40,,0,4.6875,0,,,,,,,,,,,,1.50381,18.75,5.6640625,0,0,4.6875,-12,14.7,1,
1455,2026-09-02,14:33:57.52493,314.77718,,1531.25,46,,0,6.875,774,18.0392156862745,0,29,14.2,-40,,0,4.6875,0,,,,,,,,,,,,1.46475,18.75,5.2734375,0,0,4.6875,-12,14.7,2,
1456,2026-09-02,14:33:57.75957,315.00862,,1531.25,44,,0,6.25,773,17.2549019607843,0,28,13.9,-40,,0,4.6875,0,,,,,,,,,,,,1.42569,18.75,4.8828125,0,0,4.6875,-12,14.7,2,
1457,2026-09-02,14:33:58.19819,315.44676,,1531.25,44,,0,5,773,14.9019607843137,0,20,13.5,-40,,0,4.6875,0,,,,,,,,,,,,1.40616,12.5,0,0,0,4.6875,-12,14.7,0,
1458,2026-09-02,14:33:58.37010,315.6188,,1500,44,,0,4.6875,773,14.9019607843137,0,20,13.5,-40,,0,4.6875,0,,,,,,,,,,,,1.48428,12.5,0,0,0,4.6875,-12,14.7,2,
1459,2026-09-02,14:33:58.51162,315.76127,,1468.75,44,,0,4.6875,773,15.2941176470588,0,20,13.6,-40,,0,4.6875,0,,,,,,,,,,,,1.52334,12.5,0,0,0,4.6875,-12,14.7,2,
1460,2026-09-02,14:33:58.68303,315.9334,,1468.75,44,,0,4.6875,773,15.6862745098039,0,20,14,-40,,0,4.6875,0,,,,,,,,,,,,1.50381,12.5,0,0,0,4.6875,-12,14.7,2,
1461,2026-09-02,14:33:58.85575,316.10325,,1437.5,44,,0,4.6875,773,15.6862745098039,0,20,16.3,-40,,0,4.6875,0,,,,,,,,,,,,1.44522,12.5,0,0,0,4.6875,-12,14.7,3,
1462,2026-09-02,14:33:59.04341,316.29276,,1406.25,44,,0,4.6875,773,16.078431372549,0,20,21.1,-40,,0,4.6875,0,,,,,,,,,,,,1.46475,12.5,0,0,0,4.6875,-12,14.7,3,
1463,2026-09-02,14:33:59.21605,316.46509,,1406.25,42,,0,5,773,16.4705882352941,0,20,28,-40,,0,4.6875,0,,,,,,,,,,,,1.40616,12.5,0,0,0,4.6875,-12,14.7,0,
1464,2026-09-02,14:33:59.40352,316.65982,,1375,42,,0,5,773,16.4705882352941,0,20,31.9,-40,,0,4.6875,0,,,,,,,,,,,,1.38663,12.5,0,0,0,4.6875,-12,14.7,5,
1465,2026-09-02,14:33:59.56081,316.80956,,1343.75,42,,0,5,772,16.8627450980392,0,20,47.6,-40,,0,4.6875,0,,,,,,,,,,,,1.46475,12.5,0,0,0,4.6875,-12,14.7,1,
1466,2026-09-02,14:34:00.24943,317.49838,,1312.5,38,,0,5.625,772,17.2549019607843,0,20,90.5,-40,,0,4.6875,0,,,,,,,,,,,,1.5624,12.5,0,0,0,4.6875,-12,14.7,8,
1467,2026-09-02,14:34:00.40516,317.65558,,1250,38,,0,5.9375,773,18.0392156862745,0,20,94.1,-40,,0,4.6875,0,,,,,,,,,,,,1.52334,12.5,0,0,0,4.6875,-12,14.7,1,
1468,2026-09-02,14:34:00.59415,317.8403,,1218.75,36,,0,5.9375,773,17.2549019607843,0,20,96,-40,,0,4.6875,0,,,,,,,,,,,,1.48428,12.5,0,0,0,4.6875,-12,14.7,1,
1469,2026-09-02,14:34:00.81327,318.0597,,1218.75,36,,0,5.9375,773,17.2549019607843,0,20,96,-40,,0,4.6875,0,,,,,,,,,,,,1.48428,12.5,0,0,0,4.6875,-12,14.7,2,
1470,2026-09-02,14:34:00.96952,318.22234,,1187.5,36,,0,5.9375,773,17.2549019607843,0,20,96,-40,,0,4.6875,0,,,,,,,,,,,,1.40616,12.5,0,0,0,4.6875,-12,14.7,2,
1471,2026-09-02,14:34:01.15747,318.40391,,1156.25,36,,0,5.9375,772,17.2549019607843,0,-5,96,-40,,0,4.6875,0,,,,,,,,,,,,1.50381,12.5,0,0,0,4.6875,-12,14.7,7,
1472,2026-09-02,14:34:01.31399,318.56652,,1125,34,,0,5.9375,773,16.8627450980392,0,21,96,-40,,0,4.6875,0,,,,,,,,,,,,1.50381,12.5,0,0,0,4.6875,-12,14.7,2,
1473,2026-09-02,14:34:01.47042,318.72146,,1156.25,34,,0,6.25,773,17.2549019607843,0,18,96,-40,,0,4.6875,0,,,,,,,,,,,,1.42569,12.5,0,0,0,4.6875,-12,14.7,5,
1474,2026-09-02,14:34:01.64252,318.8963,,1093.75,34,,0,6.25,773,17.2549019607843,0,21,96,-40,,0,4.6875,0,,,,,,,,,,,,1.44522,12.5,0,0,0,4.6875,-12,14.7,1,
1475,2026-09-02,14:34:02.80164,320.05385,,1125,34,,0,6.25,773,18.4313725490196,0,18,13.2,-40,,0,4.6875,0,,,,,,,,,,,,1.38663,12.5,0,0,0,4.6875,-12,14.7,1,
1476,2026-09-02,14:34:02.97404,320.22363,,1031.25,32,,0,6.5625,772,18.8235294117647,0,17,13.2,-40,,0,4.6875,0,,,,,,,,,,,,1.52334,12.5,0,0,0,4.6875,-12,14.7,2,
1477,2026-09-02,14:34:03.13032,320.37407,,1000,32,,0,6.5625,773,18.8235294117647,0,17,13.6,-40,,0,4.6875,0,,,,,,,,,,,,1.48428,12.5,0,0,0,4.6875,-12,14.7,2,
1478,2026-09-02,14:34:03.28773,320.53858,,1000,32,,0,6.875,773,19.2156862745098,0,20,13.7,-40,,0,4.6875,0,,,,,,,,,,,,1.52334,12.5,0,0,0,4.6875,-12,14.7,2,
1479,2026-09-02,14:34:03.45964,320.70589,,968.75,28,,0,6.875,773,19.2156862745098,0,19,14.1,-40,,0,4.6875,0,,,,,,,,,,,,1.42569,12.5,0,0,0,4.6875,-12,14.7,0,
1480,2026-09-02,14:34:03.64731,320.90308,,937.5,28,,0,7.1875,773,19.2156862745098,0,19,14.3,-40,,0,4.6875,0,,,,,,,,,,,,1.3671,12.5,0,0,0,4.6875,-12,14.7,3,
1481,2026-09-02,14:34:03.81921,321.06548,,968.75,28,,0,7.1875,772,19.6078431372549,0,15,14.4,-40,,0,4.6875,0,,,,,,,,,,,,1.3671,12.5,0,0,0,4.6875,-12,14.7,3,
1482,2026-09-02,14:34:03.97568,321.22719,,906.25,28,,0,7.5,773,19.6078431372549,0,18,14.6,-40,,0,4.6875,0,,,,,,,,,,,,1.48428,12.5,0,0,0,4.6875,-12,14.7,0,
1483,2026-09-02,14:34:04.13198,321.38007,,937.5,28,,0,7.5,773,19.6078431372549,0,17,14.6,-40,,0,4.6875,0,,,,,,,,,,,,1.38663,12.5,0.1953125,0,0,4.6875,-12,14.7,1,
1484,2026-09-02,14:34:04.32006,321.56936,,937.5,28,,0,9.6875,773,23.1372549019608,0,14,15.1,-40,,0,4.6875,0,,,,,,,,,,,,1.7577,18.75,0.1953125,0,0,4.6875,-12,14.7,3,
1485,2026-09-02,14:34:04.47669,321.72647,,937.5,28,,0,13.75,773,30.5882352941176,0,15,14.8,-40,,0,4.6875,0,,,,,,,,,,,,1.66005,25,0.390625,0,0,4.6875,-12,14.7,3,
1486,2026-09-02,14:34:04.64812,321.90642,,937.5,28,,0,14.375,773,32.5490196078431,0,15,14.7,-40,,0,4.6875,0,,,,,,,,,,,,1.50381,25,0.5859375,0,0,4.6875,-12,14.7,3,
1487,2026-09-02,14:34:04.85243,322.09932,,906.25,26,,0,13.4375,773,30.1960784313725,0,14,14.2,-40,,0,4.6875,0,,,,,,,,,,,,1.58193,25,0.78125,0,0,4.6875,-12,14.7,2,
1488,2026-09-02,14:34:05.04042,322.29072,,937.5,26,,0,12.8125,773,29.8039215686275,0,15,13.9,-40,,0,4.6875,0,,,,,,,,,,,,1.64052,25,0.78125,0,0,4.6875,-12,14.7,4,
1489,2026-09-02,14:34:05.22806,322.48012,,937.5,26,,0,12.1875,772,29.0196078431373,0,14,13.4,-40,,0,4.6875,0,,,,,,,,,,,,1.54287,18.75,0.5859375,0,0,4.6875,-12,14.7,3,
1490,2026-09-02,14:34:05.38458,322.6403,,906.25,26,,0,11.5625,774,27.4509803921569,0,15,13.7,-40,,0,4.6875,0,,,,,,,,,,,,1.44522,18.75,0.5859375,0,0,4.6875,-12,14.7,2,
1491,2026-09-02,14:34:05.57175,322.82138,,937.5,28,,0,10,772,25.0980392156863,0,15,14.1,-40,,0,4.6875,0,,,,,,,,,,,,1.52334,18.75,0.390625,0,0,4.6875,-12,14.7,3,
1492,2026-09-02,14:34:05.71239,322.96975,,937.5,28,,0,9.0625,773,23.5294117647059,0,14,14.2,-40,,0,4.6875,0,,,,,,,,,,,,1.52334,18.75,0.1953125,0,0,4.6875,-12,14.7,1,
1493,2026-09-02,14:34:05.86950,323.12445,,906.25,28,,0,8.4375,772,22.3529411764706,0,15,14.3,-40,,0,4.6875,0,,,,,,,,,,,,1.38663,12.5,0.1953125,0,0,4.6875,-12,14.7,2,
1494,2026-09-02,14:34:06.05689,323.30436,,906.25,28,,0,8.125,773,21.9607843137255,0,14,14.5,-40,,0,4.6875,0,,,,,,,,,,,,1.52334,12.5,0,0,0,4.6875,-12,14.7,1,
1495,2026-09-02,14:34:06.22905,323.48389,,906.25,26,,0,7.8125,773,21.5686274509804,0,14,14.7,-40,,0,4.6875,0,,,,,,,,,,,,1.69911,18.75,-0.1953125,0,0,4.6875,-12,14.7,2,
1496,2026-09-02,14:34:06.38496,323.63868,,906.25,26,,0,11.5625,773,27.4509803921569,0,14,14.8,-40,,0,4.6875,0,,,,,,,,,,,,1.87488,25,-0.1953125,0,0,4.6875,-12,14.7,3,
1497,2026-09-02,14:34:06.55728,323.80842,,937.5,26,,0,16.875,774,36.4705882352941,0,15,14.8,-40,,0,4.6875,0,,,,,,,,,,,,2.03112,31.25,-0.1953125,0,0,4.6875,-12,14.7,3,
1498,2026-09-02,14:34:06.74456,323.99295,,968.75,26,,0,22.5,774,46.6666666666667,0,12,15.4,-40,,0,4.6875,0,,,,,,,,,,,,1.64052,37.5,0.1953125,0,0,4.6875,-12,14.7,4,
1499,2026-09-02,14:34:06.90126,324.14773,,968.75,28,,0,19.375,773,43.5294117647059,0,14,14.7,-40,,0,4.6875,0,,,,,,,,,,,,1.62099,31.25,0.390625,0,0,4.6875,-12,14.7,1,
1500,2026-09-02,14:34:07.05794,324.31257,,937.5,28,,0,17.5,773,38.4313725490196,0,15,13.5,-40,,0,4.6875,0,,,,,,,,,,,,1.953,31.25,0.390625,0,0,4.6875,-12,14.7,1,
1501,2026-09-02,14:34:07.22936,324.47974,,937.5,28,,0,22.1875,773,47.0588235294118,0,12,12.6,-40,,0,4.6875,0,,,,,,,,,,,,1.87488,43.75,0.1953125,0,0,4.6875,-12,14.7,4,
1502,2026-09-02,14:34:07.40168,324.65707,,937.5,28,,0,21.25,773,49.0196078431373,0,14,13,-40,,0,4.6875,0,,,,,,,,,,,,1.60146,37.5,0,0,0,4.6875,-12,14.7,3,
1503,2026-09-02,14:34:07.55821,324.81692,,937.5,28,,0,19.375,773,43.921568627451,0,13,13.4,-40,,0,4.6875,0,,,,,,,,,,,,2.10924,37.5,-0.1953125,0,0,4.6875,-12,14.7,2,
1504,2026-09-02,14:34:07.73017,324.97861,,968.75,28,,0,26.25,774,55.2941176470588,0,10,13.7,-40,,0,4.6875,0,,,,,,,,,,,,2.1483,56.25,-0.390625,0,0,4.6875,-12,14.7,5,
1505,2026-09-02,14:34:07.90257,325.15629,,968.75,28,,0,32.5,773,67.0588235294118,0,3,14.4,-40,,0,4.6875,0,,,,,,,,,,,,2.3436,62.5,-0.5859375,0,0,4.6875,-12,14.7,2,
1506,2026-09-02,14:34:08.05895,325.31602,,1000,28,,0,37.1875,773,78.4313725490196,0,1,14,-40,,0,4.6875,0,,,,,,,,,,,,2.30454,75,-0.78125,0,0,4.6875,-12,14.7,10,
1507,2026-09-02,14:34:08.23126,325.4787,,1000,28,,0,37.1875,774,78.8235294117647,0,1,14,-40,,0,4.6875,0,,,,,,,,,,,,2.38266,75,-0.9765625,0,0,4.6875,-12,14.7,5,
1508,2026-09-02,14:34:08.43443,325.68045,,1031.25,30,,0,37.8125,773,79.2156862745098,0,1,13.9,-40,,0,4.6875,0,,,,,,,,,,,,2.51937,75,-1.3671875,0,0,4.6875,-12,14.7,9,
1509,2026-09-02,14:34:08.62244,325.87933,,1062.5,30,,0,38.125,773,79.2156862745098,0,2,15.1,-40,,0,4.6875,0,,,,,,,,,,,,1.79676,75,-1.5625,0,0,4.6875,-12,14.7,1,
1510,2026-09-02,14:34:08.76303,326.01463,,1093.75,30,,0,38.125,773,79.6078431372549,0,2,14.9,-40,,0,4.6875,0,,,,,,,,,,,,2.55843,81.25,-1.7578125,0,0,4.6875,-12,14.7,2,
1511,2026-09-02,14:34:08.92024,326.16945,,1093.75,30,,0,38.125,773,79.6078431372549,0,2,14.4,-40,,0,4.6875,0,,,,,,,,,,,,2.3436,81.25,-1.953125,0,0,4.6875,-12,14.7,2,
1512,2026-09-02,14:34:09.12356,326.3687,,1093.75,32,,0,38.4375,773,79.2156862745098,0,2,15,-40,,0,4.6875,0,,,,,,,,,,,,2.48031,81.25,-2.34375,0,0,4.6875,-12,14.7,2,
1513,2026-09-02,14:34:09.26458,326.51098,,1125,32,,0,37.1875,772,78.4313725490196,0,2,14.4,-40,,0,4.6875,0,,,,,,,,,,,,2.16783,81.25,-2.5390625,0,0,4.6875,-12,14.7,3,
1514,2026-09-02,14:34:09.42072,326.67363,,1156.25,32,,0,36.5625,773,77.6470588235294,0,3,14.8,-40,,0,4.6875,0,,,,,,,,,,,,2.1483,81.25,-2.34375,0,0,4.6875,-12,14.7,1,
1515,2026-09-02,14:34:09.56186,326.81768,,1125,32,,0,36.5625,773,78.0392156862745,0,3,14.7,-40,,0,4.6875,0,,,,,,,,,,,,2.28501,81.25,-1.953125,0,0,4.6875,-12,14.7,7,
1516,2026-09-02,14:34:09.68679,326.93748,,1156.25,32,,0,36.25,773,77.6470588235294,0,4,14.8,-40,,0,4.6875,0,,,,,,,,,,,,2.18736,81.25,-1.7578125,0,0,4.6875,-12,14.7,1,
1517,2026-09-02,14:34:09.81231,327.0675,,1187.5,34,,0,35.625,773,76.8627450980392,0,5,15,-40,,0,4.6875,0,,,,,,,,,,,,2.16783,81.25,-1.5625,0,0,4.6875,-12,14.7,1,
1518,2026-09-02,14:34:09.95338,327.2005,,1187.5,34,,0,35.3125,774,76.4705882352941,0,5,15.2,-40,,0,4.6875,0,,,,,,,,,,,,2.24595,81.25,-1.171875,0,0,4.6875,-12,14.7,6,
1519,2026-09-02,14:34:10.14039,327.39012,,1218.75,34,,0,34.6875,773,76.078431372549,0,5,15.2,-40,,0,4.6875,0,,,,,,,,,,,,2.18736,81.25,-0.78125,0,0,4.6875,-12,14.7,2,
1520,2026-09-02,14:34:10.29785,327.54443,,1218.75,34,,0,33.75,773,74.5098039215686,0,6,15,-40,,0,4.6875,0,,,,,,,,,,,,2.28501,81.25,-0.5859375,0,0,4.6875,-12,14.7,1,
1521,2026-09-02,14:34:10.48491,327.73458,,1218.75,36,,0,34.0625,774,74.5098039215686,0,7,14.8,-40,,0,4.6875,0,,,,,,,,,,,,2.1483,81.25,0,0,0,4.6875,-12,14.7,6,
1522,2026-09-02,14:34:10.67319,327.91942,,1250,36,,0,35.625,773,77.2549019607843,0,6,14.4,-40,,0,4.6875,0,,,,,,,,,,,,2.01159,87.5,0.390625,0,0,4.6875,-12,14.7,8,
1523,2026-09-02,14:34:10.81426,328.06668,,1250,36,,0,35.625,773,77.6470588235294,0,6,14,-40,,0,4.6875,0,,,,,,,,,,,,2.24595,87.5,0.5859375,0,0,4.6875,-12,14.7,1,
1524,2026-09-02,14:34:11.48762,328.74553,,1281.25,38,,0,33.75,774,75.2941176470588,0,7,14.6,-40,,0,4.6875,0,,,,,,,,,,,,2.18736,87.5,1.3671875,0,0,4.6875,-12,14.7,4,
1525,2026-09-02,14:34:11.66037,328.90732,,1375,38,,0,33.75,774,75.2941176470588,0,7,14.4,-40,,0,4.6875,0,,,,,,,,,,,,2.28501,87.5,1.171875,0,0,4.6875,-12,14.7,1,
1526,2026-09-02,14:34:11.80136,329.05507,,1375,38,,0,33.75,774,75.2941176470588,0,8,14.4,-40,,0,4.6875,0,,,,,,,,,,,,2.22642,87.5,0.78125,0,0,4.6875,-12,14.7,7,
1527,2026-09-02,14:34:11.97317,329.22214,,1375,40,,0,34.0625,773,74.9019607843137,0,7,14.6,-40,,0,4.6875,0,,,,,,,,,,,,2.32407,93.75,0.9765625,0,0,4.6875,-12,14.7,5,
1528,2026-09-02,14:34:12.17723,329.42425,,1375,40,,0,33.75,773,74.5098039215686,0,8,15.6,-40,,0,4.6875,0,,,,,,,,,,,,2.36313,93.75,1.3671875,0,0,4.6875,-12,14.7,0,
1529,2026-09-02,14:34:12.33401,329.58918,,1437.5,40,,0,34.0625,773,74.1176470588235,0,8,14.1,-40,,0,4.6875,0,,,,,,,,,,,,2.24595,93.75,1.5625,0,0,4.6875,-12,14.7,6,
1530,2026-09-02,14:34:12.50581,329.75392,,1437.5,40,,0,33.75,774,74.1176470588235,0,8,14.1,-40,,0,4.6875,0,,,,,,,,,,,,2.30454,93.75,0.9765625,0,0,4.6875,-12,14.7,5,
1531,2026-09-02,14:34:12.67864,329.92461,,1437.5,42,,0,33.125,774,72.5490196078431,0,8,14.7,-40,,0,4.6875,0,,,,,,,,,,,,2.18736,93.75,0.5859375,0,0,4.6875,-12,14.7,3,
1532,2026-09-02,14:34:12.83490,330.07818,,1468.75,42,,0,32.5,774,70.9803921568627,0,9,14.6,-40,,0,4.6875,0,,,,,,,,,,,,2.16783,93.75,0.390625,0,0,4.6875,-12,14.7,6,
1533,2026-09-02,14:34:13.00694,330.25811,,1468.75,42,,0,31.875,774,69.4117647058823,0,11,14.5,-40,,0,4.6875,0,,,,,,,,,,,,2.22642,87.5,0,0,0,4.6875,-12,14.7,8,
1534,2026-09-02,14:34:13.17909,330.43775,,1500,42,,0,31.25,774,67.843137254902,0,12,15,-40,,0,4.6875,0,,,,,,,,,,,,2.24595,87.5,-0.1953125,0,0,4.6875,-12,14.7,1,
1535,2026-09-02,14:34:13.33599,330.58484,,1500,44,,0,30.9375,773,67.0588235294118,0,12,14.9,-40,,0,4.6875,0,,,,,,,,,,,,2.24595,93.75,0.1953125,0,0,4.6875,-12,14.7,1,
1536,2026-09-02,14:34:14.02426,331.28038,,1500,46,,0,30.9375,773,65.8823529411765,0,13,14.7,-40,,0,4.6875,0,,,,,,,,,,,,2.26548,93.75,-0.1953125,0,0,4.6875,-12,14.7,5,
1537,2026-09-02,14:34:14.22787,331.48096,,1562.5,46,,0,30.625,773,65.8823529411765,0,14,15.1,-40,,0,4.6875,0,,,,,,,,,,,,2.28501,93.75,0,0,0,4.6875,-12,14.7,1,
1538,2026-09-02,14:34:14.40058,331.65092,,1593.75,46,,0,30.3125,773,65.8823529411765,0,15,14.9,-40,,0,4.6875,0,,,,,,,,,,,,2.26548,93.75,0.5859375,0,0,4.6875,-12,14.7,2,
1539,2026-09-02,14:34:15.08975,332.33998,,1593.75,48,,0,25.3125,774,56.8627450980392,0,24,14.4,-40,,0,4.6875,0,,,,,,,,,,,,2.12877,81.25,0.78125,0,0,4.6875,-12,14.7,9,
1540,2026-09-02,14:34:15.29297,332.53932,,1656.25,48,,0,23.4375,773,53.3333333333333,0,26,14.6,-40,,0,4.6875,0,,,,,,,,,,,,2.10924,75,0.390625,0,0,4.6875,-12,14.7,7,
1541,2026-09-02,14:34:15.43365,332.68414,,1656.25,48,,0,22.1875,773,50.9803921568627,0,29,14.6,-40,,0,4.6875,0,,,,,,,,,,,,2.08971,68.75,0,0,0,4.6875,-12,14.7,1,
1542,2026-09-02,14:34:16.09140,333.33792,,1687.5,50,,0,19.0625,773,46.2745098039216,0,32,14.5,-40,,0,4.6875,0,,,,,,,,,,,,2.03112,62.5,0.78125,0,0,4.6875,-12,14.7,2,
1543,2026-09-02,14:34:16.23231,333.48235,,1718.75,50,,0,18.75,773,45.4901960784314,0,33,14.4,-40,,0,4.6875,0,,,,,,,,,,,,2.03112,62.5,0.5859375,0,0,4.6875,-12,14.7,3,
1544,2026-09-02,14:34:16.40430,333.6577,,1718.75,50,,0,18.125,773,44.3137254901961,0,33,14.5,-40,,0,4.6875,0,,,,,,,,,,,,1.99206,56.25,0.1953125,0,0,4.6875,-12,14.7,8,
1545,2026-09-02,14:34:16.56143,333.80954,,1718.75,50,,0,17.8125,773,43.5294117647059,0,33,14.7,-40,,0,4.6875,0,,,,,,,,,,,,2.01159,56.25,-0.1953125,0,0,4.6875,-12,14.7,11,
1546,2026-09-02,14:34:16.71789,333.97164,,1718.75,50,,0,17.5,773,43.1372549019608,0,33,15.1,-40,,0,4.6875,0,,,,,,,,,,,,1.99206,56.25,0,0,0,4.6875,-12,14.7,1,
1547,2026-09-02,14:34:16.90487,334.15419,,1718.75,50,,0,17.5,773,43.1372549019608,0,33,15.1,-40,,0,4.6875,0,,,,,,,,,,,,2.03112,56.25,0.5859375,0,0,4.6875,-12,14.7,15,
1548,2026-09-02,14:34:17.09316,334.34659,,1718.75,50,,0,17.1875,774,41.9607843137255,0,33,14.7,-40,,0,4.6875,0,,,,,,,,,,,,2.01159,56.25,0.9765625,0,0,4.6875,-12,14.7,9,
1549,2026-09-02,14:34:17.28096,334.5363,,1718.75,50,,0,16.5625,774,40.7843137254902,0,33,14.3,-40,,0,4.6875,0,,,,,,,,,,,,1.99206,56.25,0.78125,0,0,4.6875,-12,14.7,4,
1550,2026-09-02,14:34:17.45271,334.70597,,1750,50,,0,15.9375,774,40,0,34,14.1,-40,,0,4.6875,0,,,,,,,,,,,,1.97253,50,-0.5859375,0,0,4.6875,-12,14.7,7,
1551,2026-09-02,14:34:17.68734,334.93736,,1718.75,52,,0,14.375,774,37.6470588235294,0,34,14.6,-40,,0,4.6875,0,,,,,,,,,,,,1.91394,50,-1.171875,0,0,4.6875,-12,14.7,2,
1552,2026-09-02,14:34:18.12647,335.37942,,1750,52,,0,13.125,773,34.9019607843137,0,34,15.9,-40,,0,4.6875,0,,,,,,,,,,,,1.91394,43.75,-0.78125,0,0,4.6875,-12,14.7,8,
1553,2026-09-02,14:34:18.29822,335.54967,,1750,52,,0,13.125,774,34.9019607843137,0,34,15.8,-40,,0,4.6875,0,,,,,,,,,,,,1.87488,43.75,-0.1953125,0,0,4.6875,-12,14.7,1,
1554,2026-09-02,14:34:18.45427,335.70955,,1750,52,,0,12.8125,774,33.7254901960784,0,34,15.4,-40,,0,4.6875,0,,,,,,,,,,,,1.79676,43.75,0.1953125,0,0,4.6875,-12,14.7,1,
1555,2026-09-02,14:34:18.62692,335.87872,,1750,52,,0,11.875,774,32.5490196078431,0,35,15.4,-40,,0,4.6875,0,,,,,,,,,,,,1.77723,37.5,0.5859375,0,0,4.6875,-12,14.7,17,
1556,2026-09-02,14:34:18.79947,336.05404,,1750,52,,0,11.5625,774,31.3725490196078,0,34,15.3,-40,,0,4.6875,0,,,,,,,,,,,,1.85535,37.5,1.171875,0,0,4.6875,-12,14.7,7,
1557,2026-09-02,14:34:18.95570,336.2136,,1750,52,,0,11.25,773,30.1960784313725,0,34,15.3,-40,,0,4.6875,0,,,,,,,,,,,,1.77723,37.5,1.5625,0,0,4.6875,-12,14.7,6,
1558,2026-09-02,14:34:19.11210,336.36332,,1750,52,,0,10.9375,773,29.4117647058824,0,34,15,-40,,0,4.6875,0,,,,,,,,,,,,1.73817,37.5,1.953125,0,0,4.6875,-12,14.7,5,
1559,2026-09-02,14:34:19.28423,336.53045,,1750,52,,0,10.625,773,28.6274509803922,0,34,15.2,-40,,0,4.6875,0,,,,,,,,,,,,1.69911,37.5,2.34375,0,0,4.6875,-12,14.7,2,
1560,2026-09-02,14:34:19.45692,336.7078,,1750,52,,0,9.6875,774,26.6666666666667,0,34,14.9,-40,,0,4.6875,0,,,,,,,,,,,,1.60146,31.25,2.9296875,0,0,4.6875,-12,14.7,0,
1561,2026-09-02,14:34:19.62916,336.8875,,1750,52,,0,7.8125,774,23.5294117647059,0,34,14.9,-40,,0,4.6875,0,,,,,,,,,,,,1.58193,25,3.3203125,0,0,4.6875,-12,14.7,3,
1562,2026-09-02,14:34:19.81698,337.06431,,1750,52,,0,7.1875,773,21.5686274509804,0,34,14.6,-40,,0,4.6875,0,,,,,,,,,,,,1.66005,25,3.90625,0,0,4.6875,-12,14.7,1,
1563,2026-09-02,14:34:19.98851,337.24195,,1750,52,,0,7.1875,773,21.1764705882353,0,34,14.5,-40,,0,4.6875,0,,,,,,,,,,,,1.60146,25,4.296875,0,0,4.6875,-12,14.7,2,
1564,2026-09-02,14:34:20.16066,337.40903,,1750,52,,0,6.875,774,20.7843137254902,0,34,14.5,-40,,0,4.6875,0,,,,,,,,,,,,1.64052,25,4.6875,0,0,4.6875,-12,14.7,6,
1565,2026-09-02,14:34:20.31768,337.57145,,1750,52,,0,7.1875,773,20.3921568627451,0,34,14.2,-40,,0,4.6875,0,,,,,,,,,,,,1.5624,25,4.4921875,0,0,4.6875,-12,14.7,5,
1566,2026-09-02,14:34:20.48942,337.74617,,1750,52,,0,6.875,774,20,0,34,14,-40,,0,4.6875,0,,,,,,,,,,,,1.54287,18.75,4.1015625,0,0,4.6875,-12,14.7,1,
1567,2026-09-02,14:34:20.69250,337.95092,,1687.5,52,,0,6.25,774,19.2156862745098,0,33,13.9,-40,,0,4.6875,0,,,,,,,,,,,,1.52334,18.75,3.7109375,0,0,4.6875,-12,14.7,5,
1568,2026-09-02,14:34:20.86595,338.11563,,1750,52,,0,6.25,773,18.8235294117647,0,34,13.9,-40,,0,4.6875,0,,,,,,,,,,,,1.64052,18.75,3.3203125,0,0,4.6875,-12,14.7,6,
1569,2026-09-02,14:34:21.02174,338.27983,,1687.5,52,,0,6.25,772,18.4313725490196,0,32,14.1,-40,,0,4.6875,0,,,,,,,,,,,,1.58193,18.75,2.9296875,0,0,4.6875,-12,14.7,4,
1570,2026-09-02,14:34:21.19435,338.44952,,1718.75,50,,0,6.25,773,18.4313725490196,0,33,14,-40,,0,4.6875,0,,,,,,,,,,,,1.60146,18.75,2.5390625,0,0,4.6875,-12,14.7,2,
1571,2026-09-02,14:34:21.36620,338.61274,,1718.75,50,,0,5.625,773,18.0392156862745,0,33,14.3,-40,,0,4.6875,0,,,,,,,,,,,,1.46475,18.75,0,0,0,4.6875,-12,14.7,1,
1572,2026-09-02,14:34:21.52215,338.77932,,1718.75,50,,0,5.3125,773,17.2549019607843,0,32,14.6,-40,,0,4.6875,0,,,,,,,,,,,,1.58193,18.75,0,0,0,4.6875,-12,14.7,2,
1573,2026-09-02,14:34:21.67932,338.92932,,1718.75,50,,0,5.3125,773,16.4705882352941,0,32,14.5,-40,,0,4.6875,0,,,,,,,,,,,,1.40616,18.75,0,0,0,4.6875,-12,14.7,2,
1574,2026-09-02,14:34:21.85164,339.10134,,1687.5,50,,0,4.6875,773,16.078431372549,0,33,14.6,-40,,0,4.6875,0,,,,,,,,,,,,1.52334,12.5,0,0,0,4.6875,-12,14.7,1,
1575,2026-09-02,14:34:22.00801,339.2566,,1718.75,50,,0,4.375,773,15.6862745098039,0,32,14.5,-40,,0,4.6875,0,,,,,,,,,,,,1.48428,12.5,0,0,0,4.6875,-12,14.7,2,
1576,2026-09-02,14:34:22.14993,339.40864,,1687.5,50,,0,4.0625,773,15.2941176470588,0,33,14.6,-40,,0,4.6875,0,,,,,,,,,,,,1.44522,12.5,0,0,0,4.6875,-12,14.7,1,
1577,2026-09-02,14:34:22.30665,339.56383,,1687.5,50,,0,4.0625,773,14.9019607843137,0,20,14.8,-40,,0,4.6875,0,,,,,,,,,,,,1.52334,12.5,0,0,0,4.6875,-12,14.7,4,
1578,2026-09-02,14:34:22.47898,339.72777,,1656.25,50,,0,4.0625,774,14.9019607843137,0,20,15,-40,,0,4.6875,0,,,,,,,,,,,,1.48428,12.5,0,0,0,4.6875,-12,14.7,5,
1579,2026-09-02,14:34:22.61991,339.87718,,1656.25,50,,0,4.0625,774,15.2941176470588,0,20,15.9,-40,,0,4.6875,0,,,,,,,,,,,,1.3671,12.5,0,0,0,4.6875,-12,14.7,5,
1580,2026-09-02,14:34:22.80761,340.06253,,1656.25,50,,0,4.0625,773,15.2941176470588,0,20,16.5,-40,,0,4.6875,0,,,,,,,,,,,,1.46475,12.5,0,0,0,4.6875,-12,14.7,1,
1581,2026-09-02,14:34:22.99514,340.24711,,1625,50,,0,4.0625,773,15.2941176470588,0,20,21,-40,,0,4.6875,0,,,,,,,,,,,,1.50381,12.5,0,0,0,4.6875,-12,14.7,0,
1582,2026-09-02,14:34:23.22563,340.47624,,1656.25,48,,0,4.0625,773,14.9019607843137,0,20,31.6,-40,,0,4.6875,0,,,,,,,,,,,,1.44522,12.5,0,0,0,4.6875,-12,14.7,0,
1583,2026-09-02,14:34:23.68378,340.9336,,1625,48,,0,4.0625,774,14.9019607843137,0,20,63.3,-40,,0,4.6875,0,,,,,,,,,,,,1.42569,12.5,0,0,0,4.6875,-12,14.7,3,
1584,2026-09-02,14:34:23.82586,341.07582,,1625,48,,0,4.0625,773,14.9019607843137,0,20,75,-40,,0,4.6875,0,,,,,,,,,,,,1.50381,12.5,0,0,0,4.6875,-12,14.7,5,
1585,2026-09-02,14:34:23.99726,341.24076,,1593.75,48,,0,4.375,773,14.9019607843137,0,20,81.8,-40,,0,4.6875,0,,,,,,,,,,,,1.48428,12.5,0,0,0,4.6875,-12,14.7,2,
1586,2026-09-02,14:34:24.15457,341.40531,,1593.75,48,,0,4.375,773,14.9019607843137,0,20,88.9,-40,,0,4.6875,0,,,,,,,,,,,,1.40616,12.5,0,0,0,4.6875,-12,14.7,10,
1587,2026-09-02,14:34:24.32698,341.57354,,1593.75,48,,0,4.0625,774,14.9019607843137,0,20,95.5,-40,,0,4.6875,0,,,,,,,,,,,,1.34757,12.5,0,0,0,4.6875,-12,14.7,6,
1588,2026-09-02,14:34:24.46762,341.71983,,1562.5,48,,0,4.0625,773,14.5098039215686,0,20,96,-40,,0,4.6875,0,,,,,,,,,,,,1.40616,12.5,0,0,0,4.6875,-12,14.7,5,
1589,2026-09-02,14:34:24.64045,341.88707,,1593.75,46,,0,4.375,773,14.5098039215686,0,20,96,-40,,0,4.6875,0,,,,,,,,,,,,1.50381,12.5,0,0,0,4.6875,-12,14.7,6,
1590,2026-09-02,14:34:24.78101,342.03928,,1562.5,46,,0,4.0625,773,14.5098039215686,0,20,96,-40,,0,4.6875,0,,,,,,,,,,,,1.62099,12.5,0,0,0,4.6875,-12,14.7,5,
1591,2026-09-02,14:34:24.93785,342.18897,,1562.5,46,,0,8.4375,773,20,0,-5,96,-40,,0,4.6875,0,,,,,,,,,,,,1.89441,31.25,0,0,0,4.6875,-12,14.7,4,
1592,2026-09-02,14:34:25.12584,342.37376,,1593.75,46,,0,11.875,772,25.4901960784314,0,29,96,-40,,0,4.6875,0,,,,,,,,,,,,1.81629,37.5,0,0,0,4.6875,-12,14.7,1,
1593,2026-09-02,14:34:25.26649,342.52356,,1562.5,46,,0,12.8125,773,28.2352941176471,0,30,76.9,-40,,0,4.6875,0,,,,,,,,,,,,1.79676,37.5,0,0,0,4.6875,-12,14.7,11,
1594,2026-09-02,14:34:25.47004,342.71828,,1562.5,46,,0,12.8125,774,29.4117647058824,0,30,13.4,-40,,0,4.6875,0,,,,,,,,,,,,1.85535,37.5,0,0,0,4.6875,-12,14.7,3,
1595,2026-09-02,14:34:25.65865,342.90265,,1562.5,46,,0,12.8125,773,30.1960784313725,0,30,12.9,-40,,0,4.6875,0,,,,,,,,,,,,1.85535,37.5,0,0,0,4.6875,-12,14.7,6,
1596,2026-09-02,14:34:25.83060,343.08032,,1593.75,46,,0,12.8125,773,30.1960784313725,0,30,13.3,-40,,0,4.6875,0,,,,,,,,,,,,1.83582,37.5,0,0,0,4.6875,-12,14.7,8,
1597,2026-09-02,14:34:25.98715,343.24235,,1562.5,46,,0,12.5,774,29.8039215686275,0,30,13.9,-40,,0,4.6875,0,,,,,,,,,,,,1.79676,37.5,0,0,0,4.6875,-12,14.7,7,
1598,2026-09-02,14:34:26.14407,343.4021,,1562.5,46,,0,12.5,774,29.4117647058824,0,29,14.4,-40,,0,4.6875,0,,,,,,,,,,,,1.87488,37.5,0,0,0,4.6875,-12,14.7,5,
1599,2026-09-02,14:34:26.33199,343.58125,,1562.5,46,,0,12.5,773,29.4117647058824,0,30,15.6,-40,,0,4.6875,0,,,,,,,,,,,,1.77723,37.5,0,0,0,4.6875,-12,14.7,3,
1600,2026-09-02,14:34:26.47261,343.72176,,1593.75,46,,0,12.5,773,29.4117647058824,0,30,15.5,-40,,0,4.6875,0,,,,,,,,,,,,1.83582,37.5,0.390625,0,0,4.6875,-12,14.7,3,
1601,2026-09-02,14:34:26.62936,343.8809,,1562.5,46,,0,12.1875,773,29.0196078431373,0,30,16,-40,,0,4.6875,0,,,,,,,,,,,,1.77723,37.5,0.78125,0,0,4.6875,-12,14.7,2,
1602,2026-09-02,14:34:26.80167,344.05608,,1562.5,46,,0,12.1875,773,29.0196078431373,0,30,15.5,-40,,0,4.6875,0,,,,,,,,,,,,1.81629,37.5,1.171875,0,0,4.6875,-12,14.7,3,
1603,2026-09-02,14:34:27.02086,344.27578,,1562.5,46,,0,14.375,773,32.156862745098,0,30,15.4,-40,,0,4.6875,0,,,,,,,,,,,,2.12877,56.25,1.7578125,0,0,4.6875,-12,14.7,9,
1604,2026-09-02,14:34:27.20840,344.46547,,1562.5,46,,0,21.25,774,43.921568627451,0,26,15.3,-40,,0,4.6875,0,,,,,,,,,,,,2.16783,68.75,2.34375,0,0,4.6875,-12,14.7,4,
1605,2026-09-02,14:34:27.41153,344.65539,,1593.75,46,,0,22.8125,774,48.2352941176471,0,25,13.6,-40,,0,4.6875,0,,,,,,,,,,,,2.08971,68.75,2.34375,0,0,4.6875,-12,14.7,11,
1606,2026-09-02,14:34:27.56774,344.81986,,1593.75,46,,0,21.875,774,48.6274509803922,0,28,12.7,-40,,0,4.6875,0,,,,,,,,,,,,1.97253,62.5,1.953125,0,0,4.6875,-12,14.7,2,
1607,2026-09-02,14:34:27.79875,345.05392,,1593.75,46,,0,18.75,773,43.5294117647059,0,31,13.4,-40,,0,4.6875,0,,,,,,,,,,,,1.99206,56.25,1.5625,0,0,4.6875,-12,14.7,9,
1608,2026-09-02,14:34:28.28948,345.53848,,1593.75,46,,0,16.25,773,38.4313725490196,0,31,13.9,-40,,0,4.6875,0,,,,,,,,,,,,1.87488,50,0.5859375,0,0,4.6875,-12,14.7,1,
1609,2026-09-02,14:34:28.47726,345.72818,,1625,46,,0,15.625,773,37.2549019607843,0,31,14.2,-40,,0,4.6875,0,,,,,,,,,,,,1.91394,50,0,0,0,4.6875,-12,14.7,5,
1610,2026-09-02,14:34:28.63395,345.881,,1625,46,,0,15.3125,773,36.4705882352941,0,31,14.3,-40,,0,4.6875,0,,,,,,,,,,,,1.953,50,-0.1953125,0,0,4.6875,-12,14.7,5,
1611,2026-09-02,14:34:28.81920,346.07786,,1625,48,,0,15,773,36.078431372549,0,31,14.5,-40,,0,4.6875,0,,,,,,,,,,,,1.91394,43.75,-0.5859375,0,0,4.6875,-12,14.7,2,
1612,2026-09-02,14:34:28.97794,346.22673,,1625,48,,0,15,774,35.6862745098039,0,30,14.9,-40,,0,4.6875,0,,,,,,,,,,,,1.77723,43.75,-0.9765625,0,0,4.6875,-12,14.7,1,
1613,2026-09-02,14:34:29.10343,346.34675,,1625,48,,0,14.0625,774,34.1176470588235,0,30,15.1,-40,,0,4.6875,0,,,,,,,,,,,,1.77723,43.75,-0.78125,0,0,4.6875,-12,14.7,5,
1614,2026-09-02,14:34:29.24406,346.49697,,1625,48,,0,12.5,773,31.3725490196078,0,32,15.7,-40,,0,4.6875,0,,,,,,,,,,,,1.7577,37.5,-0.390625,0,0,4.6875,-12,14.7,1,
1615,2026-09-02,14:34:29.41617,346.66393,,1625,48,,0,11.875,774,30.1960784313725,0,32,15.8,-40,,0,4.6875,0,,,,,,,,,,,,1.79676,37.5,0,0,0,4.6875,-12,14.7,5,
1616,2026-09-02,14:34:29.58795,346.83664,,1593.75,46,,0,11.5625,773,29.0196078431373,0,31,15.9,-40,,0,4.6875,0,,,,,,,,,,,,1.73817,37.5,0.390625,0,0,4.6875,-12,14.7,1,
1617,2026-09-02,14:34:29.76007,347.01634,,1593.75,46,,0,12.1875,774,29.8039215686275,0,31,16,-40,,0,4.6875,0,,,,,,,,,,,,1.99206,43.75,0.9765625,0,0,4.6875,-12,14.7,1,
1618,2026-09-02,14:34:29.91629,347.16208,,1625,46,,0,16.25,773,34.5098039215686,0,31,15.9,-40,,0,4.6875,0,,,,,,,,,,,,2.05065,56.25,1.3671875,0,0,4.6875,-12,14.7,4,
1619,2026-09-02,14:34:30.05687,347.30518,,1593.75,46,,0,19.375,773,40.3921568627451,0,30,15.9,-40,,0,4.6875,0,,,,,,,,,,,,2.10924,62.5,1.7578125,0,0,4.6875,-12,14.7,1,
1620,2026-09-02,14:34:30.18242,347.42988,,1625,46,,0,20.9375,773,44.7058823529412,0,29,15.5,-40,,0,4.6875,0,,,,,,,,,,,,2.28501,75,1.953125,0,0,4.6875,-12,14.7,4,
1621,2026-09-02,14:34:30.30739,347.5555,,1656.25,48,,0,25.3125,774,52.9411764705882,0,22,13.6,-40,,0,4.6875,0,,,,,,,,,,,,2.42172,87.5,2.1484375,0,0,4.6875,-12,14.7,3,
1622,2026-09-02,14:34:30.44911,347.69745,,1625,48,,0,31.25,773,63.1372549019608,0,14,13.5,-40,,0,4.6875,0,,,,,,,,,,,,2.38266,100,1.953125,0,0,4.6875,-12,14.7,4,
1623,2026-09-02,14:34:30.62111,347.87957,,1625,48,,0,32.8125,774,67.0588235294118,0,12,14,-40,,0,4.6875,0,,,,,,,,,,,,2.32407,106.25,1.3671875,0,0,4.6875,-12,14.7,2,
1624,2026-09-02,14:34:30.82460,348.07229,,1656.25,48,,0,31.875,773,67.0588235294118,0,14,14.2,-40,,0,4.6875,0,,,,,,,,,,,,2.30454,100,0.9765625,0,0,4.6875,-12,14.7,11,
1625,2026-09-02,14:34:31.02797,348.27899,,1656.25,50,,0,28.75,773,62.3529411764706,0,19,14.5,-40,,0,4.6875,0,,,,,,,,,,,,2.10924,87.5,0.5859375,0,0,4.6875,-12,14.7,10,
1626,2026-09-02,14:34:31.18449,348.4391,,1687.5,50,,0,21.875,773,50.1960784313725,0,30,14.9,-40,,0,4.6875,0,,,,,,,,,,,,1.85535,62.5,0.1953125,0,0,4.6875,-12,14.7,7,
1627,2026-09-02,14:34:31.38790,348.63823,,1687.5,50,,0,15.9375,773,40.3921568627451,0,32,14.5,-40,,0,4.6875,0,,,,,,,,,,,,1.81629,50,-0.1953125,0,0,4.6875,-12,14.7,12,
1628,2026-09-02,14:34:31.85735,349.11278,,1687.5,50,,0,10.3125,773,28.2352941176471,0,33,14.5,-40,,0,4.6875,0,,,,,,,,,,,,1.66005,31.25,-1.171875,0,0,4.6875,-12,14.7,3,
1629,2026-09-02,14:34:32.06117,349.30994,,1656.25,50,,0,8.4375,773,24.3137254901961,0,33,15.3,-40,,0,4.6875,0,,,,,,,,,,,,1.64052,25,-1.3671875,0,0,4.6875,-12,14.7,1,
1630,2026-09-02,14:34:32.20195,349.45246,,1656.25,50,,0,7.5,773,21.1764705882353,0,32,16.2,-40,,0,4.6875,0,,,,,,,,,,,,1.50381,25,-0.9765625,0,0,4.6875,-12,14.7,1,
1631,2026-09-02,14:34:32.40597,349.65663,,1656.25,48,,0,6.875,774,19.6078431372549,0,32,16.6,-40,,0,4.6875,0,,,,,,,,,,,,1.62099,18.75,-0.390625,0,0,4.6875,-12,14.7,5,
1632,2026-09-02,14:34:32.89205,350.14107,,1625,48,,0,6.25,773,17.2549019607843,0,31,16.7,-40,,0,4.6875,0,,,,,,,,,,,,1.58193,18.75,0.78125,0,0,4.6875,-12,14.7,1,
1633,2026-09-02,14:34:33.03256,350.28566,,1562.5,46,,0,5.9375,774,16.8627450980392,0,20,16.9,-40,,0,4.6875,0,,,,,,,,,,,,1.54287,18.75,0,0,0,4.6875,-12,14.7,1,
1634,2026-09-02,14:34:33.22117,350.46541,,1562.5,46,,0,5,773,15.6862745098039,0,20,16.7,-40,,0,4.6875,0,,,,,,,,,,,,1.48428,12.5,0,0,0,4.6875,-12,14.7,0,
1635,2026-09-02,14:34:33.37730,350.63563,,1562.5,46,,0,4.6875,774,15.2941176470588,0,20,17,-40,,0,4.6875,0,,,,,,,,,,,,1.52334,12.5,0,0,0,4.6875,-12,14.7,3,
1636,2026-09-02,14:34:33.54942,350.8001,,1531.25,46,,0,4.6875,774,15.2941176470588,0,20,20.8,-40,,0,4.6875,0,,,,,,,,,,,,1.3671,12.5,0,0,0,4.6875,-12,14.7,1,
1637,2026-09-02,14:34:33.76919,351.0172,,1500,44,,0,4.6875,773,15.2941176470588,0,20,27.3,-40,,0,4.6875,0,,,,,,,,,,,,1.48428,12.5,0,0,0,4.6875,-12,14.7,4,
1638,2026-09-02,14:34:33.90993,351.15976,,1500,44,,0,4.6875,774,15.2941176470588,0,20,35.1,-40,,0,4.6875,0,,,,,,,,,,,,1.44522,12.5,0,0,0,4.6875,-11,14.7,1,
1639,2026-09-02,14:34:34.06582,351.32446,,1468.75,44,,0,4.6875,774,15.6862745098039,0,20,36.3,-40,,0,4.6875,0,,,,,,,,,,,,1.48428,12.5,0,0,0,4.6875,-12,14.7,0,
1640,2026-09-02,14:34:34.23834,351.48928,,1437.5,44,,0,4.6875,773,16.078431372549,0,20,61.7,-40,,0,4.6875,0,,,,,,,,,,,,1.3671,12.5,0,0,0,4.6875,-11,14.7,1,
1641,2026-09-02,14:34:34.44216,351.68837,,1406.25,44,,0,5.9375,774,16.8627450980392,0,-5,73.7,-40,,0,4.6875,0,,,,,,,,,,,,1.87488,18.75,0,0,0,4.6875,-12,14.7,2,
1642,2026-09-02,14:34:34.94388,352.19318,,1437.5,42,,0,13.75,773,31.3725490196078,0,26,21.3,-40,,0,4.6875,0,,,,,,,,,,,,2.10924,50,0,0,0,4.6875,-11,14.7,1,
1643,2026-09-02,14:34:35.08399,352.33767,,1437.5,42,,0,20.625,773,41.5686274509804,0,25,14.1,-40,,0,4.6875,0,,,,,,,,,,,,2.26548,62.5,0,0,0,4.6875,-11,14.7,2,
1644,2026-09-02,14:34:35.22533,352.47265,,1437.5,42,,0,27.8125,774,52.9411764705882,0,16,12.5,-40,,0,4.6875,0,,,,,,,,,,,,2.30454,81.25,0,0,0,4.6875,-12,14.4738461538462,5,
1645,2026-09-02,14:34:35.39758,352.64444,,1437.5,42,,0,31.5625,774,64.7058823529412,0,13,11.8,-40,,0,4.6875,0,,,,,,,,,,,,2.28501,87.5,0,0,0,4.6875,-11,14.363358778626,10,
1646,2026-09-02,14:34:35.55340,352.80189,,1437.5,42,,0,31.5625,774,66.6666666666667,0,13,12.4,-40,,0,4.6875,0,,,,,,,,,,,,2.22642,87.5,0,0,0,4.6875,-12,14.4738461538462,2,
1647,2026-09-02,14:34:35.77308,353.01814,,1468.75,42,,0,31.25,773,67.0588235294118,0,14,13,-40,,0,4.6875,0,,,,,,,,,,,,2.28501,87.5,0,0,0,4.6875,-12,14.363358778626,0,
1648,2026-09-02,14:34:35.94559,353.20169,,1500,44,,0,31.25,773,67.4509803921569,0,14,13.7,-40,,0,4.6875,0,,,,,,,,,,,,2.26548,93.75,0,0,0,4.6875,-11,14.363358778626,9,
1649,2026-09-02,14:34:36.10195,353.35579,,1500,44,,0,31.875,774,68.2352941176471,0,11,13.9,-40,,0,4.6875,0,,,,,,,,,,,,2.26548,93.75,-0.390625,0,0,4.6875,-12,14.7,4,
1650,2026-09-02,14:34:36.27384,353.53095,,1500,44,,0,30.3125,773,65.8823529411765,0,14,13.6,-40,,0,4.6875,0,,,,,,,,,,,,2.16783,87.5,-0.5859375,0,0,4.6875,-11,14.7,2,
1651,2026-09-02,14:34:36.47745,353.73064,,1500,44,,0,27.1875,774,59.6078431372549,0,19,14.7,-40,,0,4.6875,0,,,,,,,,,,,,2.1483,75,-0.9765625,0,0,4.6875,-11,14.7,4,
1652,2026-09-02,14:34:36.68053,353.93284,,1562.5,44,,0,25,774,55.2941176470588,0,22,14.2,-40,,0,4.6875,0,,,,,,,,,,,,2.1483,75,-1.3671875,0,0,4.6875,-11,14.7,9,
1653,2026-09-02,14:34:36.82135,354.07504,,1562.5,44,,0,24.6875,773,54.9019607843137,0,22,14.6,-40,,0,4.6875,0,,,,,,,,,,,,2.20689,75,-1.7578125,0,0,4.6875,-11,14.7,2,
1654,2026-09-02,14:34:36.97836,354.23481,,1562.5,44,,0,27.8125,773,59.2156862745098,0,18,14.5,-40,,0,4.6875,0,,,,,,,,,,,,2.24595,87.5,-2.1484375,0,0,4.6875,-11,14.7,5,
1655,2026-09-02,14:34:37.13490,354.38968,,1593.75,44,,0,29.375,773,62.3529411764706,0,17,15.1,-40,,0,4.6875,0,,,,,,,,,,,,2.26548,87.5,-2.1484375,0,0,4.6875,-12,14.7,8,
1656,2026-09-02,14:34:37.30642,354.55672,,1593.75,46,,0,29.0625,773,62.3529411764706,0,17,14.9,-40,,0,4.6875,0,,,,,,,,,,,,2.24595,87.5,-1.7578125,0,0,4.6875,-12,14.7,5,
1657,2026-09-02,14:34:37.47923,354.73398,,1593.75,46,,0,29.0625,774,62.3529411764706,0,17,15.2,-40,,0,4.6875,0,,,,,,,,,,,,2.28501,93.75,-1.171875,0,0,4.6875,-11,14.7,9,
1658,2026-09-02,14:34:37.65061,354.90881,,1625,46,,0,31.5625,773,65.0980392156863,0,14,15.2,-40,,0,4.6875,0,,,,,,,,,,,,2.5389,112.5,-0.78125,0,0,4.6875,-11,14.7,6,
1659,2026-09-02,14:34:37.82339,355.07858,,1625,46,,0,35.9375,774,73.3333333333333,0,11,15,-40,,0,4.6875,0,,,,,,,,,,,,2.46078,112.5,-0.390625,0,0,4.6875,-11,14.7,6,
1660,2026-09-02,14:34:37.99482,355.24829,,1656.25,48,,0,35.625,774,72.9411764705882,0,11,14.6,-40,,0,4.6875,0,,,,,,,,,,,,2.44125,112.5,0.1953125,0,0,4.6875,-11,14.7,13,
1661,2026-09-02,14:34:38.18329,355.43072,,1687.5,48,,0,34.6875,773,72.156862745098,0,12,14.8,-40,,0,4.6875,0,,,,,,,,,,,,2.3436,112.5,0.5859375,0,0,4.6875,-11,14.7,6,
1662,2026-09-02,14:34:38.32389,355.5821,,1718.75,48,,0,33.125,774,69.4117647058823,0,13,14.8,-40,,0,4.6875,0,,,,,,,,,,,,2.3436,106.25,1.171875,0,0,4.6875,-11,14.7,5,
1663,2026-09-02,14:34:38.55860,355.80734,,1718.75,48,,0,31.875,773,67.843137254902,0,15,14.7,-40,,0,4.6875,0,,,,,,,,,,,,2.36313,106.25,1.7578125,0,0,4.6875,-11,14.7,7,
1664,2026-09-02,14:34:38.74722,355.99682,,1718.75,50,,0,30.625,773,66.6666666666667,0,16,14.6,-40,,0,4.6875,0,,,,,,,,,,,,2.36313,100,1.5625,0,0,4.6875,-11,14.7,4,
1665,2026-09-02,14:34:38.91859,356.17177,,1718.75,50,,0,30.3125,773,65.8823529411765,0,18,14.5,-40,,0,4.6875,0,,,,,,,,,,,,2.3436,100,1.171875,0,0,4.6875,-11,14.7,4,
1666,2026-09-02,14:34:39.09072,356.33891,,1750,50,,0,30.9375,773,66.6666666666667,0,17,14.8,-40,,0,4.6875,0,,,,,,,,,,,,2.42172,106.25,1.171875,0,0,4.6875,-11,14.7,7,
1667,2026-09-02,14:34:39.27861,356.53128,,1750,50,,0,32.8125,774,70.1960784313726,0,14,15.1,-40,,0,4.6875,0,,,,,,,,,,,,2.42172,112.5,1.7578125,0,0,4.6875,-12,14.7,4,
1668,2026-09-02,14:34:39.45069,356.70093,,1781.25,52,,0,29.0625,774,66.2745098039216,0,20,14.9,-40,,0,4.6875,0,,,,,,,,,,,,1.99206,87.5,2.34375,0,0,4.6875,-11,14.7,20,
1669,2026-09-02,14:34:39.62219,356.88002,,1781.25,52,,0,20.9375,773,50.9803921568627,0,33,14.6,-40,,0,4.6875,0,,,,,,,,,,,,1.87488,62.5,2.734375,0,0,4.6875,-11,14.7,6,
1670,2026-09-02,14:34:39.78047,357.02736,,1781.25,52,,0,14.375,773,39.2156862745098,0,36,14.1,-40,,0,4.6875,0,,,,,,,,,,,,1.79676,43.75,2.5390625,0,0,4.6875,-11,14.7,1,
1671,2026-09-02,14:34:39.95228,357.21011,,1812.5,52,,0,10.9375,773,32.5490196078431,0,36,13.6,-40,,0,4.6875,0,,,,,,,,,,,,1.71864,37.5,2.1484375,0,0,4.6875,-11,14.7,2,
1672,2026-09-02,14:34:40.12440,357.37934,,1781.25,52,,0,9.0625,773,28.6274509803922,0,35,13.3,-40,,0,4.6875,0,,,,,,,,,,,,1.7577,31.25,1.7578125,0,0,4.6875,-11,14.7,0,
1673,2026-09-02,14:34:40.28104,357.53457,,1781.25,52,,0,8.75,773,26.6666666666667,0,34,13.6,-40,,0,4.6875,0,,,,,,,,,,,,1.7577,31.25,1.3671875,0,0,4.6875,-11,14.7,4,
1674,2026-09-02,14:34:40.43769,357.68845,,1812.5,52,,0,8.4375,773,25.4901960784314,0,33,14.6,-40,,0,4.6875,0,,,,,,,,,,,,1.64052,31.25,1.171875,0,0,4.6875,-11,14.7,4,
1675,2026-09-02,14:34:40.56270,357.81333,,1781.25,52,,0,8.4375,773,24.7058823529412,0,33,15.3,-40,,0,4.6875,0,,,,,,,,,,,,1.71864,31.25,0.78125,0,0,4.6875,-11,14.7,5,
1676,2026-09-02,14:34:40.68818,357.9338,,1781.25,52,,0,8.4375,773,24.3137254901961,0,33,15.7,-40,,0,4.6875,0,,,,,,,,,,,,1.71864,31.25,1.171875,0,0,4.6875,-12,14.7,1,
1677,2026-09-02,14:34:40.81355,358.06869,,1781.25,52,,0,8.125,773,23.921568627451,0,32,16.3,-40,,0,4.6875,0,,,,,,,,,,,,1.7577,31.25,1.5625,0,0,4.6875,-11,14.7,4,
1678,2026-09-02,14:34:40.96974,358.22843,,1781.25,52,,0,8.125,773,23.921568627451,0,33,16.4,-40,,0,4.6875,0,,,,,,,,,,,,1.71864,31.25,1.953125,0,0,4.6875,-11,14.7,0,
1679,2026-09-02,14:34:41.17274,358.42811,,1781.25,52,,0,8.4375,774,23.921568627451,0,33,16.2,-40,,0,4.6875,0,,,,,,,,,,,,1.7577,31.25,2.5390625,0,0,4.6875,-11,14.7,1,
1680,2026-09-02,14:34:41.34513,358.59539,,1781.25,52,,0,8.75,773,23.921568627451,0,34,15.9,-40,,0,4.6875,0,,,,,,,,,,,,1.67958,31.25,2.9296875,0,0,4.6875,-11,14.7,0,
1681,2026-09-02,14:34:41.53352,358.78038,,1781.25,52,,0,8.75,774,23.921568627451,0,33,14.9,-40,,0,4.6875,0,,,,,,,,,,,,1.67958,31.25,3.3203125,0,0,4.6875,-12,14.7,1,
1682,2026-09-02,14:34:41.68984,358.94217,,1781.25,52,,0,8.75,773,23.921568627451,0,33,14.8,-40,,0,4.6875,0,,,,,,,,,,,,1.73817,31.25,3.90625,0,0,4.6875,-12,14.7,5,
1683,2026-09-02,14:34:41.86213,359.11212,,1781.25,52,,0,8.75,773,23.921568627451,0,34,14.3,-40,,0,4.6875,0,,,,,,,,,,,,1.7577,31.25,4.296875,0,0,4.6875,-11,14.7,5,
1684,2026-09-02,14:34:42.00323,359.25681,,1781.25,52,,0,9.0625,773,24.3137254901961,0,34,14.4,-40,,0,4.6875,0,,,,,,,,,,,,1.85535,31.25,3.90625,0,0,4.6875,-12,14.7,2,
1685,2026-09-02,14:34:42.15914,359.41657,,1781.25,52,,0,12.5,774,29.4117647058824,0,35,14.1,-40,,0,4.6875,0,,,,,,,,,,,,2.1483,50,3.515625,0,0,4.6875,-12,14.7,17,
1686,2026-09-02,14:34:42.31641,359.57144,,1781.25,52,,0,18.4375,774,38.8235294117647,0,34,14.5,-40,,0,4.6875,0,,,,,,,,,,,,2.10924,68.75,3.3203125,0,0,4.6875,-11,14.7,0,
1687,2026-09-02,14:34:42.50371,359.76108,,1781.25,52,,0,20.625,773,44.7058823529412,0,32,14.1,-40,,0,4.6875,0,,,,,,,,,,,,2.24595,81.25,2.734375,0,0,4.6875,-12,14.7,5,
1688,2026-09-02,14:34:42.67600,359.93084,,1781.25,52,,0,25.9375,773,56.078431372549,0,23,13,-40,,0,4.6875,0,,,,,,,,,,,,2.32407,93.75,2.34375,0,0,4.6875,-11,14.7,15,
1689,2026-09-02,14:34:42.86425,360.11523,,1812.5,52,,0,29.0625,774,63.5294117647059,0,19,13.6,-40,,0,4.6875,0,,,,,,,,,,,,2.38266,106.25,1.953125,0,0,4.6875,-11,14.7,8,
1690,2026-09-02,14:34:43.02072,360.26708,,1812.5,52,,0,29.375,773,65.4901960784314,0,19,14,-40,,0,4.6875,0,,,,,,,,,,,,2.42172,106.25,1.5625,0,0,4.6875,-11,14.7,9,
1691,2026-09-02,14:34:43.17652,360.43019,,1843.75,52,,0,30.9375,773,67.4509803921569,0,17,14.5,-40,,0,4.6875,0,,,,,,,,,,,,2.42172,112.5,1.171875,0,0,4.6875,-11,14.7,3,
1692,2026-09-02,14:34:43.33331,360.58969,,1843.75,52,,0,32.8125,773,71.3725490196078,0,15,14.9,-40,,0,4.6875,0,,,,,,,,,,,,2.46078,118.75,0.78125,0,0,4.6875,-11,14.7,13,
1693,2026-09-02,14:34:43.50587,360.75461,,1875,52,,0,32.8125,773,72.156862745098,0,15,15.1,-40,,0,4.6875,0,,,,,,,,,,,,2.46078,125,0.9765625,0,0,4.6875,-11,14.7,2,
1694,2026-09-02,14:34:43.66214,360.91917,,1875,56,,0,35.3125,773,76.078431372549,0,15,16.1,-40,,0,4.6875,0,,,,,,,,,,,,2.59749,131.25,1.3671875,0,0,4.6875,-11,14.7,2,
1695,2026-09-02,14:34:43.83451,361.08896,,1906.25,56,,0,36.5625,774,77.2549019607843,0,15,15.4,-40,,0,4.6875,0,,,,,,,,,,,,2.75373,131.25,0.390625,0,0,4.6875,-11,14.7,6,
1696,2026-09-02,14:34:44.03805,361.28589,,1937.5,56,,0,36.5625,773,77.6470588235294,0,15,15.6,-40,,0,4.6875,0,,,,,,,,,,,,2.63655,137.5,0.9765625,0,0,4.6875,-11,14.7,6,
1697,2026-09-02,14:34:44.19455,361.45339,,1937.5,56,,0,36.875,774,77.6470588235294,0,15,15.6,-40,,0,4.6875,0,,,,,,,,,,,,2.59749,137.5,1.7578125,0,0,4.6875,-11,14.7,2,
1698,2026-09-02,14:34:44.38221,361.63298,,1968.75,58,,0,36.5625,773,77.6470588235294,0,15,15,-40,,0,4.6875,0,,,,,,,,,,,,2.65608,137.5,2.34375,0,0,4.6875,-11,14.7,4,
1699,2026-09-02,14:34:44.57012,361.82294,,1968.75,58,,0,36.5625,773,77.2549019607843,0,16,15.1,-40,,0,4.6875,0,,,,,,,,,,,,2.32407,143.75,2.9296875,0,0,4.6875,-11,14.7,12,
1700,2026-09-02,14:34:44.72729,361.97216,,2000,58,,0,36.5625,774,77.2549019607843,0,16,15,-40,,0,4.6875,0,,,,,,,,,,,,2.28501,143.75,3.515625,0,0,4.6875,-12,14.7,16,
1701,2026-09-02,14:34:44.88349,362.13736,,2031.25,58,,0,35.9375,774,76.078431372549,0,16,14.7,-40,,0,4.6875,0,,,,,,,,,,,,2.48031,143.75,4.1015625,0,0,4.6875,-12,14.7,3,
1702,2026-09-02,14:34:45.05584,362.30674,,2062.5,60,,0,36.25,773,76.4705882352941,0,16,14.7,-40,,0,4.6875,0,,,,,,,,,,,,2.59749,143.75,4.6875,0,0,4.6875,-11,14.7,10,
1703,2026-09-02,14:34:45.21262,362.45983,,2062.5,60,,0,35.625,774,75.2941176470588,0,17,14.2,-40,,0,4.6875,0,,,,,,,,,,,,2.61702,143.75,4.4921875,0,0,4.6875,-11,14.7,3,
1704,2026-09-02,14:34:45.38447,362.63637,,2062.5,60,,0,35.3125,773,74.5098039215686,0,17,14.6,-40,,0,4.6875,0,,,,,,,,,,,,2.61702,143.75,4.1015625,0,0,4.6875,-11,14.7,10,
1705,2026-09-02,14:34:45.55754,362.81113,,2125,60,,0,35.625,773,74.9019607843137,0,17,14.8,-40,,0,4.6875,0,,,,,,,,,,,,2.69514,143.75,4.1015625,0,0,4.6875,-12,14.7,6,
1706,2026-09-02,14:34:45.76163,363.01089,,2093.75,62,,0,35.625,773,74.5098039215686,0,17,14.6,-40,,0,4.6875,0,,,,,,,,,,,,2.67561,150,4.6875,0,0,4.6875,-11,14.7,9,
1707,2026-09-02,14:34:45.91737,363.16082,,2125,62,,0,35.625,773,74.5098039215686,0,18,14.3,-40,,0,4.6875,0,,,,,,,,,,,,2.69514,150,4.8828125,0,0,4.6875,-11,14.7,8,
1708,2026-09-02,14:34:46.05852,363.31557,,2156.25,62,,0,35.625,773,74.5098039215686,0,18,14.3,-40,,0,4.6875,0,,,,,,,,,,,,2.61702,150,4.4921875,0,0,4.6875,-12,14.7,4,
1709,2026-09-02,14:34:46.27764,363.52945,,2187.5,62,,0,35,773,73.3333333333333,0,18,14.7,-40,,0,4.6875,0,,,,,,,,,,,,2.57796,143.75,3.90625,0,0,4.6875,-11,14.7,9,
1710,2026-09-02,14:34:46.76333,364.01136,,2187.5,64,,0,13.75,773,34.9019607843137,0,44,13.8,-40,,0,4.6875,0,,,,,,,,,,,,1.69911,43.75,2.5390625,0,0,4.6875,-12,14.7,2,
1711,2026-09-02,14:34:46.91980,364.16598,,2187.5,64,,0,7.8125,773,22.3529411764706,0,17,13.3,-40,,0,4.6875,0,,,,,,,,,,,,1.66005,31.25,2.1484375,0,0,4.6875,-11,14.7,1,
1712,2026-09-02,14:34:47.09235,364.34884,,2218.75,64,,0,5.9375,773,17.6470588235294,0,-4,13,-40,,0,4.6875,0,,,,,,,,,,,,1.54287,25,0,0,0,4.6875,-12,14.7,15,
1713,2026-09-02,14:34:47.73466,364.99268,,2187.5,64,,0,6.5625,773,17.2549019607843,0,3,16.1,-40,,0,4.6875,0,,,,,,,,,,,,1.79676,31.25,0,0,0,4.6875,-12,14.7,10,
1714,2026-09-02,14:34:47.90649,365.1624,,2125,62,,0,7.5,773,18.4313725490196,0,15,17.4,-40,,0,4.6875,0,,,,,,,,,,,,1.7577,31.25,0.5859375,0,0,4.6875,-12,14.7,6,
1715,2026-09-02,14:34:48.06348,365.31709,,2125,62,,0,7.5,773,19.2156862745098,0,14,16.2,-40,,0,4.6875,0,,,,,,,,,,,,1.66005,31.25,1.171875,0,0,4.6875,-12,14.7,1,
1716,2026-09-02,14:34:48.23592,365.49195,,2125,62,,0,7.5,773,19.2156862745098,0,14,15,-40,,0,4.6875,0,,,,,,,,,,,,1.79676,31.25,1.7578125,0,0,4.6875,-12,14.7,5,
1717,2026-09-02,14:34:48.43896,365.68643,,2125,62,,0,7.5,773,19.6078431372549,0,16,15,-40,,0,4.6875,0,,,,,,,,,,,,1.64052,31.25,2.34375,0,0,4.6875,-12,14.7,19,
1718,2026-09-02,14:34:48.59615,365.85132,,2093.75,62,,0,6.875,774,18.0392156862745,0,8,14.8,-40,,0,4.6875,0,,,,,,,,,,,,1.64052,25,2.9296875,0,0,4.6875,-12,14.7,12,
1719,2026-09-02,14:34:48.76828,366.01853,,2093.75,62,,0,6.5625,773,17.2549019607843,0,2,14.7,-40,,0,4.6875,0,,,,,,,,,,,,1.5624,25,3.3203125,0,0,4.6875,-11,14.7,8,
1720,2026-09-02,14:34:48.92472,366.17311,,1937.5,62,,0,6.25,772,17.2549019607843,0,18,14,-40,,0,4.6875,0,,,,,,,,,,,,1.66005,25,3.3203125,0,0,4.6875,-12,14.7,2,
1721,2026-09-02,14:34:49.08170,366.3279,,1781.25,62,,0,6.25,773,18.0392156862745,0,39,13.8,-40,,0,4.6875,0,,,,,,,,,,,,1.58193,18.75,2.9296875,0,0,4.6875,-12,14.7,1,
1722,2026-09-02,14:34:49.22214,366.48002,,1656.25,62,,0,6.5625,774,18.4313725490196,0,38,13.4,-40,,0,4.6875,0,,,,,,,,,,,,1.58193,18.75,2.734375,0,0,4.6875,-11,14.7,3,
1723,2026-09-02,14:34:49.39428,366.64948,,1562.5,60,,0,6.5625,773,18.4313725490196,0,35,13.1,-40,,0,4.6875,0,,,,,,,,,,,,1.54287,18.75,2.34375,0,0,4.6875,-11,14.7,1,
1724,2026-09-02,14:34:49.59792,366.84471,,1437.5,60,,0,6.875,773,18.4313725490196,0,33,12.9,-40,,0,4.6875,0,,,,,,,,,,,,1.60146,18.75,2.1484375,0,0,4.6875,-11,14.7,1,
1725,2026-09-02,14:34:49.77024,367.01914,,1281.25,60,,0,6.5625,773,18.8235294117647,0,29,13.3,-40,,0,4.6875,0,,,,,,,,,,,,1.52334,12.5,1.7578125,0,0,4.6875,-11,14.7,1,
1726,2026-09-02,14:34:49.91046,367.16419,,1156.25,60,,0,6.875,773,19.2156862745098,0,27,13.8,-40,,0,4.6875,0,,,,,,,,,,,,1.3671,12.5,1.7578125,0,0,4.6875,-11,14.7,0,
1727,2026-09-02,14:34:50.08300,367.33114,,1062.5,58,,0,6.5625,773,18.8235294117647,0,25,13.9,-40,,0,4.6875,0,,,,,,,,,,,,1.50381,12.5,1.5625,0,0,4.6875,-12,14.7,2,
1728,2026-09-02,14:34:50.23971,367.49102,,937.5,58,,0,6.875,773,19.6078431372549,0,22,14,-40,,0,4.6875,0,,,,,,,,,,,,1.46475,12.5,1.3671875,0,0,4.6875,-12,14.7,2,
1729,2026-09-02,14:34:50.42740,367.67532,,906.25,58,,0,6.875,773,20,0,18,13.9,-40,,0,4.6875,0,,,,,,,,,,,,1.40616,12.5,1.3671875,0,0,4.6875,-12,14.7,1,
1730,2026-09-02,14:34:51.58348,368.84093,,843.75,58,,0,8.75,773,24.3137254901961,0,12,13.5,-40,,0,4.6875,0,,,,,,,,,,,,1.50381,12.5,0.78125,0,0,4.6875,-11,14.7,0,
1731,2026-09-02,14:34:51.77496,369.02353,,718.75,54,,0,9.0625,772,24.7058823529412,0,10,13.8,-40,,0,4.6875,0,,,,,,,,,,,,1.44522,12.5,0.5859375,0,0,4.6875,-12,14.7,0,
1732,2026-09-02,14:34:51.94658,369.20094,,687.5,54,,0,9.375,774,25.4901960784314,0,10,13.9,-40,,0,4.6875,0,,,,,,,,,,,,1.32804,12.5,0.5859375,0,0,4.6875,-11,14.7,3,
1733,2026-09-02,14:34:52.10335,369.35054,,687.5,54,,0,9.0625,773,25.4901960784314,0,10,14.2,-40,,0,4.6875,0,,,,,,,,,,,,1.48428,12.5,0.5859375,0,0,4.6875,-12,14.7,1,
1734,2026-09-02,14:34:52.27620,369.5224,,718.75,50,,0,9.375,773,25.8823529411765,0,9,14.3,-40,,0,4.6875,0,,,,,,,,,,,,1.40616,12.5,0.5859375,0,0,4.6875,-12,14.7,2,
1735,2026-09-02,14:34:52.46318,369.72009,,687.5,50,,0,9.375,773,25.8823529411765,0,10,14.5,-40,,0,4.6875,0,,,,,,,,,,,,1.48428,12.5,0.390625,0,0,4.6875,-12,14.7,1,
1736,2026-09-02,14:34:52.66240,369.91925,,718.75,50,,0,9.0625,774,25.8823529411765,0,9,14.7,-40,,0,4.6875,0,,,,,,,,,,,,1.42569,12.5,0.390625,0,0,4.6875,-12,14.7,2,
1737,2026-09-02,14:34:53.15292,370.40899,,718.75,48,,0,9.0625,772,25.4901960784314,0,10,15.2,-40,,0,4.6875,0,,,,,,,,,,,,1.40616,12.5,0.1953125,0,0,4.6875,-11,14.7,1,
1738,2026-09-02,14:34:53.30988,370.5638,,718.75,48,,0,9.0625,773,25.4901960784314,0,10,15.4,-40,,0,4.6875,0,,,,,,,,,,,,1.3671,12.5,0.1953125,0,0,4.6875,-12,14.7,3,
1739,2026-09-02,14:34:53.48182,370.73082,,750,48,,0,9.0625,773,25.4901960784314,0,10,15.4,-40,,0,4.6875,0,,,,,,,,,,,,1.44522,12.5,0.1953125,0,0,4.6875,-12,14.7,1,
1740,2026-09-02,14:34:53.65416,370.9082,,750,46,,0,9.0625,773,25.0980392156863,0,10,15.7,-40,,0,4.6875,0,,,,,,,,,,,,1.38663,12.5,0,0,0,4.6875,-12,14.7,2,
1741,2026-09-02,14:34:53.82603,371.08276,,750,46,,0,8.75,774,25.0980392156863,0,10,15.7,-40,,0,4.6875,0,,,,,,,,,,,,1.52334,12.5,0,0,0,4.6875,-12,14.7,0,
1742,2026-09-02,14:34:54.01388,371.26007,,750,46,,0,8.75,773,25.0980392156863,0,10,15.5,-40,,0,4.6875,0,,,,,,,,,,,,1.48428,12.5,0,0,0,4.6875,-12,14.7,4,
1743,2026-09-02,14:34:54.16973,371.42217,,750,46,,0,8.75,773,25.0980392156863,0,10,15.7,-40,,0,4.6875,0,,,,,,,,,,,,1.40616,12.5,0.1953125,0,0,4.6875,-12,14.7,3,
1744,2026-09-02,14:34:54.34256,371.58675,,718.75,46,,0,9.0625,773,25.0980392156863,0,10,15.7,-40,,0,4.6875,0,,,,,,,,,,,,1.46475,12.5,0.1953125,0,0,4.6875,-12,14.7,1,
1745,2026-09-02,14:34:54.48353,371.74194,,750,46,,0,9.0625,774,25.0980392156863,0,10,15.5,-40,,0,4.6875,0,,,,,,,,,,,,1.52334,12.5,0.1953125,0,0,4.6875,-12,14.7,1,
1746,2026-09-02,14:34:54.71350,371.96319,,750,46,,0,9.0625,773,24.7058823529412,0,10,15.7,-40,,0,4.6875,0,,,,,,,,,,,,1.3671,12.5,0.1953125,0,0,4.6875,-12,14.7,3,
1747,2026-09-02,14:34:55.18808,372.43813,,750,44,,0,8.75,774,24.3137254901961,0,10,15.8,-40,,0,4.6875,0,,,,,,,,,,,,1.38663,12.5,0.390625,0,0,4.6875,-12,14.7,2,
1748,2026-09-02,14:34:55.34501,372.59568,,750,44,,0,8.75,774,24.3137254901961,0,10,15.7,-40,,0,4.6875,0,,,,,,,,,,,,1.38663,12.5,0.390625,0,0,4.6875,-12,14.7,1,
1749,2026-09-02,14:34:55.50176,372.74802,,750,44,,0,8.75,773,24.3137254901961,0,10,15.5,-40,,0,4.6875,0,,,,,,,,,,,,1.50381,12.5,0.5859375,0,0,4.6875,-12,14.7,0,
1750,2026-09-02,14:34:55.67376,372.925,,750,44,,0,8.75,774,24.3137254901961,0,10,15.4,-40,,0,4.6875,0,,,,,,,,,,,,1.50381,12.5,0.5859375,0,0,4.6875,-12,14.7,2,
1751,2026-09-02,14:34:55.84626,373.08977,,750,44,,0,9.0625,774,24.7058823529412,0,10,15.5,-40,,0,4.6875,0,,,,,,,,,,,,1.42569,12.5,0.5859375,0,0,4.6875,-12,14.7,1,
1752,2026-09-02,14:34:55.98740,373.23924,,718.75,44,,0,9.0625,773,24.7058823529412,0,11,15.2,-40,,0,4.6875,0,,,,,,,,,,,,1.50381,12.5,0.5859375,0,0,4.6875,-12,14.7,1,
1753,2026-09-02,14:34:56.14368,373.3993,,718.75,44,,0,9.0625,772,24.7058823529412,0,11,15.4,-40,,0,4.6875,0,,,,,,,,,,,,1.50381,12.5,0.78125,0,0,4.6875,-12,14.7,1,
1754,2026-09-02,14:34:56.31552,373.57407,,718.75,44,,0,9.0625,773,25.0980392156863,0,10,15.3,-40,,0,4.6875,0,,,,,,,,,,,,1.52334,12.5,0.78125,0,0,4.6875,-12,14.7,2,
1755,2026-09-02,14:34:56.48789,373.73847,,718.75,42,,0,9.0625,773,25.0980392156863,0,10,15.4,-40,,0,4.6875,0,,,,,,,,,,,,1.38663,12.5,0.78125,0,0,4.6875,-12,14.7,1,
1756,2026-09-02,14:34:56.67536,373.92586,,750,42,,0,9.0625,773,25.0980392156863,0,9,15.2,-40,,0,4.6875,0,,,,,,,,,,,,1.42569,12.5,0.1953125,0,0,4.6875,-12,14.7,2,
1757,2026-09-02,14:34:56.83237,374.08262,,750,42,,0,9.0625,773,24.7058823529412,0,10,15.2,-40,,0,4.6875,0,,,,,,,,,,,,1.50381,12.5,0.1953125,0,0,4.6875,-12,14.7,1,
1758,2026-09-02,14:34:56.98912,374.23795,,750,42,,0,9.0625,773,24.7058823529412,0,9,15.2,-40,,0,4.6875,0,,,,,,,,,,,,1.48428,12.5,0.1953125,0,0,4.6875,-12,14.7,0,
1759,2026-09-02,14:34:57.14536,374.39765,,750,40,,0,9.0625,773,24.3137254901961,0,10,15,-40,,0,4.6875,0,,,,,,,,,,,,1.44522,12.5,0.1953125,0,0,4.6875,-12,14.7,1,
1760,2026-09-02,14:34:57.31859,374.57234,,750,40,,0,9.0625,773,24.3137254901961,0,10,14.8,-40,,0,4.6875,0,,,,,,,,,,,,1.48428,12.5,0,0,0,4.6875,-12,14.7,2,
1761,2026-09-02,14:34:57.50671,374.75686,,750,40,,0,9.0625,772,24.3137254901961,0,10,14.8,-40,,0,4.6875,0,,,,,,,,,,,,1.50381,12.5,0,0,0,4.6875,-12,14.7,1,
1762,2026-09-02,14:34:57.67812,374.9368,,750,40,,0,9.0625,773,24.3137254901961,0,10,14.9,-40,,0,4.6875,0,,,,,,,,,,,,1.40616,12.5,0,0,0,4.6875,-12,14.7,0,
1763,2026-09-02,14:34:57.85072,375.10654,,750,40,,0,9.0625,773,24.3137254901961,0,10,14.9,-40,,0,4.6875,0,,,,,,,,,,,,1.3671,12.5,0,0,0,4.6875,-12,14.7,0,
1764,2026-09-02,14:34:58.00761,375.26124,,750,40,,0,9.0625,773,24.7058823529412,0,10,15,-40,,0,4.6875,0,,,,,,,,,,,,1.54287,12.5,-0.1953125,0,0,4.6875,-12,14.7,3,
1765,2026-09-02,14:34:58.17961,375.43099,,718.75,40,,0,9.0625,773,24.7058823529412,0,10,15.1,-40,,0,4.6875,0,,,,,,,,,,,,1.52334,12.5,-0.1953125,0,0,4.6875,-12,14.7,1,
1766,2026-09-02,14:34:58.35204,375.61076,,718.75,40,,0,9.375,774,24.7058823529412,0,10,15.2,-40,,0,4.6875,0,,,,,,,,,,,,1.3671,12.5,-0.1953125,0,0,4.6875,-12,14.7,1,
1767,2026-09-02,14:34:58.53987,375.785,,718.75,38,,0,9.375,773,25.0980392156863,0,10,15.3,-40,,0,4.6875,0,,,,,,,,,,,,1.3671,12.5,-0.1953125,0,0,4.6875,-12,14.7,0,
1768,2026-09-02,14:34:58.69651,375.9452,,718.75,38,,0,9.375,773,25.0980392156863,0,10,15.3,-40,,0,4.6875,0,,,,,,,,,,,,1.38663,12.5,-0.1953125,0,0,4.6875,-12,14.7,0,
1769,2026-09-02,14:34:58.85282,376.10495,,718.75,38,,0,9.375,773,25.4901960784314,0,9,15.2,-40,,0,4.6875,0,,,,,,,,,,,,1.3671,12.5,-0.1953125,0,0,4.6875,-12,14.7,1,
1770,2026-09-02,14:34:59.02507,376.27957,,718.75,38,,0,9.375,773,25.0980392156863,0,10,15.1,-40,,0,4.6875,0,,,,,,,,,,,,1.42569,12.5,0,0,0,4.6875,-12,14.7,3,
1771,2026-09-02,14:34:59.19644,376.45434,,750,36,,0,9.375,773,25.0980392156863,0,9,15.2,-40,,0,4.6875,0,,,,,,,,,,,,1.52334,12.5,0,0,0,4.6875,-12,14.7,0,
1772,2026-09-02,14:34:59.35350,376.60907,,750,36,,0,9.375,773,24.7058823529412,0,9,15.1,-40,,0,4.6875,0,,,,,,,,,,,,1.52334,12.5,0,0,0,4.6875,-12,14.7,3,
1773,2026-09-02,14:34:59.51022,376.76395,,750,36,,0,9.0625,773,24.7058823529412,0,10,15.1,-40,,0,4.6875,0,,,,,,,,,,,,1.46475,12.5,0,0,0,4.6875,-12,14.7,1,
1774,2026-09-02,14:34:59.66641,376.9237,,781.25,36,,0,9.0625,772,24.3137254901961,0,9,15.1,-40,,0,4.6875,0,,,,,,,,,,,,1.52334,12.5,0,0,0,4.6875,-12,14.7,1,
1775,2026-09-02,14:34:59.82411,377.07357,,750,36,,0,9.0625,773,23.921568627451,0,10,15,-40,,0,4.6875,0,,,,,,,,,,,,1.38663,12.5,0,0,0,4.6875,-12,14.7,0,
1776,2026-09-02,14:34:59.97985,377.23811,,750,36,,0,9.0625,773,23.921568627451,0,10,15,-40,,0,4.6875,0,,,,,,,,,,,,1.40616,12.5,0,0,0,4.6875,-12,14.7,1,
1777,2026-09-02,14:35:00.13699,377.39276,,750,36,,0,9.0625,772,23.921568627451,0,11,15.2,-40,,0,4.6875,0,,,,,,,,,,,,1.38663,12.5,0,0,0,4.6875,-12,14.7,1,
1778,2026-09-02,14:35:00.30887,377.56255,,750,36,,0,9.0625,773,24.3137254901961,0,11,15,-40,,0,4.6875,0,,,,,,,,,,,,1.40616,12.5,-0.1953125,0,0,4.6875,-12,14.7,0,
1779,2026-09-02,14:35:00.48030,377.73724,,750,36,,0,9.375,773,24.3137254901961,0,10,15.2,-40,,0,4.6875,0,,,,,,,,,,,,1.52334,12.5,-0.1953125,0,0,4.6875,-12,14.7,1,
1780,2026-09-02,14:35:00.65327,377.90015,,718.75,34,,0,9.375,773,24.7058823529412,0,10,15,-40,,0,4.6875,0,,,,,,,,,,,,1.52334,12.5,-0.1953125,0,0,4.6875,-12,14.7,1,
1781,2026-09-02,14:35:00.79471,378.05183,,718.75,34,,0,9.375,773,24.7058823529412,0,10,15.1,-40,,0,4.6875,0,,,,,,,,,,,,1.3671,12.5,-0.1953125,0,0,4.6875,-12,14.7,2,
1782,2026-09-02,14:35:00.95127,378.20652,,750,34,,0,9.375,774,24.7058823529412,0,10,15.2,-40,,0,4.6875,0,,,,,,,,,,,,1.3671,12.5,-0.390625,0,0,4.6875,-12,14.7,4,
1783,2026-09-02,14:35:01.12330,378.37622,,750,34,,0,9.0625,772,24.7058823529412,0,10,15.1,-40,,0,4.6875,0,,,,,,,,,,,,1.50381,12.5,-0.390625,0,0,4.6875,-12,14.7,1,
1784,2026-09-02,14:35:01.29608,378.55109,,750,32,,0,9.375,773,24.7058823529412,0,10,15.1,-40,,0,4.6875,0,,,,,,,,,,,,1.3671,12.5,-0.390625,0,0,4.6875,-12,14.7,0,
1785,2026-09-02,14:35:01.46748,378.72044,,750,32,,0,9.0625,773,24.7058823529412,0,10,15.1,-40,,0,4.6875,0,,,,,,,,,,,,1.52334,12.5,-0.390625,0,0,4.6875,-12,14.7,2,
1786,2026-09-02,14:35:01.60859,378.86556,,750,32,,0,9.375,772,24.7058823529412,0,10,15,-40,,0,4.6875,0,,,,,,,,,,,,1.42569,12.5,-0.5859375,0,0,4.6875,-12,14.7,1,
1787,2026-09-02,14:35:02.26644,379.51927,,750,28,,0,9.375,773,24.7058823529412,0,10,14.8,-40,,0,4.6875,0,,,,,,,,,,,,1.54287,12.5,-0.78125,0,0,4.6875,-12,14.7,1,
1788,2026-09-02,14:35:02.43827,379.68916,,750,28,,0,10.625,772,25.8823529411765,0,10,14.9,-40,,0,4.6875,0,,,,,,,,,,,,1.46475,12.5,-0.9765625,0,0,4.6875,-12,14.7,2,
1789,2026-09-02,14:35:02.61062,379.86394,,750,28,,0,11.25,774,27.4509803921569,0,9,14.7,-40,,0,4.6875,0,,,,,,,,,,,,1.50381,18.75,-0.9765625,0,0,4.6875,-13,14.7,1,
1790,2026-09-02,14:35:03.34619,380.6027,,812.5,26,,0,11.25,772,27.4509803921569,0,11,14.6,-40,,0,4.6875,0,,,,,,,,,,,,1.46475,18.75,-1.171875,0,0,4.6875,-12,14.7,0,
1791,2026-09-02,14:35:03.51889,380.76753,,781.25,22,,0,11.25,774,27.4509803921569,0,12,15.1,-40,,0,4.6875,0,,,,,,,,,,,,1.50381,18.75,-1.171875,0,0,4.6875,-13,14.7,2,
1792,2026-09-02,14:35:03.67510,380.93223,,781.25,22,,0,11.25,772,27.4509803921569,0,12,15,-40,,0,4.6875,0,,,,,,,,,,,,1.5624,18.75,-1.3671875,0,0,4.6875,-12,14.7,2,
1793,2026-09-02,14:35:03.84736,381.09393,,781.25,22,,0,11.5625,773,27.843137254902,0,11,15.3,-40,,0,4.6875,0,,,,,,,,,,,,1.58193,18.75,-1.171875,0,0,4.6875,-12,14.7,2,
1794,2026-09-02,14:35:04.00315,381.24983,,750,22,,0,11.5625,773,27.843137254902,0,10,15.4,-40,,0,4.6875,0,,,,,,,,,,,,1.58193,18.75,-1.171875,0,0,4.6875,-12,14.7,1,
1795,2026-09-02,14:35:04.20664,381.45633,,750,18,,0,11.5625,773,28.2352941176471,0,10,15.5,-40,,0,4.6875,0,,,,,,,,,,,,1.52334,18.75,-1.171875,0,0,4.6875,-12,14.7,1,
1796,2026-09-02,14:35:04.34749,381.60619,,750,18,,0,11.875,773,28.6274509803922,0,10,15.5,-40,,0,4.6875,0,,,,,,,,,,,,1.58193,18.75,-1.171875,0,0,4.6875,-13,14.7,1,
1797,2026-09-02,14:35:04.50370,381.76024,,750,18,,0,11.875,773,28.6274509803922,0,10,15.4,-40,,0,4.6875,0,,,,,,,,,,,,1.60146,18.75,-0.9765625,0,0,4.6875,-13,14.7,3,
1798,2026-09-02,14:35:04.64479,381.90062,,781.25,18,,0,11.875,773,28.6274509803922,0,10,15.3,-40,,0,4.6875,0,,,,,,,,,,,,1.46475,18.75,-0.9765625,0,0,4.6875,-12,14.7,0,
1799,2026-09-02,14:35:04.86380,382.11972,,781.25,14,,0,11.875,773,28.6274509803922,0,11,15.2,-40,,0,4.6875,0,,,,,,,,,,,,1.5624,18.75,-0.9765625,0,0,4.6875,-13,14.7,1,
1800,2026-09-02,14:35:05.31828,382.57445,,781.25,14,,0,11.875,774,28.2352941176471,0,11,14.7,-40,,0,4.6875,0,,,,,,,,,,,,1.54287,18.75,-0.78125,0,0,4.6875,-13,14.7,2,
1801,2026-09-02,14:35:05.49039,382.74433,,812.5,14,,0,11.875,773,28.2352941176471,0,11,14.8,-40,,0,4.6875,0,,,,,,,,,,,,1.5624,18.75,-0.78125,0,0,4.6875,-13,14.7,1,
1802,2026-09-02,14:35:05.66306,382.91915,,812.5,10,,0,11.5625,773,28.2352941176471,0,11,14.6,-40,,0,4.6875,0,,,,,,,,,,,,1.50381,18.75,-0.5859375,0,0,4.6875,-13,14.7,3,
1803,2026-09-02,14:35:05.83502,383.08323,,812.5,10,,0,11.5625,772,28.2352941176471,0,11,14.4,-40,,0,4.6875,0,,,,,,,,,,,,1.48428,18.75,-0.5859375,0,0,4.6875,-12,14.7,2,
1804,2026-09-02,14:35:05.97525,383.23349,,812.5,10,,0,11.5625,773,28.2352941176471,0,11,14.5,-40,,0,4.6875,0,,,,,,,,,,,,1.54287,18.75,-0.78125,0,0,4.6875,-13,14.7,0,
1805,2026-09-02,14:35:06.14800,383.39821,,812.5,10,,0,11.5625,772,28.2352941176471,0,11,14.5,-40,,0,4.6875,0,,,,,,,,,,,,1.5624,18.75,-0.78125,0,0,4.6875,-13,14.7,2,
1806,2026-09-02,14:35:06.32027,383.57039,,781.25,8,,0,11.5625,773,28.2352941176471,0,11,14.6,-40,,0,4.6875,0,,,,,,,,,,,,1.5624,18.75,-0.78125,0,0,4.6875,-13,14.7,1,
1807,2026-09-02,14:35:06.50820,383.76285,,781.25,8,,0,11.5625,774,28.2352941176471,0,11,14.8,-40,,0,4.6875,0,,,,,,,,,,,,1.54287,18.75,-0.9765625,0,0,4.6875,-13,14.7,2,
1808,2026-09-02,14:35:06.69522,383.94496,,781.25,8,,0,11.875,773,28.2352941176471,0,11,14.9,-40,,0,4.6875,0,,,,,,,,,,,,1.60146,18.75,-0.9765625,0,0,4.6875,-13,14.7,1,
1809,2026-09-02,14:35:06.86839,384.12211,,781.25,8,,0,11.875,774,28.6274509803922,0,11,15,-40,,0,4.6875,0,,,,,,,,,,,,1.50381,18.75,-0.78125,0,0,4.6875,-13,14.7,1,
1810,2026-09-02,14:35:07.04044,384.2897,,781.25,6,,0,11.875,774,28.6274509803922,0,11,15.1,-40,,0,4.6875,0,,,,,,,,,,,,1.46475,18.75,-0.78125,0,0,4.6875,-13,14.7,1,
1811,2026-09-02,14:35:07.19714,384.44636,,781.25,6,,0,11.875,773,28.6274509803922,0,11,15,-40,,0,4.6875,0,,,,,,,,,,,,1.52334,18.75,-0.78125,0,0,4.6875,-13,14.7,0,
1812,2026-09-02,14:35:07.35374,384.60376,,781.25,6,,0,11.875,773,28.6274509803922,0,11,15.1,-40,,0,4.6875,0,,,,,,,,,,,,1.50381,18.75,-0.5859375,0,0,4.6875,-13,14.7,2,
1813,2026-09-02,14:35:07.52594,384.77058,,812.5,6,,0,11.875,773,28.2352941176471,0,11,14.9,-40,,0,4.6875,0,,,,,,,,,,,,1.60146,18.75,-0.5859375,0,0,4.6875,-13,14.7,3,
1814,2026-09-02,14:35:07.66693,384.92465,,812.5,6,,0,11.875,773,28.2352941176471,0,11,15.1,-40,,0,4.6875,0,,,,,,,,,,,,1.58193,18.75,-0.5859375,0,0,4.6875,-13,14.7,1,
1815,2026-09-02,14:35:07.83903,385.08511,,812.5,6,,0,11.875,773,28.2352941176471,0,11,14.8,-40,,0,4.6875,0,,,,,,,,,,,,1.46475,18.75,-0.5859375,0,0,4.6875,-13,14.7,3,
1816,2026-09-02,14:35:08.01118,385.25736,,812.5,6,,0,11.875,773,28.2352941176471,0,11,14.8,-40,,0,4.6875,0,,,,,,,,,,,,1.52334,18.75,-0.390625,0,0,4.6875,-13,14.7,3,
1817,2026-09-02,14:35:08.18305,385.4299,,812.5,6,,0,11.5625,773,28.2352941176471,0,11,14.8,-40,,0,4.6875,0,,,,,,,,,,,,1.54287,18.75,-0.390625,0,0,4.6875,-13,14.7,1,
1818,2026-09-02,14:35:08.32716,385.58422,,812.5,6,,0,11.5625,772,27.843137254902,0,12,14.8,-40,,0,4.6875,0,,,,,,,,,,,,1.60146,18.75,-0.390625,0,0,4.6875,-13,14.7,1,
1819,2026-09-02,14:35:08.49941,385.74644,,812.5,4,,0,11.5625,773,27.843137254902,0,11,14.6,-40,,0,4.6875,0,,,,,,,,,,,,1.46475,18.75,-0.390625,0,-0.1953125,4.6875,-13,14.7,3,
1820,2026-09-02,14:35:08.65265,385.90176,,812.5,4,,0,11.5625,773,27.843137254902,0,11,14.4,-40,,-0.1953125,4.6875,0,,,,,,,,,,,,1.52334,18.75,-0.390625,0,-0.1953125,4.6875,-13,14.7,4,
1821,2026-09-02,14:35:08.82494,386.07398,,812.5,4,,0,11.5625,772,27.843137254902,0,11,14.5,-40,,-0.1953125,4.6875,0,,,,,,,,,,,,1.60146,18.75,-0.390625,0,-0.1953125,4.6875,-13,14.7,1,
1822,2026-09-02,14:35:08.99631,386.24605,,812.5,4,,0,11.875,773,27.843137254902,0,11,14.4,-40,,-0.1953125,4.6875,0,,,,,,,,,,,,1.48428,18.75,-0.390625,0,-0.1953125,4.6875,-13,14.7,2,
1823,2026-09-02,14:35:09.16917,386.42362,,812.5,4,,0,12.5,773,29.4117647058824,0,11,14.5,-40,,-0.1953125,4.6875,0,,,,,,,,,,,,1.93347,25,-0.5859375,0,-0.1953125,4.6875,-13,14.7,0,
1824,2026-09-02,14:35:09.34149,386.59071,,812.5,4,,0,20.625,773,39.6078431372549,0,12,14.3,-40,,-0.1953125,4.6875,0,,,,,,,,,,,,1.58193,37.5,-0.78125,0,-0.1953125,4.6875,-13,14.7,1,
1825,2026-09-02,14:35:09.52921,386.78219,,968.75,4,,0,17.5,773,36.8627450980392,0,9,14.5,-40,,-0.1953125,4.6875,0,,,,,,,,,,,,1.5624,31.25,-0.9765625,0,-0.1953125,4.6875,-13,14.7,4,
1826,2026-09-02,14:35:09.67008,386.92769,,1000,4,,0,15.3125,773,32.5490196078431,0,16,14.3,-40,,-0.1953125,4.6875,0,,,,,,,,,,,,1.58193,25,-1.171875,0,-0.1953125,4.6875,-13,14.7,3,
1827,2026-09-02,14:35:09.84245,387.09004,,937.5,4,,0,14.375,773,32.156862745098,0,17,12.8,-40,,-0.1953125,4.6875,0,,,,,,,,,,,,1.54287,25,-1.3671875,0,-0.1953125,4.6875,-13,14.7,2,
1828,2026-09-02,14:35:10.02996,387.2802,,906.25,4,,0,13.125,773,30.9803921568627,0,17,12.7,-40,,-0.1953125,4.6875,0,,,,,,,,,,,,1.48428,25,-1.3671875,0,-0.1953125,4.6875,-13,14.7,4,
1829,2026-09-02,14:35:10.17136,387.42178,,843.75,4,,0,13.125,773,30.9803921568627,0,12,13,-40,,-0.1953125,4.6875,0,,,,,,,,,,,,1.87488,25,-1.5625,0,-0.1953125,4.6875,-13,14.7,1,
1830,2026-09-02,14:35:10.34361,387.59393,,750,4,,0,17.5,773,38.4313725490196,0,10,13.2,-40,,-0.1953125,4.6875,0,,,,,,,,,,,,1.73817,25,-1.7578125,0,-0.1953125,4.6875,-13,14.7,3,
1831,2026-09-02,14:35:10.51577,387.76632,,781.25,6,,0,18.125,773,39.6078431372549,0,11,13.5,-40,,-0.1953125,4.6875,0,,,,,,,,,,,,1.62099,25,-1.953125,0,-0.1953125,4.6875,-13,14.7,3,
1832,2026-09-02,14:35:10.68868,387.93843,,812.5,6,,0,16.5625,773,36.4705882352941,0,9,14,-40,,-0.1953125,4.6875,0,,,,,,,,,,,,1.60146,25,-1.953125,0,-0.1953125,4.6875,-13,14.7,3,
1833,2026-09-02,14:35:10.84544,388.09581,,843.75,6,,0,14.6875,773,33.3333333333333,0,11,13.8,-40,,-0.1953125,4.6875,0,,,,,,,,,,,,1.60146,25,-2.1484375,0,-0.1953125,4.6875,-13,14.7,3,
1834,2026-09-02,14:35:11.04856,388.29775,,843.75,6,,0,12.8125,774,31.3725490196078,0,10,13.7,-40,,-0.1953125,4.6875,0,,,,,,,,,,,,1.52334,18.75,-2.34375,0,-0.1953125,4.6875,-13,14.7,1,
1835,2026-09-02,14:35:11.22088,388.4693,,875,6,,0,10.625,773,26.6666666666667,0,12,14,-40,,-0.1953125,4.6875,0,,,,,,,,,,,,1.42569,18.75,-2.5390625,0,-0.1953125,4.6875,-13,14.7,2,
1836,2026-09-02,14:35:11.34641,388.59415,,875,6,,0,10,773,25.4901960784314,0,14,14.1,-40,,-0.1953125,4.6875,0,,,,,,,,,,,,1.46475,18.75,-2.5390625,0,-0.1953125,4.6875,-13,14.7,24,
1837,2026-09-02,14:35:11.47134,388.71894,,843.75,6,,0,9.6875,773,25.4901960784314,0,13,14.2,-40,,-0.1953125,4.6875,0,,,,,,,,,,,,1.44522,12.5,-2.734375,0,-0.1953125,4.6875,-13,14.7,1,
1838,2026-09-02,14:35:11.59727,388.85459,,843.75,6,,0,9.375,773,25.0980392156863,0,12,14.2,-40,,-0.1953125,4.6875,0,,,,,,,,,,,,1.46475,12.5,-2.734375,0,-0.1953125,4.6875,-13,14.7,2,
1839,2026-09-02,14:35:11.76957,389.02433,,812.5,6,,0,9.0625,773,24.7058823529412,0,13,14.5,-40,,-0.1953125,4.6875,0,,,,,,,,,,,,1.50381,12.5,-2.9296875,0,-0.1953125,4.6875,-13,14.7,2,
1840,2026-09-02,14:35:11.94094,389.19405,,812.5,6,,0,8.75,774,24.3137254901961,0,12,14.7,-40,,-0.1953125,4.6875,0,,,,,,,,,,,,1.42569,12.5,-2.9296875,0,-0.1953125,4.6875,-13,14.7,2,
1841,2026-09-02,14:35:12.09871,389.34862,,781.25,6,,0,8.75,772,24.3137254901961,0,12,14.8,-40,,-0.1953125,4.6875,0,,,,,,,,,,,,1.38663,12.5,-3.125,0,-0.1953125,4.6875,-13,14.7,1,
1842,2026-09-02,14:35:12.28575,389.54353,,781.25,6,,0,8.75,772,24.3137254901961,0,12,15,-40,,-0.1953125,4.6875,0,,,,,,,,,,,,1.52334,12.5,-3.125,0,-0.1953125,4.6875,-13,14.7,0,
1843,2026-09-02,14:35:12.45863,389.70534,,781.25,6,,0,8.75,773,24.3137254901961,0,11,15.5,-40,,-0.1953125,4.6875,0,,,,,,,,,,,,1.52334,12.5,-3.125,0,-0.1953125,4.6875,-13,14.7,1,
1844,2026-09-02,14:35:12.61443,389.86795,,781.25,4,,0,8.75,774,23.921568627451,0,11,15.7,-40,,-0.1953125,4.6875,0,,,,,,,,,,,,1.46475,12.5,-3.125,0,-0.1953125,4.6875,-13,14.7,1,
1845,2026-09-02,14:35:12.80222,390.04714,,781.25,4,,0,9.0625,772,23.921568627451,0,11,16.1,-40,,-0.1953125,4.6875,0,,,,,,,,,,,,1.48428,12.5,-3.125,0,-0.1953125,4.6875,-13,14.7,4,
1846,2026-09-02,14:35:13.97661,391.23158,,781.25,4,,0,9.0625,773,23.921568627451,0,10,16.2,-40,,-0.1953125,4.6875,0,,,,,,,,,,,,1.52334,12.5,-3.125,0,-0.1953125,4.6875,-13,14.7,0,
1847,2026-09-02,14:35:14.13339,391.38998,,687.5,4,,0,9.6875,773,25.0980392156863,0,10,15.8,-40,,-0.1953125,4.6875,0,,,,,,,,,,,,1.46475,12.5,-2.734375,0,-0.1953125,4.6875,-13,14.7,1,
1848,2026-09-02,14:35:14.30525,391.55994,,687.5,4,,0,9.6875,773,25.4901960784314,0,10,15.7,-40,,-0.1953125,4.6875,0,,,,,,,,,,,,1.48428,12.5,-2.734375,0,-0.1953125,4.6875,-13,14.7,1,
1849,2026-09-02,14:35:14.54070,391.78931,,718.75,4,,0,9.6875,773,25.4901960784314,0,10,15.8,-40,,-0.1953125,4.6875,0,,,,,,,,,,,,1.50381,12.5,-2.5390625,0,-0.1953125,4.6875,-13,14.7,1,
1850,2026-09-02,14:35:14.75998,392.00667,,718.75,2,,0,9.6875,773,25.4901960784314,0,10,15.7,-40,,-0.1953125,4.6875,0,,,,,,,,,,,,1.3671,12.5,-2.5390625,0,-0.1953125,4.6875,-13,14.7,2,
1851,2026-09-02,14:35:14.97928,392.22912,,718.75,2,,0,9.6875,773,25.4901960784314,0,9,15.7,-40,,-0.1953125,4.6875,0,,,,,,,,,,,,1.3671,12.5,-2.5390625,0,-0.1953125,4.6875,-13,14.7,1,
1852,2026-09-02,14:35:15.19853,392.44788,,718.75,2,,0,12.1875,773,26.2745098039216,0,10,15.8,-40,,-0.1953125,4.6875,0,,,,,,,,,,,,1.97253,18.75,-2.34375,0,-0.1953125,4.6875,-13,14.7,3,
1853,2026-09-02,14:35:15.95017,393.19698,,843.75,2,,0,16.5625,773,36.8627450980392,0,8,15.6,-40,,-0.1953125,4.6875,0,,,,,,,,,,,,1.52334,18.75,-1.953125,0,-0.1953125,4.6875,-13,14.7,3,
1854,2026-09-02,14:35:16.12253,393.37169,,1000,2,,0,9.0625,773,23.5294117647059,0,19,13.2,-40,,-0.1953125,4.6875,0,,,,,,,,,,,,1.3671,18.75,-1.953125,0,-0.1953125,4.6875,-13,14.7,1,
1855,2026-09-02,14:35:16.26327,393.51668,,968.75,2,,0,8.4375,773,22.7450980392157,0,19,13.4,-40,,-0.1953125,4.6875,0,,,,,,,,,,,,1.52334,12.5,-2.1484375,0,-0.1953125,4.6875,-13,14.7,3,
1856,2026-09-02,14:35:16.42000,393.66645,,906.25,2,,0,8.125,773,22.3529411764706,0,18,13.3,-40,,-0.1953125,4.6875,0,,,,,,,,,,,,1.50381,12.5,-2.1484375,0,-0.1953125,4.6875,-13,14.7,0,
1857,2026-09-02,14:35:16.60797,393.86125,,843.75,2,,0,8.4375,773,22.3529411764706,0,12,13.5,-40,,-0.1953125,4.6875,0,,,,,,,,,,,,1.77723,18.75,-2.34375,0,-0.1953125,4.6875,-13,14.7,0,
1858,2026-09-02,14:35:16.79575,394.04078,,687.5,2,,0,14.6875,773,32.5490196078431,0,15,13.6,-40,,-0.1953125,4.6875,0,,,,,,,,,,,,1.52334,18.75,-2.5390625,0,-0.1953125,4.6875,-13,14.7,1,
1859,2026-09-02,14:35:17.01463,394.27206,,718.75,2,,0,14.0625,773,32.156862745098,0,9,13.9,-40,,-0.1953125,4.6875,0,,,,,,,,,,,,1.52334,18.75,-2.5390625,0,-0.1953125,4.6875,-13,14.7,3,
1860,2026-09-02,14:35:17.21824,394.47486,,781.25,2,,0,11.875,773,27.843137254902,0,8,14.7,-40,,-0.1953125,4.6875,0,,,,,,,,,,,,1.52334,18.75,-2.734375,0,-0.1953125,4.6875,-13,14.7,1,
1861,2026-09-02,14:35:17.42186,394.6751,,781.25,2,,0,10.9375,773,26.2745098039216,0,10,14.5,-40,,-0.1953125,4.6875,0,,,,,,,,,,,,1.52334,18.75,-2.9296875,0,-0.1953125,4.6875,-13,14.7,1,
1862,2026-09-02,14:35:17.64108,394.89165,,781.25,2,,0,10,773,24.7058823529412,0,11,14.3,-40,,-0.1953125,4.6875,0,,,,,,,,,,,,1.48428,12.5,-2.9296875,0,-0.1953125,4.6875,-13,14.7,3,
1863,2026-09-02,14:35:17.84479,395.09439,,750,2,,0,9.6875,773,24.3137254901961,0,13,14.4,-40,,-0.1953125,4.6875,0,,,,,,,,,,,,1.50381,12.5,-3.125,0,-0.1953125,4.6875,-13,14.7,1,
1864,2026-09-02,14:35:18.09550,395.34174,,718.75,2,,0,9.375,773,24.3137254901961,0,12,14.4,-40,,-0.1953125,4.6875,0,,,,,,,,,,,,1.46475,12.5,-3.3203125,0,-0.1953125,4.6875,-13,14.7,1,
