LogID,LogEntryDate,LogEntryTime,LogEntrySeconds,LogNotes,RPM,Speed,Boost,KnockSum,Load,MAT,TPS,IPW,TimingAdv,WideBandAF,IAT,STFT,LTFT_Idle,LTFT_Cruise,LTFT_High,ActiveWGDC,Octane,Trans_Temp,OddClutchTemp,EvenClutchTemp,OddClutchPressure,EvenClutchPressure,OddClutchSlipSpeed,EvenClutchSlipSpeed,OddInputShaftSpeed,EvenInputShaftSpeed,MAF_Voltage,Airflow,STFT#2,LTFT_High#2,LTFT,LTFT_Mid#2,Cooltemp,Target_AFR,Knock_change,Custom
1,2026-09-02,14:21:59.24029,0.16716,,750,0,,0,12.5,776,30.9803921568627,0,10,0,-40,,0,4.296875,0,,,,,,,,,,,,1.58193,18.75,0.390625,0,0,4.296875,-12,14.7,1,
2,2026-09-02,14:21:59.39710,0.32195,,750,0,,0,12.5,776,31.3725490196078,0,10,14.6,-40,,0,4.296875,0,,,,,,,,,,,,1.58193,18.75,0.1953125,0,0,4.296875,-12,14.7,2,
3,2026-09-02,14:21:59.52181,0.45195,,750,0,,0,12.5,776,31.3725490196078,0,10,14.6,-40,,0,4.296875,0,,,,,,,,,,,,1.50381,18.75,0.1953125,0,0,4.296875,-12,14.7,3,
4,2026-09-02,14:21:59.64737,0.56635,,750,0,,0,12.1875,776,31.3725490196078,0,10,14.6,-40,,0,4.296875,0,,,,,,,,,,,,1.58193,18.75,0.1953125,0,0,4.296875,-12,14.7,1,
5,2026-09-02,14:21:59.78795,0.72133,,750,0,,0,12.1875,777,31.3725490196078,0,10,14.6,-40,,0,4.296875,0,,,,,,,,,,,,1.48428,18.75,0.1953125,0,0,4.296875,-12,14.7,2,
6,2026-09-02,14:21:59.94491,0.86836,,750,0,,0,12.5,777,31.3725490196078,0,10,14.7,-40,,0,4.296875,0,,,,,,,,,,,,1.60146,18.75,0.1953125,0,0,4.296875,-12,14.7,0,
7,2026-09-02,14:22:00.07021,1.00046,,750,0,,0,12.5,776,31.3725490196078,0,10,14.8,-40,,0,4.296875,0,,,,,,,,,,,,1.54287,18.75,0,0,0,4.296875,-12,14.7,3,
8,2026-09-02,14:22:00.21088,1.1351,,750,0,,0,12.5,776,31.3725490196078,0,10,14.8,-40,,0,4.296875,0,,,,,,,,,,,,1.5624,18.75,0,0,0,4.296875,-12,14.7,0,
9,2026-09-02,14:22:00.32170,1.25026,,750,0,,0,12.5,777,31.3725490196078,0,10,14.8,-40,,0,4.296875,0,,,,,,,,,,,,1.5624,18.75,0.1953125,0,0,4.296875,-12,14.7,1,
10,2026-09-02,14:22:00.44498,1.37536,,750,0,,0,12.5,776,31.3725490196078,0,10,14.8,-40,,0,4.296875,0,,,,,,,,,,,,1.5624,18.75,0.1953125,0,0,4.296875,-12,14.7,0,
11,2026-09-02,14:22:00.56848,1.48985,,750,0,,0,12.5,777,31.3725490196078,0,10,14.8,-40,,0,4.296875,0,,,,,,,,,,,,1.60146,18.75,0.1953125,0,0,4.296875,-12,14.7,2,
12,2026-09-02,14:22:00.68137,1.61438,,750,0,,0,12.5,776,31.3725490196078,0,8,14.9,-40,,0,4.296875,0,,,,,,,,,,,,1.60146,18.75,0.1953125,0,0,4.296875,-12,14.7,0,
13,2026-09-02,14:22:00.80639,1.73217,,750,0,,0,12.5,776,30.9803921568627,0,10,14.9,-40,,0,4.296875,0,,,,,,,,,,,,2.07018,18.75,0.1953125,0,0,4.296875,-12,14.7,1,
14,2026-09-02,14:22:00.96663,1.88459,,750,0,,0,17.8125,776,39.6078431372549,0,10,14.8,-40,,0,4.296875,0,,,,,,,,,,,,2.01159,37.5,0.390625,0,0,4.296875,-12,14.7,4,
15,2026-09-02,14:22:01.07631,1.99941,,812.5,0,,0,24.6875,776,53.7254901960784,0,1,14.8,-40,,0,4.296875,0,,,,,,,,,,,,1.60146,43.75,0.5859375,0,0,4.296875,-12,14.7,2,
16,2026-09-02,14:22:01.20135,2.12924,,968.75,0,,0,22.1875,776,47.843137254902,0,5,14.8,-40,,0,4.296875,0,,,,,,,,,,,,1.62099,37.5,0.78125,0,0,4.296875,-12,14.7,1,
17,2026-09-02,14:22:01.35849,2.28855,,1062.5,0,,0,18.125,776,41.9607843137255,0,18,12.7,-40,,0,4.296875,0,,,,,,,,,,,,1.97253,37.5,0.9765625,0,0,4.296875,-12,14.7,0,
18,2026-09-02,14:22:01.49915,2.42068,,1093.75,0,,0,20,777,45.4901960784314,0,18,12.3,-40,,0,4.296875,0,,,,,,,,,,,,1.7577,43.75,0.78125,0,0,4.296875,-12,14.7,4,
19,2026-09-02,14:22:01.62447,2.54525,,1125,0,,0,18.75,776,44.3137254901961,0,13,12.8,-40,,0,4.296875,0,,,,,,,,,,,,1.62099,37.5,0.5859375,0,0,4.296875,-12,14.7,2,
20,2026-09-02,14:22:01.74935,2.67834,,1093.75,0,,0,16.5625,777,38.8235294117647,0,18,13,-40,,0,4.296875,0,,,,,,,,,,,,2.01159,37.5,0.390625,0,0,4.296875,-12,14.7,2,
21,2026-09-02,14:22:01.90598,2.83257,,1062.5,0,,0,19.375,776,43.1372549019608,0,17,12.6,-40,,0,4.296875,0,,,,,,,,,,,,1.81629,43.75,0.1953125,0,0,4.296875,-12,14.7,1,
22,2026-09-02,14:22:02.06253,2.98501,,1062.5,0,,0,19.375,777,45.8823529411765,0,13,12.8,-40,,0,4.296875,0,,,,,,,,,,,,1.66005,37.5,0,0,0,4.296875,-12,14.7,2,
23,2026-09-02,14:22:02.18790,3.10958,,1062.5,2,,0,17.1875,776,40.3921568627451,0,17,13.1,-40,,0,4.296875,0,,,,,,,,,,,,1.62099,31.25,-0.1953125,0,0,4.296875,-12,14.7,2,
24,2026-09-02,14:22:02.31333,3.24238,,1031.25,2,,0,15,776,37.6470588235294,0,17,12.8,-40,,0,4.296875,0,,,,,,,,,,,,1.58193,31.25,-0.390625,0,0,4.296875,-12,14.7,4,
25,2026-09-02,14:22:02.45397,3.38737,,1062.5,2,,0,13.4375,776,34.5098039215686,0,15,12.6,-40,,0,4.296875,0,,,,,,,,,,,,1.50381,25,-0.5859375,0,0,4.296875,-12,14.7,1,
26,2026-09-02,14:22:02.57895,3.51196,,1125,2,,0,11.875,776,30.5882352941176,0,18,12.5,-40,,0,4.296875,0,,,,,,,,,,,,1.5624,25,-0.5859375,0,0,4.296875,-12,14.7,0,
27,2026-09-02,14:22:02.70392,3.62687,,1125,2,,0,10.9375,776,27.843137254902,0,18,12.7,-40,,0,4.296875,0,,,,,,,,,,,,1.52334,25,-0.78125,0,0,4.296875,-12,14.7,2,
28,2026-09-02,14:22:02.82895,3.75164,,1093.75,2,,0,10.3125,776,26.2745098039216,0,20,12.7,-40,,0,4.296875,0,,,,,,,,,,,,1.50381,18.75,-0.78125,0,0,4.296875,-12,14.7,3,
29,2026-09-02,14:22:02.95439,3.88149,,1093.75,4,,0,9.6875,776,25.4901960784314,0,21,12.8,-40,,0,4.296875,0,,,,,,,,,,,,1.58193,18.75,-0.9765625,0,0,4.296875,-12,14.7,1,
30,2026-09-02,14:22:03.11096,4.04074,,1031.25,4,,0,9.375,776,25.4901960784314,0,22,12.9,-40,,0,4.296875,0,,,,,,,,,,,,1.52334,18.75,-0.9765625,0,0,4.296875,-12,14.7,0,
31,2026-09-02,14:22:03.26683,4.19607,,968.75,4,,0,9.375,776,25.4901960784314,0,21,13,-40,,0,4.296875,0,,,,,,,,,,,,1.58193,18.75,-1.171875,0,0,4.296875,-12,14.7,1,
32,2026-09-02,14:22:03.42424,4.35062,,875,4,,0,9.6875,776,25.4901960784314,0,19,13.2,-40,,0,4.296875,0,,,,,,,,,,,,1.54287,18.75,-1.3671875,0,0,4.296875,-12,14.7,2,
33,2026-09-02,14:22:03.56491,4.48767,,843.75,4,,0,10.3125,776,26.6666666666667,0,19,13.5,-40,,0,4.296875,0,,,,,,,,,,,,1.54287,18.75,-1.3671875,0,0,4.296875,-12,14.7,2,
34,2026-09-02,14:22:03.75294,4.67696,,781.25,4,,0,10.9375,776,27.843137254902,0,17,13.6,-40,,0,4.296875,0,,,,,,,,,,,,1.52334,18.75,-1.5625,0,0,4.296875,-12,14.7,4,
35,2026-09-02,14:22:03.89405,4.8244,,718.75,4,,0,11.5625,776,29.0196078431373,0,15,13.8,-40,,0,4.296875,0,,,,,,,,,,,,1.50381,18.75,-1.5625,0,0,4.296875,-12,14.7,2,
36,2026-09-02,14:22:04.01901,4.94696,,687.5,4,,0,12.1875,776,29.8039215686275,0,14,14.1,-40,,0,4.296875,0,,,,,,,,,,,,1.5624,18.75,-1.5625,0,0,4.296875,-12,14.7,2,
37,2026-09-02,14:22:04.14458,5.06403,,687.5,4,,0,12.5,777,30.5882352941176,0,13,14.2,-40,,0,4.296875,0,,,,,,,,,,,,1.52334,18.75,-1.7578125,0,0,4.296875,-12,14.7,1,
38,2026-09-02,14:22:04.26955,5.19376,,687.5,4,,0,12.8125,776,31.3725490196078,0,14,14.4,-40,,0,4.296875,0,,,,,,,,,,,,1.5624,18.75,-1.7578125,0,0,4.296875,-12,14.7,1,
39,2026-09-02,14:22:04.41067,5.33581,,687.5,4,,0,13.125,776,32.156862745098,0,14,14.4,-40,,0,4.296875,0,,,,,,,,,,,,1.62099,18.75,-1.7578125,0,0,4.296875,-12,14.7,0,
40,2026-09-02,14:22:04.55125,5.47834,,687.5,4,,0,14.0625,776,33.7254901960784,0,10,14.6,-40,,0,4.296875,0,,,,,,,,,,,,1.89441,25,-1.953125,0,0,4.296875,-12,14.7,2,
41,2026-09-02,14:22:04.70804,5.62812,,687.5,4,,0,21.25,777,43.1372549019608,0,5,14.7,-40,,0,4.296875,0,,,,,,,,,,,,1.85535,31.25,-1.953125,0,0,4.296875,-12,14.7,0,
42,2026-09-02,14:22:04.84912,5.77051,,781.25,4,,0,22.5,776,50.5882352941176,0,1,14.6,-40,,0,4.296875,0,,,,,,,,,,,,1.66005,37.5,-2.1484375,0,0,4.296875,-12,14.7,1,
43,2026-09-02,14:22:04.98972,5.91768,,968.75,4,,0,20,776,45.4901960784314,0,11,15.3,-40,,0,4.296875,0,,,,,,,,,,,,1.89441,37.5,-2.34375,0,0,4.296875,-12,14.7,0,
44,2026-09-02,14:22:05.09961,6.02741,,1062.5,4,,0,19.375,776,44.3137254901961,0,15,14.3,-40,,0,4.296875,0,,,,,,,,,,,,1.93347,43.75,-2.5390625,0,0,4.296875,-12,14.7,2,
45,2026-09-02,14:22:05.25584,6.18717,,1093.75,4,,0,20.9375,777,48.2352941176471,0,9,13.7,-40,,0,4.296875,0,,,,,,,,,,,,1.60146,43.75,-2.734375,0,0,4.296875,-12,14.7,1,
46,2026-09-02,14:22:05.41260,6.34208,,1187.5,4,,0,16.5625,776,40,0,17,14.3,-40,,0,4.296875,0,,,,,,,,,,,,1.62099,37.5,-3.125,0,0,4.296875,-12,14.7,2,
47,2026-09-02,14:22:05.53755,6.46674,,1187.5,4,,0,14.375,776,34.1176470588235,0,20,13.3,-40,,0,4.296875,0,,,,,,,,,,,,1.58193,31.25,-3.125,0,0,4.296875,-12,14.7,1,
48,2026-09-02,14:22:05.69440,6.62195,,1156.25,4,,0,12.1875,776,29.8039215686275,0,23,13.2,-40,,0,4.296875,0,,,,,,,,,,,,1.54287,25,-3.3203125,0,0,4.296875,-12,14.7,1,
49,2026-09-02,14:22:05.83500,6.76633,,1093.75,6,,0,10.9375,777,27.0588235294118,0,23,13.4,-40,,0,4.296875,0,,,,,,,,,,,,1.52334,18.75,-3.3203125,0,0,4.296875,-12,14.7,2,
50,2026-09-02,14:22:05.94494,6.87655,,1000,6,,0,10.3125,776,26.6666666666667,0,24,13.8,-40,,0,4.296875,0,,,,,,,,,,,,1.60146,18.75,-3.515625,0,0,4.296875,-12,14.7,2,
51,2026-09-02,14:22:06.06991,7.00149,,937.5,6,,0,10.3125,776,26.6666666666667,0,13,13.9,-40,,0,4.296875,0,,,,,,,,,,,,1.73817,18.75,-3.515625,0,0,4.296875,-12,14.7,2,
52,2026-09-02,14:22:06.21085,7.13331,,781.25,6,,0,13.4375,776,30.5882352941176,0,11,14.1,-40,,0,4.296875,0,,,,,,,,,,,,1.73817,18.75,-3.7109375,0,0,4.296875,-12,14.7,0,
53,2026-09-02,14:22:06.33578,7.2587,,718.75,6,,0,15.9375,776,35.6862745098039,0,10,14.1,-40,,0,4.296875,0,,,,,,,,,,,,1.73817,25,-3.7109375,0,0,4.296875,-12,14.7,3,
54,2026-09-02,14:22:06.52348,7.44756,,750,6,,0,17.5,777,39.6078431372549,0,10,14.3,-40,,0,4.296875,0,,,,,,,,,,,,1.73817,25,-3.90625,0,0,4.296875,-12,14.7,3,
55,2026-09-02,14:22:06.64925,7.58074,,812.5,6,,0,18.4375,777,41.5686274509804,0,11,14.7,-40,,0,4.296875,0,,,,,,,,,,,,1.71864,31.25,-4.1015625,0,0,4.296875,-12,14.7,5,
56,2026-09-02,14:22:06.77451,7.69755,,875,6,,0,17.8125,776,41.9607843137255,0,13,14.9,-40,,0,4.296875,0,,,,,,,,,,,,1.60146,31.25,-4.296875,0,0,4.296875,-12,14.7,1,
57,2026-09-02,14:22:06.90011,7.83012,,906.25,6,,0,17.1875,777,40,0,14,15.2,-40,,0,4.296875,0,,,,,,,,,,,,1.79676,31.25,-3.515625,0,0,4.296875,-12,14.7,2,
58,2026-09-02,14:22:07.00935,7.93489,,937.5,6,,0,18.125,776,41.9607843137255,0,14,15.4,-40,,0,4.296875,0,,,,,,,,,,,,1.91394,31.25,-3.515625,0,0,4.296875,-12,14.7,1,
59,2026-09-02,14:22:07.13500,8.05974,,875,6,,0,20,776,45.8823529411765,0,13,15.3,-40,,0,4.296875,0,,,,,,,,,,,,1.89441,37.5,-3.3203125,0,0,4.296875,-12,14.7,2,
60,2026-09-02,14:22:07.29093,8.21954,,875,6,,0,21.875,777,49.8039215686275,0,8,15.3,-40,,0,4.296875,0,,,,,,,,,,,,1.89441,37.5,-3.125,0,0,4.296875,-12,14.7,4,
61,2026-09-02,14:22:07.44760,8.37375,,1000,6,,0,22.1875,776,52.156862745098,0,8,15.8,-40,,0,4.296875,0,,,,,,,,,,,,1.87488,43.75,-2.9296875,0,0,4.296875,-12,14.7,3,
62,2026-09-02,14:22:07.57258,8.49908,,1031.25,6,,0,22.1875,777,52.5490196078431,0,13,14.6,-40,,0,4.296875,0,,,,,,,,,,,,1.85535,43.75,-2.5390625,0,0,4.296875,-12,14.7,5,
63,2026-09-02,14:22:07.69811,8.62884,,1062.5,6,,0,21.875,776,52.5490196078431,0,14,14.5,-40,,0,4.296875,0,,,,,,,,,,,,1.89441,50,-2.5390625,0,0,4.296875,-12,14.7,3,
64,2026-09-02,14:22:07.87046,8.80315,,1187.5,8,,0,20.9375,776,50.9803921568627,0,14,14.9,-40,,0,4.296875,0,,,,,,,,,,,,1.79676,43.75,-2.9296875,0,0,4.296875,-12,14.7,3,
65,2026-09-02,14:22:07.98005,8.91342,,1218.75,8,,0,18.4375,776,45.4901960784314,0,21,14.6,-40,,0,4.296875,0,,,,,,,,,,,,1.7577,43.75,-3.125,0,0,4.296875,-12,14.7,3,
66,2026-09-02,14:22:08.13661,9.05783,,1218.75,8,,0,16.875,777,41.9607843137255,0,21,14.5,-40,,0,4.296875,0,,,,,,,,,,,,1.73817,37.5,-3.3203125,0,0,4.296875,-12,14.7,4,
67,2026-09-02,14:22:08.26168,9.18302,,1281.25,8,,0,15.9375,777,40,0,23,14.7,-40,,0,4.296875,0,,,,,,,,,,,,1.953,43.75,-3.515625,0,0,4.296875,-12,14.7,7,
68,2026-09-02,14:22:08.40319,9.3327,,1343.75,8,,0,17.8125,776,43.5294117647059,0,24,14.9,-40,,0,4.296875,0,,,,,,,,,,,,1.97253,50,-3.7109375,0,0,4.296875,-12,14.7,8,
69,2026-09-02,14:22:08.52817,9.44932,,1375,12,,0,19.0625,776,45.8823529411765,0,25,15.9,-40,,0,4.296875,0,,,,,,,,,,,,1.99206,50,-3.3203125,0,0,4.296875,-12,14.7,5,
70,2026-09-02,14:22:08.65327,9.5759,,1406.25,12,,0,19.375,776,46.6666666666667,0,25,15.9,-40,,0,4.296875,0,,,,,,,,,,,,1.953,56.25,-3.125,0,0,4.296875,-12,14.7,2,
71,2026-09-02,14:22:08.77867,9.70673,,1468.75,12,,0,19.375,777,46.2745098039216,0,27,15,-40,,0,4.296875,0,,,,,,,,,,,,2.01159,56.25,-2.734375,0,0,4.296875,-12,14.7,2,
72,2026-09-02,14:22:08.91878,9.8521,,1531.25,12,,0,19.0625,776,45.4901960784314,0,28,14.6,-40,,0,4.296875,0,,,,,,,,,,,,1.97253,56.25,-2.34375,0,0,4.296875,-12,14.7,15,
73,2026-09-02,14:22:09.07502,10.00166,,1562.5,12,,0,18.75,776,43.921568627451,0,30,14.4,-40,,0,4.296875,0,,,,,,,,,,,,1.97253,56.25,-2.5390625,0,0,4.296875,-12,14.7,6,
74,2026-09-02,14:22:09.20143,10.1265,,1625,12,,0,18.125,777,42.7450980392157,0,31,14.3,-40,,0,4.296875,0,,,,,,,,,,,,1.99206,56.25,-2.9296875,0,0,4.296875,-12,14.7,4,
75,2026-09-02,14:22:09.31066,10.2412,,1656.25,14,,0,17.5,777,41.9607843137255,0,30,15.2,-40,,0,4.296875,0,,,,,,,,,,,,1.97253,56.25,-3.125,0,0,4.296875,-12,14.7,6,
76,2026-09-02,14:22:09.42017,10.35113,,1687.5,14,,0,17.1875,776,41.1764705882353,0,32,15.8,-40,,0,4.296875,0,,,,,,,,,,,,1.99206,56.25,-2.9296875,0,0,4.296875,-12,14.7,10,
77,2026-09-02,14:22:09.56122,10.48564,,1718.75,14,,0,16.5625,776,40.3921568627451,0,33,15.8,-40,,0,4.296875,0,,,,,,,,,,,,1.91394,56.25,-2.5390625,0,0,4.296875,-12,14.7,15,
78,2026-09-02,14:22:09.70223,10.63064,,1750,14,,0,15.625,776,38.8235294117647,0,33,15.5,-40,,0,4.296875,0,,,,,,,,,,,,1.953,50,-2.1484375,0,0,4.296875,-12,14.7,6,
79,2026-09-02,14:22:09.84253,10.76837,,1781.25,14,,0,15,777,38.0392156862745,0,34,14.7,-40,,0,4.296875,0,,,,,,,,,,,,1.953,50,-1.7578125,0,0,4.296875,-12,14.7,26,
80,2026-09-02,14:22:09.99964,10.92322,,1812.5,14,,0,14.6875,777,37.6470588235294,0,34,15,-40,,0,4.296875,0,,,,,,,,,,,,1.91394,50,-1.3671875,0,0,4.296875,-12,14.7,4,
81,2026-09-02,14:22:10.14018,11.06979,,1843.75,14,,0,14.0625,777,37.6470588235294,0,35,14.7,-40,,0,4.296875,0,,,,,,,,,,,,1.91394,50,-0.9765625,0,0,4.296875,-12,14.7,3,
82,2026-09-02,14:22:10.28103,11.20468,,1875,14,,0,13.75,776,37.2549019607843,0,35,14.5,-40,,0,4.296875,0,,,,,,,,,,,,1.91394,50,-0.5859375,0,0,4.296875,-12,14.7,10,
83,2026-09-02,14:22:10.39110,11.31953,,1875,14,,0,13.75,777,36.8627450980392,0,36,14.5,-40,,0,4.296875,0,,,,,,,,,,,,1.953,50,-0.1953125,0,0,4.296875,-12,14.7,6,
84,2026-09-02,14:22:10.53142,11.4494,,1906.25,14,,0,13.4375,776,36.4705882352941,0,37,14.7,-40,,0,4.296875,0,,,,,,,,,,,,1.87488,50,0.1953125,0,0,4.296875,-12,14.7,4,
85,2026-09-02,14:22:10.67272,11.60414,,1906.25,16,,0,12.8125,776,34.9019607843137,0,37,14.9,-40,,0,4.296875,0,,,,,,,,,,,,1.91394,50,0.78125,0,0,4.296875,-12,14.7,13,
86,2026-09-02,14:22:10.82938,11.75395,,1937.5,16,,0,12.5,776,34.1176470588235,0,38,14.8,-40,,0,4.296875,0,,,,,,,,,,,,1.85535,43.75,0.9765625,0,0,4.296875,-12,14.7,9,
87,2026-09-02,14:22:10.93881,11.86812,,1937.5,16,,0,11.5625,776,31.7647058823529,0,38,15.1,-40,,0,4.296875,0,,,,,,,,,,,,1.66005,37.5,1.3671875,0,0,4.296875,-12,14.7,11,
88,2026-09-02,14:22:11.06425,11.98528,,1937.5,16,,0,9.375,776,26.6666666666667,0,39,15.1,-40,,0,4.296875,0,,,,,,,,,,,,1.58193,31.25,1.7578125,0,0,4.296875,-12,14.7,8,
89,2026-09-02,14:22:11.18954,12.11824,,1875,16,,0,8.125,776,24.3137254901961,0,33,14.9,-40,,0,4.296875,0,,,,,,,,,,,,1.67958,25,2.1484375,0,0,4.296875,-12,14.7,10,
90,2026-09-02,14:22:11.34558,12.27049,,1812.5,16,,0,7.1875,776,23.1372549019608,0,35,15,-40,,0,4.296875,0,,,,,,,,,,,,1.5624,25,2.5390625,0,0,4.296875,-12,14.7,9,
91,2026-09-02,14:22:11.53305,12.46274,,1718.75,16,,0,6.875,777,21.5686274509804,0,37,14.8,-40,,0,4.296875,0,,,,,,,,,,,,1.52334,18.75,2.9296875,0,0,4.296875,-12,14.7,1,
92,2026-09-02,14:22:11.64386,12.56738,,1562.5,16,,0,6.875,776,20.7843137254902,0,36,14.8,-40,,0,4.296875,0,,,,,,,,,,,,1.54287,18.75,3.3203125,0,0,4.296875,-12,14.7,2,
93,2026-09-02,14:22:11.75272,12.68239,,1468.75,16,,0,6.875,776,20.7843137254902,0,35,14.7,-40,,0,4.296875,0,,,,,,,,,,,,1.52334,18.75,3.515625,0,0,4.296875,-12,14.7,5,
94,2026-09-02,14:22:11.87850,12.80069,,1375,16,,0,7.1875,776,20.7843137254902,0,32,14.7,-40,,0,4.296875,0,,,,,,,,,,,,1.60146,18.75,6.8359375,0,0,4.296875,-12,14.7,2,
95,2026-09-02,14:22:12.00354,12.932,,1281.25,16,,0,7.1875,777,21.5686274509804,0,31,14.7,-40,,0,4.296875,0,,,,,,,,,,,,1.60146,18.75,6.8359375,0,0,4.296875,-12,14.7,2,
96,2026-09-02,14:22:12.14413,13.07669,,1156.25,14,,0,8.4375,777,22.7450980392157,0,29,15.4,-40,,0,4.296875,0,,,,,,,,,,,,1.5624,18.75,7.03125,0,0,4.296875,-12,14.7,1,
97,2026-09-02,14:22:12.30050,13.22648,,1062.5,14,,0,8.75,776,23.1372549019608,0,25,15.4,-40,,0,4.296875,0,,,,,,,,,,,,1.62099,18.75,7.2265625,0,0,4.296875,-12,14.7,2,
98,2026-09-02,14:22:12.42635,13.35584,,968.75,14,,0,9.0625,777,23.921568627451,0,24,15.3,-40,,0,4.296875,0,,,,,,,,,,,,1.48428,18.75,7.2265625,0,0,4.296875,-12,14.7,2,
99,2026-09-02,14:22:12.56697,13.49204,,875,14,,0,9.6875,776,25.0980392156863,0,13,15.1,-40,,0,4.296875,0,,,,,,,,,,,,1.77723,18.75,7.421875,0,0,4.296875,-12,14.7,1,
100,2026-09-02,14:22:12.75458,13.67812,,812.5,14,,0,12.8125,776,30.5882352941176,0,12,14.8,-40,,0,4.296875,0,,,,,,,,,,,,1.73817,25,7.6171875,0,0,4.296875,-12,14.7,2,
101,2026-09-02,14:22:12.87980,13.80517,,875,14,,0,16.25,777,37.2549019607843,0,11,14.5,-40,,0,4.296875,0,,,,,,,,,,,,1.83582,31.25,7.8125,0,0,4.296875,-12,14.7,1,
102,2026-09-02,14:22:13.00473,13.93027,,1000,14,,0,17.8125,777,39.6078431372549,0,13,14.2,-40,,0,4.296875,0,,,,,,,,,,,,1.91394,31.25,8.0078125,0,0,4.296875,-12,14.7,0,
103,2026-09-02,14:22:13.16175,14.09011,,906.25,14,,0,19.375,777,43.921568627451,0,13,13.6,-40,,0,4.296875,0,,,,,,,,,,,,2.03112,37.5,7.8125,0,0,4.296875,-12,14.7,0,
104,2026-09-02,14:22:13.31750,14.24502,,968.75,14,,0,23.75,776,52.5490196078431,0,11,13.3,-40,,0,4.296875,0,,,,,,,,,,,,2.01159,50,7.6171875,0,0,4.296875,-12,14.7,2,
105,2026-09-02,14:22:13.44325,14.37412,,937.5,14,,0,27.5,777,61.5686274509804,0,7,12.8,-40,,0,4.296875,0,,,,,,,,,,,,1.89441,50,7.421875,0,0,4.296875,-12,14.7,2,
106,2026-09-02,14:22:13.56819,14.4995,,1000,14,,0,26.875,777,61.9607843137255,0,9,12.8,-40,,0,4.296875,0,,,,,,,,,,,,1.77723,50,7.2265625,0,0,4.296875,-12,14.7,4,
107,2026-09-02,14:22:13.71035,14.63406,,1000,14,,0,24.6875,777,58.4313725490196,0,11,12.9,-40,,0,4.296875,0,,,,,,,,,,,,1.77723,43.75,7.2265625,0,0,4.296875,-12,14.7,7,
108,2026-09-02,14:22:13.81971,14.74407,,1031.25,14,,0,22.1875,777,52.9411764705882,0,13,12.6,-40,,0,4.296875,0,,,,,,,,,,,,1.73817,43.75,6.8359375,0,0,4.296875,-12,14.7,3,
109,2026-09-02,14:22:13.97610,14.89877,,1031.25,14,,0,20.625,777,50.5882352941176,0,13,12.8,-40,,0,4.296875,0,,,,,,,,,,,,1.7577,37.5,6.640625,0,0,4.296875,-12,14.7,3,
110,2026-09-02,14:22:14.11665,15.04268,,1062.5,14,,0,19.375,777,48.2352941176471,0,18,12.7,-40,,0,4.296875,0,,,,,,,,,,,,1.79676,37.5,6.4453125,0,0,4.296875,-11,14.7,3,
111,2026-09-02,14:22:14.28870,15.2083,,1062.5,16,,0,18.4375,777,46.2745098039216,0,18,12.6,-40,,0,4.296875,0,,,,,,,,,,,,1.79676,37.5,6.25,0,0,4.296875,-12,14.7,2,
112,2026-09-02,14:22:14.43017,15.34838,,1125,16,,0,17.5,776,45.0980392156863,0,19,12.5,-40,,0,4.296875,0,,,,,,,,,,,,1.83582,37.5,6.0546875,0,0,4.296875,-12,14.7,2,
113,2026-09-02,14:22:14.57077,15.4979,,1093.75,16,,0,17.5,777,44.3137254901961,0,19,12.7,-40,,0,4.296875,0,,,,,,,,,,,,1.83582,37.5,5.859375,0,0,4.296875,-12,14.7,6,
114,2026-09-02,14:22:14.72775,15.64752,,1125,16,,0,17.8125,776,44.3137254901961,0,20,12.8,-40,,0,4.296875,0,,,,,,,,,,,,1.91394,43.75,5.6640625,0,0,4.296875,-12,14.7,1,
115,2026-09-02,14:22:14.86842,15.79743,,1156.25,16,,0,18.75,776,45.8823529411765,0,19,13.3,-40,,0,4.296875,0,,,,,,,,,,,,1.89441,43.75,5.46875,0,0,4.296875,-11,14.7,7,
116,2026-09-02,14:22:14.99383,15.91526,,1187.5,18,,0,19.0625,776,46.2745098039216,0,20,13.3,-40,,0,4.296875,0,,,,,,,,,,,,1.89441,43.75,5.2734375,0,0,4.296875,-12,14.7,7,
117,2026-09-02,14:22:15.11861,16.04708,,1187.5,18,,0,19.0625,777,46.2745098039216,0,20,13.5,-40,,0,4.296875,0,,,,,,,,,,,,1.87488,43.75,5.078125,0,0,4.296875,-11,14.7,1,
118,2026-09-02,14:22:15.27534,16.20161,,1218.75,18,,0,18.75,776,45.8823529411765,0,21,13.5,-40,,0,4.296875,0,,,,,,,,,,,,1.85535,43.75,4.8828125,0,0,4.296875,-11,14.7,4,
119,2026-09-02,14:22:15.40071,16.33153,,1218.75,18,,0,18.75,776,45.0980392156863,0,21,13.6,-40,,0,4.296875,0,,,,,,,,,,,,1.87488,43.75,4.4921875,0,0,4.296875,-12,14.7,7,
120,2026-09-02,14:22:15.52611,16.45588,,1250,18,,0,18.75,777,45.4901960784314,0,22,13.6,-40,,0,4.296875,0,,,,,,,,,,,,1.87488,43.75,4.296875,0,0,4.296875,-11,14.7,1,
121,2026-09-02,14:22:15.66674,16.58597,,1250,18,,0,18.4375,776,44.7058823529412,0,22,13.7,-40,,0,4.296875,0,,,,,,,,,,,,1.89441,43.75,4.1015625,0,0,4.296875,-11,14.7,1,
122,2026-09-02,14:22:15.79131,16.71042,,1281.25,18,,0,18.125,776,44.3137254901961,0,22,14,-40,,0,4.296875,0,,,,,,,,,,,,1.85535,43.75,3.90625,0,0,4.296875,-11,14.7,5,
123,2026-09-02,14:22:15.91678,16.85021,,1281.25,18,,0,17.8125,776,44.3137254901961,0,23,13.9,-40,,0,4.296875,0,,,,,,,,,,,,1.85535,43.75,3.7109375,0,0,4.296875,-11,14.7,6,
124,2026-09-02,14:22:16.08865,17.01223,,1281.25,18,,0,17.8125,777,44.3137254901961,0,22,13.9,-40,,0,4.296875,0,,,,,,,,,,,,1.87488,43.75,3.3203125,0,0,4.296875,-11,14.7,5,
125,2026-09-02,14:22:16.22978,17.15971,,1312.5,18,,0,17.8125,776,44.3137254901961,0,23,14,-40,,0,4.296875,0,,,,,,,,,,,,1.87488,43.75,3.125,0,0,4.296875,-11,14.7,3,
126,2026-09-02,14:22:16.38599,17.30485,,1343.75,20,,0,17.5,777,44.3137254901961,0,24,14.3,-40,,0,4.296875,0,,,,,,,,,,,,1.85535,43.75,2.9296875,0,0,4.296875,-11,14.7,6,
127,2026-09-02,14:22:16.52714,17.45168,,1343.75,20,,0,17.1875,777,43.921568627451,0,23,14.4,-40,,0,4.296875,0,,,,,,,,,,,,1.89441,43.75,2.734375,0,0,4.296875,-11,14.7,11,
128,2026-09-02,14:22:16.66831,17.59418,,1375,20,,0,16.875,777,43.5294117647059,0,25,14.3,-40,,0,4.296875,0,,,,,,,,,,,,1.89441,43.75,2.34375,0,0,4.296875,-11,14.7,7,
129,2026-09-02,14:22:16.79324,17.71385,,1375,20,,0,16.875,777,43.1372549019608,0,24,14.3,-40,,0,4.296875,0,,,,,,,,,,,,1.89441,43.75,2.1484375,0,0,4.296875,-11,14.7,3,
130,2026-09-02,14:22:16.93442,17.85667,,1406.25,20,,0,16.875,777,43.1372549019608,0,25,14.3,-40,,0,4.296875,0,,,,,,,,,,,,1.83582,43.75,-1.7578125,0,0,4.296875,-11,14.7,8,
131,2026-09-02,14:22:17.12186,18.05329,,1406.25,20,,0,15.9375,776,40.3921568627451,0,25,14.6,-40,,0,4.296875,0,,,,,,,,,,,,1.69911,37.5,-2.1484375,0,0,4.296875,-11,14.7,2,
132,2026-09-02,14:22:17.27962,18.20306,,1406.25,20,,0,12.8125,776,34.5098039215686,0,26,14.6,-40,,0,4.296875,0,,,,,,,,,,,,1.69911,31.25,-2.5390625,0,0,4.296875,-11,14.7,6,
133,2026-09-02,14:22:17.40510,18.33286,,1406.25,20,,0,11.5625,777,30.9803921568627,0,26,14.5,-40,,0,4.296875,0,,,,,,,,,,,,1.81629,31.25,-2.734375,0,0,4.296875,-11,14.7,1,
134,2026-09-02,14:22:17.56138,18.4849,,1375,20,,0,12.8125,777,32.5490196078431,0,25,14.8,-40,,0,4.296875,0,,,,,,,,,,,,1.89441,37.5,-2.9296875,0,0,4.296875,-11,14.7,8,
135,2026-09-02,14:22:17.67124,18.603,,1437.5,20,,0,14.6875,776,36.078431372549,0,27,15.1,-40,,0,4.296875,0,,,,,,,,,,,,1.85535,43.75,-3.125,0,0,4.296875,-11,14.7,2,
136,2026-09-02,14:22:17.84353,18.77217,,1437.5,22,,0,15,776,37.2549019607843,0,26,15.2,-40,,0,4.296875,0,,,,,,,,,,,,1.87488,43.75,-3.515625,0,0,4.296875,-11,14.7,1,
137,2026-09-02,14:22:17.98420,18.9175,,1437.5,22,,0,15.9375,777,38.8235294117647,0,26,15.4,-40,,0,4.296875,0,,,,,,,,,,,,1.89441,43.75,-3.125,0,0,4.296875,-11,14.7,4,
138,2026-09-02,14:22:18.10916,19.03239,,1468.75,22,,0,16.25,776,40,0,26,15.6,-40,,0,4.296875,0,,,,,,,,,,,,1.93347,43.75,-2.734375,0,0,4.296875,-11,14.7,1,
139,2026-09-02,14:22:18.26538,19.19179,,1406.25,22,,0,16.875,776,41.1764705882353,0,26,15.8,-40,,0,4.296875,0,,,,,,,,,,,,1.87488,50,-2.5390625,0,0,4.296875,-11,14.7,0,
140,2026-09-02,14:22:18.37473,19.29914,,1468.75,22,,0,16.5625,777,40.7843137254902,0,27,15.8,-40,,0,4.296875,0,,,,,,,,,,,,1.93347,43.75,-2.1484375,0,0,4.296875,-11,14.7,10,
141,2026-09-02,14:22:18.48479,19.40617,,1437.5,22,,0,16.5625,776,40.7843137254902,0,26,15.2,-40,,0,4.296875,0,,,,,,,,,,,,1.87488,43.75,-1.953125,0,0,4.296875,-11,14.7,2,
142,2026-09-02,14:22:18.65666,19.57842,,1468.75,22,,0,16.25,777,40.3921568627451,0,28,15.1,-40,,0,4.296875,0,,,,,,,,,,,,1.87488,43.75,-1.5625,0,0,4.296875,-11,14.7,1,
143,2026-09-02,14:22:18.79783,19.72613,,1468.75,22,,0,15.625,776,39.2156862745098,0,27,15,-40,,0,4.296875,0,,,,,,,,,,,,1.89441,43.75,-0.9765625,0,0,4.296875,-11,14.7,2,
144,2026-09-02,14:22:18.95398,19.88099,,1500,22,,0,15,777,38.0392156862745,0,28,15.1,-40,,0,4.296875,0,,,,,,,,,,,,1.85535,43.75,-0.5859375,0,0,4.296875,-11,14.7,7,
145,2026-09-02,14:22:19.06333,19.99575,,1500,22,,0,15.3125,776,38.0392156862745,0,28,15.1,-40,,0,4.296875,0,,,,,,,,,,,,1.91394,43.75,-0.390625,0,0,4.296875,-11,14.7,2,
146,2026-09-02,14:22:19.17269,20.10063,,1531.25,22,,0,15,777,37.6470588235294,0,29,15.2,-40,,0,4.296875,0,,,,,,,,,,,,1.85535,43.75,-0.1953125,0,0,4.296875,-11,14.7,8,
147,2026-09-02,14:22:19.31455,20.23863,,1500,22,,0,15,777,37.2549019607843,0,28,15.2,-40,,0,4.296875,0,,,,,,,,,,,,1.91394,43.75,0.1953125,0,0,4.296875,-11,14.7,5,
148,2026-09-02,14:22:19.48674,20.41008,,1531.25,22,,0,14.6875,777,36.4705882352941,0,29,15.2,-40,,0,4.296875,0,,,,,,,,,,,,1.85535,37.5,0.5859375,0,0,4.296875,-11,14.7,9,
149,2026-09-02,14:22:19.61165,20.53487,,1500,22,,0,13.75,777,34.5098039215686,0,28,14.9,-40,,0,4.296875,0,,,,,,,,,,,,1.79676,37.5,0.9765625,0,0,4.296875,-11,14.7,6,
150,2026-09-02,14:22:19.73662,20.6647,,1562.5,22,,0,13.125,776,33.7254901960784,0,30,14.7,-40,,0,4.296875,0,,,,,,,,,,,,1.89441,37.5,1.3671875,0,0,4.296875,-11,14.7,4,
151,2026-09-02,14:22:19.87727,20.80177,,1531.25,22,,0,13.4375,776,33.3333333333333,0,28,14.5,-40,,0,4.296875,0,,,,,,,,,,,,1.87488,43.75,1.5625,0,0,4.296875,-11,14.7,2,
152,2026-09-02,14:22:20.01905,20.94425,,1562.5,22,,0,14.0625,777,34.1176470588235,0,30,14.6,-40,,0,4.296875,0,,,,,,,,,,,,1.953,43.75,1.953125,0,0,4.296875,-11,14.7,4,
153,2026-09-02,14:22:20.14403,21.06387,,1531.25,22,,0,15.625,777,36.8627450980392,0,29,14.6,-40,,0,4.296875,0,,,,,,,,,,,,1.91394,50,2.1484375,0,0,4.296875,-11,14.7,9,
154,2026-09-02,14:22:20.31600,21.24234,,1562.5,22,,0,16.25,776,37.6470588235294,0,30,14.7,-40,,0,4.296875,0,,,,,,,,,,,,1.99206,50,2.734375,0,0,4.296875,-11,14.7,0,
155,2026-09-02,14:22:20.47271,21.39628,,1562.5,22,,0,16.25,777,38.4313725490196,0,29,14.2,-40,,0,4.296875,0,,,,,,,,,,,,1.91394,50,2.734375,0,0,4.296875,-11,14.7,7,
156,2026-09-02,14:22:20.62939,21.55024,,1593.75,24,,0,15.9375,776,38.4313725490196,0,30,14.2,-40,,0,4.296875,0,,,,,,,,,,,,1.97253,50,2.34375,0,0,4.296875,-11,14.7,1,
157,2026-09-02,14:22:20.75444,21.6759,,1562.5,24,,0,15.625,777,38.0392156862745,0,30,14,-40,,0,4.296875,0,,,,,,,,,,,,1.89441,50,1.953125,0,0,4.296875,-11,14.7,9,
158,2026-09-02,14:22:20.92633,21.84716,,1625,24,,0,15,776,36.4705882352941,0,31,14.4,-40,,0,4.296875,0,,,,,,,,,,,,1.93347,43.75,1.7578125,0,0,4.296875,-11,14.7,5,
159,2026-09-02,14:22:21.06717,21.99762,,1593.75,24,,0,14.6875,777,35.6862745098039,0,31,14.3,-40,,0,4.296875,0,,,,,,,,,,,,1.93347,43.75,1.3671875,0,0,4.296875,-11,14.7,6,
160,2026-09-02,14:22:21.19297,22.1221,,1625,24,,0,14.375,776,35.6862745098039,0,31,14.7,-40,,0,4.296875,0,,,,,,,,,,,,1.953,43.75,1.171875,0,0,4.296875,-11,14.7,5,
161,2026-09-02,14:22:21.33370,22.25211,,1625,24,,0,14.6875,777,36.078431372549,0,31,14.6,-40,,0,4.296875,0,,,,,,,,,,,,1.87488,43.75,0.9765625,0,0,4.296875,-11,14.7,1,
162,2026-09-02,14:22:21.45922,22.38195,,1625,24,,0,15,776,36.078431372549,0,31,14.7,-40,,0,4.296875,0,,,,,,,,,,,,1.953,43.75,0.5859375,0,0,4.296875,-11,14.7,3,
163,2026-09-02,14:22:21.58416,22.50623,,1625,24,,0,14.6875,777,36.078431372549,0,31,14.7,-40,,0,4.296875,0,,,,,,,,,,,,1.93347,43.75,0.390625,0,0,4.296875,-11,14.7,11,
164,2026-09-02,14:22:21.72557,22.65603,,1656.25,24,,0,14.6875,777,36.078431372549,0,32,14.7,-40,,0,4.296875,0,,,,,,,,,,,,1.93347,50,0,0,0,4.296875,-11,14.7,14,
165,2026-09-02,14:22:21.86621,22.78616,,1656.25,24,,0,15,777,36.078431372549,0,32,15,-40,,0,4.296875,0,,,,,,,,,,,,1.953,50,0.390625,0,0,4.296875,-11,14.7,6,
166,2026-09-02,14:22:21.97633,22.90098,,1656.25,24,,0,14.6875,776,36.078431372549,0,32,14.7,-40,,0,4.296875,0,,,,,,,,,,,,1.89441,50,1.953125,0,0,4.296875,-11,14.7,8,
167,2026-09-02,14:22:22.11692,23.03556,,1687.5,24,,0,14.6875,776,36.8627450980392,0,32,14.7,-40,,0,4.296875,0,,,,,,,,,,,,1.97253,50,1.7578125,0,0,4.296875,-11,14.7,3,
168,2026-09-02,14:22:22.22627,23.15538,,1656.25,24,,0,15.3125,776,37.6470588235294,0,32,14.3,-40,,0,4.296875,0,,,,,,,,,,,,1.953,50,1.3671875,0,0,4.296875,-11,14.7,8,
169,2026-09-02,14:22:22.35082,23.28055,,1718.75,24,,0,15.9375,776,38.8235294117647,0,33,14.5,-40,,0,4.296875,0,,,,,,,,,,,,1.97253,56.25,1.171875,0,0,4.296875,-11,14.7,0,
170,2026-09-02,14:22:22.49222,23.42043,,1687.5,24,,0,16.5625,777,40,0,33,14.4,-40,,0,4.296875,0,,,,,,,,,,,,2.01159,56.25,0.78125,0,0,4.296875,-11,14.7,5,
171,2026-09-02,14:22:22.63276,23.5587,,1718.75,24,,0,16.875,777,41.1764705882353,0,33,14.6,-40,,0,4.296875,0,,,,,,,,,,,,2.03112,56.25,0.5859375,0,0,4.296875,-11,14.7,4,
172,2026-09-02,14:22:22.83632,23.75978,,1687.5,26,,0,16.875,777,41.1764705882353,0,33,14.8,-40,,0,4.296875,0,,,,,,,,,,,,1.97253,56.25,0.1953125,0,0,4.296875,-11,14.7,5,
173,2026-09-02,14:22:22.96186,23.88923,,1687.5,26,,0,15.625,777,39.2156862745098,0,33,14.8,-40,,0,4.296875,0,,,,,,,,,,,,1.87488,50,-0.1953125,0,0,4.296875,-11,14.7,2,
174,2026-09-02,14:22:23.10246,24.03434,,1718.75,26,,0,14.6875,776,37.6470588235294,0,34,15,-40,,0,4.296875,0,,,,,,,,,,,,1.87488,50,0.1953125,0,0,4.296875,-11,14.7,2,
175,2026-09-02,14:22:23.22766,24.15393,,1718.75,26,,0,14.0625,777,36.4705882352941,0,33,14.9,-40,,0,4.296875,0,,,,,,,,,,,,1.85535,43.75,0.390625,0,0,4.296875,-11,14.7,5,
176,2026-09-02,14:22:23.35267,24.27892,,1718.75,26,,0,13.75,776,36.078431372549,0,34,14.8,-40,,0,4.296875,0,,,,,,,,,,,,1.91394,43.75,0.78125,0,0,4.296875,-11,14.7,2,
177,2026-09-02,14:22:23.47846,24.40096,,1750,26,,0,13.75,776,36.078431372549,0,34,14.5,-40,,0,4.296875,0,,,,,,,,,,,,2.01159,50,1.171875,0,0,4.296875,-11,14.7,18,
178,2026-09-02,14:22:23.60333,24.5257,,1750,26,,0,15,776,38.0392156862745,0,34,14.3,-40,,0,4.296875,0,,,,,,,,,,,,2.01159,50,0.9765625,0,0,4.296875,-11,14.7,11,
179,2026-09-02,14:22:23.72910,24.65811,,1750,26,,0,15.9375,777,39.6078431372549,0,34,14.4,-40,,0,4.296875,0,,,,,,,,,,,,2.05065,56.25,0.5859375,0,0,4.296875,-11,14.7,12,
180,2026-09-02,14:22:23.88484,24.80732,,1750,26,,0,17.1875,776,41.5686274509804,0,34,14.5,-40,,0,4.296875,0,,,,,,,,,,,,1.99206,56.25,0.1953125,0,0,4.296875,-11,14.7,15,
181,2026-09-02,14:22:24.04220,24.97241,,1781.25,26,,0,17.1875,777,42.7450980392157,0,34,14.6,-40,,0,4.296875,0,,,,,,,,,,,,2.07018,62.5,-0.1953125,0,0,4.296875,-11,14.7,20,
182,2026-09-02,14:22:24.19852,25.122,,1781.25,26,,0,20,777,47.4509803921569,0,32,14.5,-40,,0,4.296875,0,,,,,,,,,,,,2.30454,81.25,-0.390625,0,0,4.296875,-11,14.7,1,
183,2026-09-02,14:22:24.33869,25.26731,,1843.75,26,,0,24.0625,777,55.6862745098039,0,25,14.6,-40,,0,4.296875,0,,,,,,,,,,,,2.24595,87.5,-0.78125,0,0,4.296875,-11,14.7,18,
184,2026-09-02,14:22:24.46465,25.39189,,1843.75,26,,0,24.0625,777,56.8627450980392,0,25,14.4,-40,,0,4.296875,0,,,,,,,,,,,,2.20689,87.5,-1.171875,0,0,4.296875,-11,14.7,4,
185,2026-09-02,14:22:24.62086,25.54173,,1875,26,,0,23.125,776,55.6862745098039,0,26,14.7,-40,,0,4.296875,0,,,,,,,,,,,,2.12877,81.25,-1.5625,0,0,4.296875,-11,14.7,10,
186,2026-09-02,14:22:24.76254,25.69147,,1875,26,,0,20.9375,777,52.5490196078431,0,33,14.8,-40,,0,4.296875,0,,,,,,,,,,,,2.08971,75,-1.3671875,0,0,4.296875,-11,14.7,19,
187,2026-09-02,14:22:24.87162,25.80154,,1906.25,28,,0,19.6875,777,49.0196078431373,0,34,15,-40,,0,4.296875,0,,,,,,,,,,,,2.08971,68.75,-0.9765625,0,0,4.296875,-11,14.7,11,
188,2026-09-02,14:22:25.04379,25.96889,,1937.5,28,,0,18.75,777,47.0588235294118,0,35,15,-40,,0,4.296875,0,,,,,,,,,,,,2.07018,68.75,-0.5859375,0,0,4.296875,-11,14.7,4,
189,2026-09-02,14:22:25.23172,26.15362,,2000,28,,0,17.5,777,44.3137254901961,0,37,14.3,-40,,0,4.296875,0,,,,,,,,,,,,2.05065,62.5,-0.390625,0,0,4.296875,-11,14.7,16,
190,2026-09-02,14:22:25.37207,26.30072,,1968.75,28,,0,16.875,777,42.3529411764706,0,37,14.1,-40,,0,4.296875,0,,,,,,,,,,,,2.05065,62.5,-0.9765625,0,0,4.296875,-11,14.7,13,
191,2026-09-02,14:22:25.49741,26.41563,,2031.25,30,,0,16.25,777,40.7843137254902,0,38,14.3,-40,,0,4.296875,0,,,,,,,,,,,,2.05065,62.5,-1.171875,0,0,4.296875,-11,14.7,15,
192,2026-09-02,14:22:25.62238,26.54527,,2031.25,30,,0,15.625,776,39.6078431372549,0,39,14.5,-40,,0,4.296875,0,,,,,,,,,,,,2.03112,62.5,-1.5625,0,0,4.296875,-11,14.7,18,
193,2026-09-02,14:22:25.76302,26.6896,,2062.5,30,,0,15.3125,777,38.4313725490196,0,39,14.4,-40,,0,4.296875,0,,,,,,,,,,,,2.05065,62.5,-1.953125,0,0,4.296875,-11,14.7,35,
194,2026-09-02,14:22:25.88793,26.81467,,2062.5,30,,0,15,777,37.6470588235294,0,39,14.7,-40,,0,4.296875,0,,,,,,,,,,,,2.01159,56.25,-2.34375,0,0,4.296875,-11,14.7,11,
195,2026-09-02,14:22:26.01434,26.94475,,2093.75,30,,0,14.375,777,36.4705882352941,0,40,14.7,-40,,0,4.296875,0,,,,,,,,,,,,1.97253,56.25,-2.734375,0,0,4.296875,-11,14.7,13,
196,2026-09-02,14:22:26.13904,27.06427,,2093.75,30,,0,13.75,777,34.9019607843137,0,42,15.1,-40,,0,4.296875,0,,,,,,,,,,,,1.93347,56.25,-2.5390625,0,0,4.296875,-11,14.7,10,
197,2026-09-02,14:22:26.26438,27.19449,,2125,32,,0,13.4375,776,34.1176470588235,0,43,15.6,-40,,0,4.296875,0,,,,,,,,,,,,1.97253,56.25,-2.1484375,0,0,4.296875,-11,14.7,6,
198,2026-09-02,14:22:26.38895,27.3191,,2125,32,,0,13.125,776,33.3333333333333,0,43,15.2,-40,,0,4.296875,0,,,,,,,,,,,,1.93347,50,-1.7578125,0,0,4.296875,-11,14.7,4,
199,2026-09-02,14:22:26.51495,27.43568,,2156.25,32,,0,12.1875,776,30.9803921568627,0,43,15.3,-40,,0,4.296875,0,,,,,,,,,,,,1.87488,50,-1.3671875,0,0,4.296875,-11,14.7,2,
200,2026-09-02,14:22:26.63966,27.56131,,2156.25,32,,0,11.25,776,29.0196078431373,0,43,15.2,-40,,0,4.296875,0,,,,,,,,,,,,1.87488,43.75,-0.9765625,0,0,4.296875,-11,14.7,8,
201,2026-09-02,14:22:26.76490,27.69338,,2187.5,32,,0,10.9375,777,28.2352941176471,0,44,15.7,-40,,0,4.296875,0,,,,,,,,,,,,1.89441,43.75,-0.390625,0,0,4.296875,-11,14.7,11,
202,2026-09-02,14:22:26.90506,27.83855,,2187.5,32,,0,10.625,777,27.4509803921569,0,44,15.7,-40,,0,4.296875,0,,,,,,,,,,,,1.81629,43.75,0,0,0,4.296875,-11,14.7,13,
203,2026-09-02,14:22:27.06205,27.98828,,2187.5,32,,0,10.3125,777,26.2745098039216,0,44,15.4,-40,,0,4.296875,0,,,,,,,,,,,,1.85535,43.75,0,0,0,4.296875,-11,14.7,5,
204,2026-09-02,14:22:27.18683,28.1129,,2187.5,32,,0,10.3125,776,26.2745098039216,0,43,15.5,-40,,0,4.296875,0,,,,,,,,,,,,1.85535,43.75,0.390625,0,0,4.296875,-11,14.7,4,
205,2026-09-02,14:22:27.32860,28.24938,,2187.5,32,,0,10.3125,777,26.2745098039216,0,43,15.6,-40,,0,4.296875,0,,,,,,,,,,,,1.93347,43.75,0.78125,0,0,4.296875,-11,14.7,14,
206,2026-09-02,14:22:27.46897,28.39741,,2218.75,32,,0,10.625,777,26.2745098039216,0,43,15.6,-40,,0,4.296875,0,,,,,,,,,,,,2.07018,50,1.3671875,0,0,4.296875,-11,14.7,13,
207,2026-09-02,14:22:27.62493,28.54713,,2187.5,32,,0,14.375,776,31.7647058823529,0,42,15.5,-40,,0,4.296875,0,,,,,,,,,,,,2.12877,62.5,1.7578125,0,0,4.296875,-11,14.7,2,
208,2026-09-02,14:22:27.76641,28.6969,,2218.75,32,,0,15.625,777,34.5098039215686,0,41,14.7,-40,,0,4.296875,0,,,,,,,,,,,,2.12877,68.75,2.34375,0,0,4.296875,-11,14.7,16,
209,2026-09-02,14:22:27.92233,28.8465,,2218.75,32,,0,15.9375,777,36.078431372549,0,41,14.2,-40,,0,4.296875,0,,,,,,,,,,,,2.05065,68.75,2.5390625,0,0,4.296875,-11,14.7,12,
210,2026-09-02,14:22:28.04809,28.97119,,2250,32,,0,15.625,777,36.4705882352941,0,42,14.3,-40,,0,4.296875,0,,,,,,,,,,,,2.10924,68.75,2.1484375,0,0,4.296875,-11,14.7,16,
211,2026-09-02,14:22:28.17290,29.09858,,2281.25,32,,0,15.625,777,36.078431372549,0,42,14.4,-40,,0,4.296875,0,,,,,,,,,,,,2.08971,68.75,1.7578125,0,0,4.296875,-11,14.7,10,
212,2026-09-02,14:22:28.34552,29.26594,,2281.25,32,,0,15.625,777,36.078431372549,0,42,14.6,-40,,0,4.296875,0,,,,,,,,,,,,2.08971,68.75,1.3671875,0,0,4.296875,-11,14.7,14,
213,2026-09-02,14:22:28.47078,29.39045,,2281.25,34,,0,15.3125,776,35.6862745098039,0,42,15.3,-40,,0,4.296875,0,,,,,,,,,,,,2.08971,68.75,1.3671875,0,0,4.296875,-11,14.7,14,
214,2026-09-02,14:22:28.58051,29.51063,,2312.5,34,,0,15.3125,776,35.6862745098039,0,42,14.8,-40,,0,4.296875,0,,,,,,,,,,,,2.12877,68.75,1.953125,0,0,4.296875,-11,14.7,7,
215,2026-09-02,14:22:28.70511,29.63541,,2343.75,34,,0,15.3125,776,36.078431372549,0,42,14.8,-40,,0,4.296875,0,,,,,,,,,,,,2.10924,68.75,2.34375,0,0,4.296875,-11,14.7,10,
216,2026-09-02,14:22:28.84674,29.77469,,2343.75,34,,0,15.3125,777,35.6862745098039,0,42,14,-40,,0,4.296875,0,,,,,,,,,,,,2.12877,68.75,2.34375,0,0,4.296875,-11,14.7,5,
217,2026-09-02,14:22:28.98740,29.91207,,2343.75,34,,0,15.3125,777,35.2941176470588,0,43,13.8,-40,,0,4.296875,0,,,,,,,,,,,,2.10924,68.75,1.953125,0,0,4.296875,-11,14.7,11,
218,2026-09-02,14:22:29.12808,30.05967,,2375,36,,0,15,776,35.6862745098039,0,42,13.6,-40,,0,4.296875,0,,,,,,,,,,,,2.1483,68.75,1.3671875,0,0,4.296875,-11,14.7,1,
219,2026-09-02,14:22:29.25349,30.18463,,2406.25,36,,0,15,777,35.2941176470588,0,43,13.9,-40,,0,4.296875,0,,,,,,,,,,,,2.08971,68.75,0.9765625,0,0,4.296875,-11,14.7,15,
220,2026-09-02,14:22:29.37873,30.29965,,2406.25,36,,0,15,777,35.2941176470588,0,42,13.8,-40,,0,4.296875,0,,,,,,,,,,,,2.08971,68.75,0.5859375,0,0,4.296875,-11,14.7,1,
221,2026-09-02,14:22:29.52010,30.44265,,2437.5,36,,0,15,777,35.2941176470588,0,42,13.8,-40,,0,4.296875,0,,,,,,,,,,,,2.10924,68.75,0.390625,0,0,4.296875,-11,14.7,6,
222,2026-09-02,14:22:29.67584,30.60885,,2437.5,36,,0,14.6875,777,35.2941176470588,0,43,13.8,-40,,0,4.296875,0,,,,,,,,,,,,2.10924,68.75,-0.1953125,0,0,4.296875,-11,14.7,13,
223,2026-09-02,14:22:29.80081,30.71887,,2437.5,36,,0,14.6875,777,35.6862745098039,0,43,14,-40,,0,4.296875,0,,,,,,,,,,,,2.10924,68.75,-0.5859375,0,0,4.296875,-11,14.7,5,
224,2026-09-02,14:22:29.91021,30.83283,,2468.75,36,,0,14.6875,776,35.6862745098039,0,43,14.5,-40,,0,4.296875,0,,,,,,,,,,,,2.1483,68.75,-0.9765625,0,0,4.296875,-11,14.7,10,
225,2026-09-02,14:22:30.03582,30.96336,,2468.75,36,,0,14.375,777,35.6862745098039,0,43,14.4,-40,,0,4.296875,0,,,,,,,,,,,,2.08971,68.75,-1.3671875,0,0,4.296875,-11,14.7,5,
226,2026-09-02,14:22:30.17636,31.10054,,2500,36,,0,14.0625,777,35.2941176470588,0,43,14.7,-40,,0,4.296875,0,,,,,,,,,,,,2.08971,68.75,-1.7578125,0,0,4.296875,-11,14.7,0,
227,2026-09-02,14:22:30.36440,31.28753,,2500,36,,0,14.0625,777,35.6862745098039,0,44,14.9,-40,,0,4.296875,0,,,,,,,,,,,,2.10924,68.75,-2.34375,0,0,4.296875,-11,14.7,1,
228,2026-09-02,14:22:30.47392,31.3977,,2531.25,38,,0,14.0625,777,35.2941176470588,0,44,15.2,-40,,0,4.296875,0,,,,,,,,,,,,2.10924,68.75,-2.1484375,0,0,4.296875,-11,14.7,10,
229,2026-09-02,14:22:30.58327,31.51244,,2531.25,38,,0,14.0625,776,35.2941176470588,0,44,15.9,-40,,0,4.296875,0,,,,,,,,,,,,2.10924,68.75,-1.7578125,0,0,4.296875,-11,14.7,4,
230,2026-09-02,14:22:30.70809,31.63235,,2531.25,38,,0,14.0625,777,35.2941176470588,0,44,15.5,-40,,0,4.296875,0,,,,,,,,,,,,2.10924,68.75,-1.171875,0,0,4.296875,-11,14.7,7,
231,2026-09-02,14:22:30.81861,31.74701,,2562.5,38,,0,13.75,777,35.2941176470588,0,44,15.1,-40,,0,4.296875,0,,,,,,,,,,,,2.08971,68.75,-0.78125,0,0,4.296875,-11,14.7,6,
232,2026-09-02,14:22:30.94345,31.87636,,2562.5,38,,0,13.75,777,34.9019607843137,0,44,15.1,-40,,0,4.296875,0,,,,,,,,,,,,2.10924,68.75,-0.1953125,0,0,4.296875,-11,14.7,16,
233,2026-09-02,14:22:31.06870,31.98666,,2562.5,38,,0,13.75,776,34.9019607843137,0,44,14.7,-40,,0,4.296875,0,,,,,,,,,,,,2.10924,68.75,0.1953125,0,0,4.296875,-11,14.7,7,
234,2026-09-02,14:22:31.19368,32.12169,,2593.75,38,,0,13.75,776,34.5098039215686,0,44,14.8,-40,,0,4.296875,0,,,,,,,,,,,,2.12877,68.75,0.78125,0,0,4.296875,-10,14.7,9,
235,2026-09-02,14:22:31.31937,32.24087,,2625,38,,0,13.75,776,34.5098039215686,0,44,14.6,-40,,0,4.296875,0,,,,,,,,,,,,2.07018,68.75,1.171875,0,0,4.296875,-11,14.7,24,
236,2026-09-02,14:22:31.49151,32.41297,,2625,38,,0,13.125,777,33.3333333333333,0,45,14.3,-40,,0,4.296875,0,,,,,,,,,,,,2.07018,62.5,0.78125,0,0,4.296875,-11,14.7,14,
237,2026-09-02,14:22:31.63223,32.56074,,2625,38,,0,12.8125,777,32.9411764705882,0,45,14.2,-40,,0,4.296875,0,,,,,,,,,,,,2.07018,62.5,0.1953125,0,0,4.296875,-11,14.7,2,
238,2026-09-02,14:22:31.74195,32.67512,,2625,38,,0,12.8125,776,32.156862745098,0,45,14.6,-40,,0,4.296875,0,,,,,,,,,,,,2.08971,62.5,0,0,0,4.296875,-11,14.7,13,
239,2026-09-02,14:22:31.89822,32.82302,,2656.25,40,,0,12.8125,777,32.5490196078431,0,44,14.8,-40,,0,4.296875,0,,,,,,,,,,,,2.08971,68.75,-0.5859375,0,0,4.296875,-11,14.7,36,
240,2026-09-02,14:22:32.02362,32.95529,,2656.25,40,,0,12.8125,777,32.5490196078431,0,44,15.1,-40,,0,4.296875,0,,,,,,,,,,,,2.10924,68.75,-0.5859375,0,0,4.296875,-11,14.7,10,
241,2026-09-02,14:22:32.13295,33.06493,,2656.25,40,,0,13.125,777,32.9411764705882,0,44,15.4,-40,,0,4.296875,0,,,,,,,,,,,,2.28501,75,-0.5859375,0,0,4.296875,-11,14.7,16,
242,2026-09-02,14:22:32.28998,33.21976,,2687.5,40,,0,16.875,776,38.8235294117647,0,41,15.3,-40,,0,4.296875,0,,,,,,,,,,,,2.55843,106.25,0.1953125,0,0,4.296875,-11,14.7,18,
243,2026-09-02,14:22:32.44606,33.36935,,2750,40,,0,23.4375,777,52.5490196078431,0,33,14.5,-40,,0,4.296875,0,,,,,,,,,,,,2.51937,125,0.78125,0,0,4.296875,-10,14.7,6,
244,2026-09-02,14:22:32.60301,33.53416,,2750,40,,2,24.0625,777,55.6862745098039,0,31,14.2,-40,,0,4.296875,0,,,,,,,,,,,,2.5389,131.25,0.1953125,0,0,4.296875,-10,14.7,5,
245,2026-09-02,14:22:32.72818,33.65401,,2812.5,40,,2,24.0625,777,56.4705882352941,0,31,15.4,-40,,0,4.296875,0,,,,,,,,,,,,2.59749,137.5,-0.1953125,0,0,4.296875,-10,14.7,18,
246,2026-09-02,14:22:32.93102,33.86365,,2843.75,40,,2,26.25,777,60.3921568627451,0,29,15.4,-40,,0,4.296875,0,,,,,,,,,,,,2.77326,168.75,0.9765625,0,0,4.296875,-10,14.7,16,
247,2026-09-02,14:22:33.04154,33.96872,,2906.25,40,,2,29.6875,777,66.2745098039216,0,26,14.8,-40,,0,4.296875,0,,,,,,,,,,,,2.75373,168.75,1.7578125,0,0,4.296875,-10,14.7,19,
248,2026-09-02,14:22:33.19811,34.12278,,2937.5,40,,2,30,777,66.2745098039216,0,27,14.9,-40,,0,4.296875,0,,,,,,,,,,,,2.63655,175,2.34375,0,0,4.296875,-11,14.7,16,
249,2026-09-02,14:22:33.35442,34.27265,,3000,44,,1,30,777,66.2745098039216,0,27,14.5,-40,,0,4.296875,0,,,,,,,,,,,,2.7342,175,3.515625,0,0,4.296875,-10,14.7,8,
250,2026-09-02,14:22:33.46426,34.38505,,3062.5,44,,1,29.6875,777,66.2745098039216,0,27,14.2,-40,,0,4.296875,0,,,,,,,,,,,,2.69514,181.25,3.515625,0,0,4.296875,-10,14.7,8,
251,2026-09-02,14:22:33.60502,34.52765,,3125,44,,1,29.6875,777,65.8823529411765,0,25,14.4,-40,,0,4.296875,0,,,,,,,,,,,,2.85138,200,2.9296875,0,0,4.296875,-10,14.7,7,
252,2026-09-02,14:22:33.73000,34.6572,,3187.5,44,,1,34.0625,777,72.5490196078431,0,22,14.7,-40,,0,4.296875,0,,,,,,,,,,,,3.04668,212.5,2.5390625,0,0,4.296875,-10,14.7,10,
253,2026-09-02,14:22:33.88693,34.80676,,3218.75,44,,1,34.375,777,72.5490196078431,0,22,14.4,-40,,0,4.296875,0,,,,,,,,,,,,3.02715,218.75,2.1484375,0,0,4.296875,-10,14.7,13,
254,2026-09-02,14:22:34.02799,34.94895,,3312.5,50,,0,34.0625,777,72.9411764705882,0,23,14.6,-40,,0,4.296875,0,,,,,,,,,,,,2.90997,218.75,1.7578125,0,0,4.296875,-10,14.7,13,
255,2026-09-02,14:22:34.16832,35.09752,,3343.75,50,,0,33.4375,777,71.3725490196078,0,25,14.8,-40,,0,4.296875,0,,,,,,,,,,,,2.90997,200,1.7578125,0,0,4.296875,-10,14.7,23,
256,2026-09-02,14:22:34.34116,35.26627,,3437.5,50,,2,30.9375,777,67.843137254902,0,25,15.1,-40,,0,4.296875,0,,,,,,,,,,,,2.94903,206.25,2.1484375,0,0,4.296875,-10,14.7,31,
257,2026-09-02,14:22:34.49782,35.41853,,3500,50,,2,30.625,777,67.0588235294118,0,26,14.3,-40,,0,4.296875,0,,,,,,,,,,,,3.02715,212.5,2.5390625,0,0,4.296875,-10,14.7,35,
258,2026-09-02,14:22:34.60760,35.54054,,3531.25,50,,2,31.25,777,67.0588235294118,0,25,14.5,-40,,0,4.296875,0,,,,,,,,,,,,2.83185,212.5,2.1484375,0,0,4.296875,-10,14.7,1,
259,2026-09-02,14:22:34.74779,35.66595,,3562.5,52,,2,31.25,777,66.6666666666667,0,25,14.6,-40,,0,4.296875,0,,,,,,,,,,,,3.10527,218.75,1.7578125,0,0,4.296875,-10,14.7,19,
260,2026-09-02,14:22:34.87331,35.79857,,3656.25,52,,1,31.25,777,65.8823529411765,0,25,14.4,-40,,0,4.296875,0,,,,,,,,,,,,2.71467,218.75,1.3671875,0,0,4.296875,-10,14.7,27,
261,2026-09-02,14:22:35.06178,35.98254,,3656.25,52,,1,31.25,777,65.0980392156863,0,25,14.4,-40,,0,4.296875,0,,,,,,,,,,,,2.89044,225,0.9765625,0,0,4.296875,-10,14.7,24,
262,2026-09-02,14:22:35.17066,36.09516,,3656.25,52,,1,31.25,777,65.0980392156863,0,25,14.6,-40,,0,4.296875,0,,,,,,,,,,,,2.90997,225,0.5859375,0,0,4.296875,-10,14.7,35,
263,2026-09-02,14:22:35.34253,36.26733,,3750,52,,1,31.5625,776,65.0980392156863,0,25,14.5,-40,,0,4.296875,0,,,,,,,,,,,,3.08574,231.25,0,0,0,4.296875,-10,14.7,23,
264,2026-09-02,14:22:35.53072,36.45423,,3781.25,56,,1,32.1875,776,65.4901960784314,0,24,14.9,-40,,0,4.296875,0,,,,,,,,,,,,3.10527,262.5,0,0,0,4.296875,-10,14.7,2,
265,2026-09-02,14:22:35.64056,36.5644,,3875,56,,0,36.875,777,71.7647058823529,0,22,14.3,-40,,0,4.296875,0,,,,,,,,,,,,3.1248,281.25,0.5859375,0,0,4.296875,-10,14.7,41,
266,2026-09-02,14:22:35.76599,36.6994,,3906.25,56,,0,37.1875,777,71.7647058823529,0,21,14.3,-40,,0,4.296875,0,,,,,,,,,,,,3.33963,287.5,0.9765625,0,0,4.296875,-10,14.7,27,
267,2026-09-02,14:22:35.92201,36.84892,,3937.5,56,,0,38.125,777,72.9411764705882,0,20,14.3,-40,,0,4.296875,0,,,,,,,,,,,,3.16386,293.75,0,0,0,4.296875,-10,12.544,31,
268,2026-09-02,14:22:36.07909,37.00365,,4000,56,,0,38.4375,777,72.9411764705882,0,22,14.1,-40,,0,4.296875,0,,,,,,,,,,,,3.26151,306.25,0,0,0,4.296875,-10,12.544,9,
269,2026-09-02,14:22:36.18801,37.11342,,4062.5,60,,0,38.4375,776,71.7647058823529,0,22,13,-40,,0,4.296875,0,,,,,,,,,,,,3.14433,293.75,0,0,0,4.296875,-10,12.7135135135135,37,
270,2026-09-02,14:22:36.34495,37.26629,,4125,60,,0,35.3125,777,65.0980392156863,0,25,12.7,-40,,0,4.296875,0,,,,,,,,,,,,2.94903,243.75,0,0,0,4.296875,-10,13.536690647482,8,
271,2026-09-02,14:22:36.46980,37.39804,,4125,60,,0,28.125,776,54.9019607843137,0,27,12.3,-40,,0,4.296875,0,,,,,,,,,,,,2.57796,200,-0.390625,0,0,4.296875,-10,14.7,33,
272,2026-09-02,14:22:36.62680,37.55013,,4187.5,60,,0,17.5,777,35.2941176470588,0,23,14.1,-40,,0,4.296875,0,,,,,,,,,,,,1.79676,87.5,-0.9765625,0,0,4.296875,-10,14.7,15,
273,2026-09-02,14:22:36.73593,37.66763,,4031.25,60,,0,6.5625,777,16.078431372549,0,22,15.3,-40,,0,4.296875,0,,,,,,,,,,,,1.77723,37.5,0,0,0,4.296875,-10,14.7,6,
274,2026-09-02,14:22:36.89323,37.81191,,3906.25,62,,0,4.375,776,13.3333333333333,0,19,14.8,-40,,0,4.296875,0,,,,,,,,,,,,1.67958,31.25,0,0,0,4.296875,-10,14.7,20,
275,2026-09-02,14:22:37.01821,37.94227,,3656.25,62,,0,4.0625,777,13.7254901960784,0,16,15.3,-40,,0,4.296875,0,,,,,,,,,,,,1.69911,25,0,0,0,4.296875,-10,14.7,23,
276,2026-09-02,14:22:37.17404,38.09701,,3406.25,62,,0,4.0625,777,14.5098039215686,0,12,16.1,-40,,0,4.296875,0,,,,,,,,,,,,1.67958,25,0,0,0,4.296875,-10,14.7,12,
277,2026-09-02,14:22:37.33141,38.2513,,3125,62,,0,4.375,777,15.6862745098039,0,7,16.2,-40,,0,4.296875,0,,,,,,,,,,,,1.64052,25,0,0,0,4.296875,-10,14.7,25,
278,2026-09-02,14:22:37.48742,38.40616,,2812.5,62,,0,4.6875,777,16.8627450980392,0,2,17.7,-40,,0,4.296875,0,,,,,,,,,,,,1.66005,25,0,0,0,4.296875,-10,14.7,20,
279,2026-09-02,14:22:37.61309,38.53576,,2531.25,62,,0,5,776,16.078431372549,0,-2,17.3,-40,,0,4.296875,0,,,,,,,,,,,,1.64052,25,0,0,0,4.296875,-10,14.7,15,
280,2026-09-02,14:22:37.75422,38.68066,,2312.5,62,,0,5.3125,777,15.6862745098039,0,-2,17.8,-40,,0,4.296875,0,,,,,,,,,,,,1.5624,25,0,0,0,4.296875,-10,14.7,24,
281,2026-09-02,14:22:37.91046,38.84025,,2093.75,62,,0,10.3125,777,21.5686274509804,0,41,17.7,-40,,0,4.296875,0,,,,,,,,,,,,2.30454,75,0.390625,0,0,4.296875,-10,14.7,3,
282,2026-09-02,14:22:38.02036,38.95008,,2343.75,62,,0,20,777,38.8235294117647,0,34,14.2,-40,,0,4.296875,0,,,,,,,,,,,,2.05065,87.5,0.9765625,0,0,4.296875,-10,14.7,10,
283,2026-09-02,14:22:38.17658,39.09985,,2687.5,62,,0,15.3125,777,33.3333333333333,0,37,12.5,-40,,0,4.296875,0,,,,,,,,,,,,1.93347,68.75,0.9765625,0,0,4.296875,-10,14.7,3,
284,2026-09-02,14:22:38.30208,39.22957,,2906.25,60,,0,12.1875,777,30.9803921568627,0,43,12.6,-40,,0,4.296875,0,,,,,,,,,,,,2.1483,68.75,0.5859375,0,0,4.296875,-10,14.7,10,
285,2026-09-02,14:22:38.45829,39.38463,,2812.5,60,,0,13.75,777,33.3333333333333,0,43,14.5,-40,,0,4.296875,0,,,,,,,,,,,,2.40219,87.5,0,0,0,4.296875,-10,14.7,14,
286,2026-09-02,14:22:38.59943,39.52326,,2906.25,60,,0,17.8125,777,40.7843137254902,0,41,15.2,-40,,0,4.296875,0,,,,,,,,,,,,2.1483,93.75,-0.5859375,0,0,4.296875,-10,14.7,41,
287,2026-09-02,14:22:38.78742,39.71136,,2812.5,60,,0,14.0625,777,32.9411764705882,0,43,14.6,-40,,0,4.296875,0,,,,,,,,,,,,1.73817,50,0.1953125,0,0,4.296875,-10,14.7,11,
288,2026-09-02,14:22:38.89678,39.82872,,2812.5,60,,0,7.8125,777,24.7058823529412,0,23,14.3,-40,,0,4.296875,0,,,,,,,,,,,,1.953,43.75,-0.1953125,0,0,4.296875,-10,14.7,6,
289,2026-09-02,14:22:39.06920,39.99845,,2812.5,60,,0,8.75,776,25.0980392156863,0,37,14.7,-40,,0,4.296875,0,,,,,,,,,,,,1.89441,50,-0.5859375,0,0,4.296875,-10,14.7,8,
290,2026-09-02,14:22:39.22537,40.14333,,2875,60,,0,7.8125,776,22.7450980392157,0,21,15.3,-40,,0,4.296875,0,,,,,,,,,,,,1.58193,31.25,-0.78125,0,0,4.296875,-10,14.7,2,
291,2026-09-02,14:22:39.36650,40.29287,,2750,60,,0,5,776,17.6470588235294,0,2,15.8,-40,,0,4.296875,0,,,,,,,,,,,,1.54287,25,0,0,0,4.296875,-10,14.7,35,
292,2026-09-02,14:22:39.52329,40.44773,,2875,60,,0,4.0625,776,16.078431372549,0,3,16.8,-40,,0,4.296875,0,,,,,,,,,,,,1.953,31.25,0,0,0,4.296875,-10,14.7,30,
293,2026-09-02,14:22:39.67955,40.60751,,2843.75,60,,0,9.375,776,25.0980392156863,0,43,16.4,-40,,0,4.296875,0,,,,,,,,,,,,2.32407,68.75,0.78125,0,0,4.296875,-10,14.7,8,
294,2026-09-02,14:22:39.83571,40.75729,,2812.5,60,,0,20,777,43.5294117647059,0,40,17.2,-40,,0,4.296875,0,,,,,,,,,,,,2.55843,125,1.5625,0,0,4.296875,-10,14.7,11,
295,2026-09-02,14:22:40.00781,40.92984,,2875,60,,0,27.1875,777,58.0392156862745,0,29,13.8,-40,,0,4.296875,0,,,,,,,,,,,,3.10527,206.25,2.1484375,0,0,4.296875,-10,14.7,9,
296,2026-09-02,14:22:40.17940,41.11226,,2937.5,60,,0,39.375,777,78.8235294117647,0,18,13.6,-40,,0,4.296875,0,,,,,,,,,,,,3.18339,231.25,0,0,0,4.296875,-10,12.7135135135135,22,
297,2026-09-02,14:22:40.32104,41.25191,,2968.75,64,,0,40.3125,777,80,0,22,13.6,-40,,0,4.296875,0,,,,,,,,,,,,3.14433,231.25,0,0,0,4.296875,-10,12.8,23,
298,2026-09-02,14:22:40.44631,41.37164,,2968.75,64,,0,40,777,80,0,22,13.1,-40,,0,4.296875,0,,,,,,,,,,,,3.04668,237.5,0,0,0,4.296875,-10,12.8,19,
299,2026-09-02,14:22:40.58719,41.51666,,3031.25,64,,0,39.6875,777,80.3921568627451,0,22,13.5,-40,,0,4.296875,0,,,,,,,,,,,,2.65608,237.5,0,0,0,4.296875,-10,12.8,3,
300,2026-09-02,14:22:40.71264,41.63107,,3062.5,64,,0,40,777,80.3921568627451,0,22,13.3,-40,,0,4.296875,0,,,,,,,,,,,,3.3201,237.5,0,0,0,4.296875,-10,12.8,12,
301,2026-09-02,14:22:40.83773,41.76113,,3093.75,64,,0,40.3125,776,80.3921568627451,0,22,13.4,-40,,0,4.296875,0,,,,,,,,,,,,3.39822,243.75,0,0,0,4.296875,-10,12.8,14,
302,2026-09-02,14:22:40.94755,41.87094,,3125,64,,0,40.3125,777,80.3921568627451,0,22,13.3,-40,,0,4.296875,0,,,,,,,,,,,,2.3436,243.75,0,0,0,4.296875,-10,12.8,1,
303,2026-09-02,14:22:41.05646,41.98578,,3156.25,68,,0,40.3125,776,80.3921568627451,0,22,13.2,-40,,0,4.296875,0,,,,,,,,,,,,2.38266,243.75,0,0,0,4.296875,-10,12.8,10,
304,2026-09-02,14:22:41.22830,42.15542,,3187.5,68,,0,40,777,80.3921568627451,0,23,13.5,-40,,0,4.296875,0,,,,,,,,,,,,3.49587,250,0,0,0,4.296875,-10,12.8,13,
305,2026-09-02,14:22:41.33861,42.26534,,3250,68,,0,40,777,80.3921568627451,0,23,13.3,-40,,0,4.296875,0,,,,,,,,,,,,2.48031,256.25,0,0,0,4.296875,-10,12.8,7,
306,2026-09-02,14:22:41.49487,42.42005,,3250,68,,0,40,776,80.3921568627451,0,22,13.3,-40,,0,4.296875,0,,,,,,,,,,,,2.49984,256.25,0,0,0,4.296875,-10,12.8,12,
307,2026-09-02,14:22:41.63640,42.55837,,3312.5,68,,0,39.6875,777,80.3921568627451,0,23,13,-40,,0,4.296875,0,,,,,,,,,,,,3.49587,256.25,0,0,0,4.296875,-10,12.8,11,
308,2026-09-02,14:22:41.80874,42.72949,,3343.75,72,,0,39.6875,777,80.3921568627451,0,23,13.3,-40,,0,4.296875,0,,,,,,,,,,,,2.87091,262.5,0,0,0,4.296875,-10,12.8,5,
309,2026-09-02,14:22:41.93364,42.86437,,3406.25,72,,0,39.6875,777,80,0,22,13,-40,,0,4.296875,0,,,,,,,,,,,,2.98809,262.5,0,0,0,4.296875,-10,12.8,17,
310,2026-09-02,14:22:42.07491,42.99898,,3406.25,72,,0,39.6875,777,80,0,22,13.1,-40,,0,4.296875,0,,,,,,,,,,,,2.5389,268.75,0,0,0,4.296875,-10,12.8,11,
311,2026-09-02,14:22:42.20001,43.12888,,3468.75,72,,0,40.3125,776,80,0,23,12.9,-40,,0,4.296875,0,,,,,,,,,,,,3.24198,275,0,0,0,4.296875,-10,12.6281879194631,19,
312,2026-09-02,14:22:42.30936,43.23873,,3500,72,,0,40.9375,777,80,0,23,13,-40,,0,4.296875,0,,,,,,,,,,,,2.81232,281.25,0,0,0,4.296875,-10,12.544,4,
313,2026-09-02,14:22:42.48077,43.41352,,3531.25,76,,0,40.9375,777,80,0,23,12.8,-40,,0,4.296875,0,,,,,,,,,,,,3.57399,281.25,0,0,0,4.296875,-10,12.6281879194631,6,
314,2026-09-02,14:22:42.59094,43.52313,,3593.75,76,,0,40.3125,777,79.6078431372549,0,23,12.8,-40,,0,4.296875,0,,,,,,,,,,,,3.67164,275,0,0,0,4.296875,-10,12.8,25,
315,2026-09-02,14:22:42.73149,43.66313,,3593.75,76,,0,39.0625,776,79.6078431372549,0,22,13.1,-40,,0,4.296875,0,,,,,,,,,,,,2.83185,268.75,-0.1953125,0,0,4.296875,-10,14.0417910447761,8,
316,2026-09-02,14:22:42.84190,43.76802,,3625,76,,0,38.125,777,79.2156862745098,0,24,14.5,-40,,0,4.296875,0,,,,,,,,,,,,3.1248,268.75,-0.5859375,0,0,4.296875,-10,14.7,24,
317,2026-09-02,14:22:42.96685,43.89771,,3656.25,76,,0,38.125,777,79.2156862745098,0,24,16.5,-40,,0,4.296875,0,,,,,,,,,,,,2.44125,275,-0.9765625,0,0,4.296875,-10,14.7,0,
318,2026-09-02,14:22:43.09208,44.02227,,3687.5,76,,0,38.75,777,79.2156862745098,0,23,16.8,-40,,0,4.296875,0,,,,,,,,,,,,3.02715,281.25,-0.9765625,0,0,4.296875,-10,14.7,1,
319,2026-09-02,14:22:43.26391,44.19726,,3718.75,80,,0,38.75,777,78.4313725490196,0,23,16.4,-40,,0,4.296875,0,,,,,,,,,,,,2.38266,281.25,-0.1953125,0,0,4.296875,-10,14.7,32,
320,2026-09-02,14:22:43.37382,44.30209,,3781.25,80,,0,40,777,78.4313725490196,0,25,16.3,-40,,0,4.296875,0,,,,,,,,,,,,3.45681,293.75,0,0,0,4.296875,-10,12.544,40,
321,2026-09-02,14:22:43.54662,44.47164,,3781.25,80,,4,40,776,77.2549019607843,0,22,16.1,-40,,0,4.296875,0,,,,,,,,,,,,3.28104,293.75,0,0,0,4.296875,-10,12.544,4,
322,2026-09-02,14:22:43.70299,44.62496,,3812.5,80,,4,40.3125,777,76.078431372549,0,21,13.5,-40,,0,4.296875,0,,,,,,,,,,,,3.18339,300,0,0,0,4.296875,-10,12.544,13,
323,2026-09-02,14:22:43.87437,44.79631,,3875,80,,4,39.0625,777,73.7254901960784,0,22,12.8,-40,,0,4.296875,0,,,,,,,,,,,,3.41775,293.75,0,0,0,4.296875,-10,12.6281879194631,45,
324,2026-09-02,14:22:43.99931,44.9311,,3906.25,82,,3,38.75,777,72.9411764705882,0,23,12.7,-40,,0,4.296875,0,,,,,,,,,,,,3.18339,293.75,0,0,0,4.296875,-10,12.6281879194631,8,
325,2026-09-02,14:22:44.14100,45.07058,,3937.5,82,,3,39.0625,776,73.3333333333333,0,22,13.1,-40,,0,4.296875,0,,,,,,,,,,,,3.20292,300,0,0,0,4.296875,-10,12.544,17,
326,2026-09-02,14:22:44.26614,45.19565,,3968.75,82,,3,39.0625,776,73.3333333333333,0,22,12.9,-40,,0,4.296875,0,,,,,,,,,,,,3.43728,306.25,0,0,0,4.296875,-10,12.4609271523179,38,
327,2026-09-02,14:22:44.40719,45.34023,,4000,82,,3,39.6875,777,74.5098039215686,0,21,12.7,-40,,0,4.296875,0,,,,,,,,,,,,3.45681,312.5,0,0,0,4.296875,-10,12.3789473684211,2,
328,2026-09-02,14:22:44.54774,45.48029,,4031.25,82,,3,40.625,776,76.078431372549,0,21,13.3,-40,,0,4.296875,0,,,,,,,,,,,,3.3201,325,0,0,0,4.296875,-10,12.2980392156863,9,
329,2026-09-02,14:22:44.65708,45.58961,,4062.5,86,,3,41.875,776,77.2549019607843,0,20,13,-40,,0,4.296875,0,,,,,,,,,,,,3.06621,337.5,0,0,0,4.296875,-10,12.2181818181818,4,
330,2026-09-02,14:22:44.81412,45.73945,,4093.75,86,,2,43.125,776,78.8235294117647,0,20,13.1,-40,,0,4.296875,0,,,,,,,,,,,,3.02715,356.25,0,0,0,4.296875,-10,12.1393548387097,0,
331,2026-09-02,14:22:44.98616,45.90854,,4125,86,,2,44.6875,777,79.6078431372549,0,19,12.7,-40,,0,4.296875,0,,,,,,,,,,,,3.57399,368.75,0,0,0,4.296875,-10,12.0615384615385,0,
332,2026-09-02,14:22:45.15753,46.07949,,4187.5,86,,2,46.25,777,79.6078431372549,0,18,12.8,-40,,0,4.296875,0,,,,,,,,,,,,3.28104,381.25,0,0,0,4.296875,-10,11.9847133757962,13,
333,2026-09-02,14:22:45.29890,46.22345,,4250,90,,2,47.1875,777,79.6078431372549,0,18,12.7,-40,,0,4.296875,0,,,,,,,,,,,,3.65211,387.5,0,0,0,4.296875,-10,11.9847133757962,33,
334,2026-09-02,14:22:45.43951,46.36878,,4281.25,90,,2,47.5,777,79.2156862745098,0,19,12.5,-40,,0,4.296875,0,,,,,,,,,,,,3.1248,393.75,0,0,0,4.296875,-10,11.9847133757962,0,
335,2026-09-02,14:22:45.59577,46.51865,,4312.5,90,,1,45.3125,777,76.4705882352941,0,21,12.5,-40,,0,4.296875,0,,,,,,,,,,,,3.06621,318.75,0,0,0,4.296875,-10,12.7135135135135,13,
336,2026-09-02,14:22:45.72071,46.64331,,4312.5,90,,1,32.5,776,55.2941176470588,0,27,11.6,-40,,0,4.296875,0,,,,,,,,,,,,2.49984,193.75,0,0,0,4.296875,-10,14.0417910447761,30,
337,2026-09-02,14:22:45.84685,46.7727,,4343.75,90,,0,18.4375,777,35.2941176470588,0,28,12.2,-40,,0,4.296875,0,,,,,,,,,,,,2.46078,137.5,-0.5859375,0,0,4.296875,-10,14.7,8,
338,2026-09-02,14:22:45.98729,46.91271,,4343.75,92,,0,15.3125,776,30.1960784313725,0,23,13.2,-40,,0,4.296875,0,,,,,,,,,,,,2.24595,118.75,-1.3671875,0,0,4.296875,-10,14.7,15,
339,2026-09-02,14:22:46.14416,47.0675,,4343.75,92,,0,11.25,776,22.3529411764706,0,23,14,-40,,0,4.296875,0,,,,,,,,,,,,2.03112,75,-2.1484375,0,0,4.296875,-10,14.7,1,
340,2026-09-02,14:22:46.30048,47.22569,,4281.25,92,,0,7.5,776,16.8627450980392,0,23,14.4,-40,,0,4.296875,0,,,,,,,,,,,,1.953,56.25,-2.9296875,0,0,4.296875,-10,14.7,7,
341,2026-09-02,14:22:46.44138,47.37181,,4312.5,92,,0,6.5625,776,15.6862745098039,0,23,15.2,-40,,0,4.296875,0,,,,,,,,,,,,1.99206,56.25,-3.90625,0,0,4.296875,-11,14.7,24,
342,2026-09-02,14:22:46.56723,47.49706,,4312.5,92,,0,6.5625,776,15.6862745098039,0,23,16.2,-40,,0,4.296875,0,,,,,,,,,,,,1.85535,50,-4.4921875,0,0,4.296875,-10,13.44,16,
343,2026-09-02,14:22:46.67654,47.60158,,4281.25,92,,0,5,776,12.5490196078431,0,23,15.9,-40,,0,4.296875,0,,,,,,,,,,,,1.52334,31.25,0,0,0,4.296875,-10,13.3446808510638,23,
344,2026-09-02,14:22:46.82342,47.7489,,4281.25,92,,0,3.125,776,11.3725490196078,0,23,15.7,-40,,0,4.296875,0,,,,,,,,,,,,1.50381,18.75,0,0,0,4.296875,-11,13.44,31,
345,2026-09-02,14:22:46.99547,47.91631,,4250,92,,0,2.5,776,10.5882352941176,0,23,16.6,-40,,0,4.296875,0,,,,,,,,,,,,1.5624,18.75,0,0,0,4.296875,-11,13.536690647482,22,
346,2026-09-02,14:22:47.11464,48.04614,,4250,92,,0,2.1875,776,10.5882352941176,0,23,16.1,-40,,0,4.296875,0,,,,,,,,,,,,1.52334,18.75,0,0,0,4.296875,-10,13.6347826086957,28,
347,2026-09-02,14:22:47.22396,48.15571,,4218.75,92,,0,2.1875,776,10.5882352941176,0,23,15.7,-40,,0,4.296875,0,,,,,,,,,,,,1.54287,18.75,0,0,0,4.296875,-11,13.536690647482,8,
348,2026-09-02,14:22:47.38090,48.30545,,4218.75,92,,0,2.1875,777,10.1960784313725,0,23,15.6,-40,,0,4.296875,0,,,,,,,,,,,,1.5624,18.75,0,0,0,4.296875,-11,13.7343065693431,22,
349,2026-09-02,14:22:47.52110,48.45052,,4187.5,90,,0,2.1875,776,10.1960784313725,0,23,15.3,-40,,0,4.296875,0,,,,,,,,,,,,1.48428,18.75,0,0,0,4.296875,-11,13.8352941176471,22,
350,2026-09-02,14:22:47.66228,48.5879,,4156.25,90,,0,2.1875,776,10.1960784313725,0,23,17.2,-40,,0,4.296875,0,,,,,,,,,,,,1.42569,12.5,0,0,0,4.296875,-11,13.9377777777778,17,
351,2026-09-02,14:22:47.82007,48.74235,,4156.25,90,,0,1.875,776,9.80392156862745,0,23,21.2,-40,,0,4.296875,0,,,,,,,,,,,,1.50381,12.5,0,0,0,4.296875,-11,13.9377777777778,7,
352,2026-09-02,14:22:47.92970,48.8593,,4156.25,90,,0,1.875,776,9.80392156862745,0,23,32.1,-40,,0,4.296875,0,,,,,,,,,,,,1.40616,12.5,0,0,0,4.296875,-11,14.1473684210526,13,
353,2026-09-02,14:22:48.05484,48.97906,,4125,90,,0,1.875,776,9.80392156862745,0,22,39.3,-40,,0,4.296875,0,,,,,,,,,,,,1.40616,12.5,0,0,0,4.296875,-11,14.1473684210526,3,
354,2026-09-02,14:22:48.21107,49.12948,,4093.75,88,,0,1.5625,776,9.41176470588235,0,22,50.4,-40,,0,4.296875,0,,,,,,,,,,,,1.3671,12.5,0,0,0,4.296875,-11,14.1473684210526,14,
355,2026-09-02,14:22:48.35219,49.27641,,4125,88,,0,3.125,776,11.3725490196078,0,22,60.9,-40,,0,4.296875,0,,,,,,,,,,,,1.79676,31.25,0,0,0,4.296875,-11,14.363358778626,11,
356,2026-09-02,14:22:48.49304,49.4189,,4062.5,88,,0,4.6875,776,14.1176470588235,0,22,78.5,-40,,0,4.296875,0,,,,,,,,,,,,1.77723,37.5,0,0,0,4.296875,-11,14.363358778626,16,
357,2026-09-02,14:22:48.61863,49.54881,,4062.5,88,,0,4.375,776,14.1176470588235,0,22,91.3,-40,,0,4.296875,0,,,,,,,,,,,,1.81629,31.25,0,0,0,4.296875,-11,14.4738461538462,10,
358,2026-09-02,14:22:48.75889,49.68866,,4031.25,88,,0,4.375,776,14.5098039215686,0,22,96,-40,,0,4.296875,0,,,,,,,,,,,,1.79676,37.5,0,0,0,4.296875,-11,14.4738461538462,4,
359,2026-09-02,14:22:48.90015,49.81831,,4031.25,86,,0,4.375,777,14.5098039215686,0,22,99.9,-40,,0,4.296875,0,,,,,,,,,,,,1.77723,37.5,0,0,0,4.296875,-11,14.5860465116279,10,
360,2026-09-02,14:22:49.02517,49.94809,,4000,86,,0,4.375,776,14.1176470588235,0,22,99.9,-40,,0,4.296875,0,,,,,,,,,,,,1.79676,31.25,0,0,0,4.296875,-11,14.7,3,
361,2026-09-02,14:22:49.16640,50.09786,,4000,86,,0,4.375,776,14.1176470588235,0,22,99.9,-40,,0,4.296875,0,,,,,,,,,,,,1.7577,31.25,0,0,0,4.296875,-11,14.7,7,
362,2026-09-02,14:22:49.27569,50.20713,,3968.75,86,,0,4.375,776,14.1176470588235,0,22,99.9,-40,,0,4.296875,0,,,,,,,,,,,,1.7577,31.25,0,0,0,4.296875,-11,14.4738461538462,10,
363,2026-09-02,14:22:49.41648,50.34116,,4031.25,86,,0,4.375,776,14.1176470588235,0,22,99.9,-40,,0,4.296875,0,,,,,,,,,,,,1.7577,31.25,0,0,0,4.296875,-11,14.7,7,
364,2026-09-02,14:22:49.60481,50.52884,,3906.25,84,,0,4.375,776,14.1176470588235,0,20,99.9,-40,,0,4.296875,0,,,,,,,,,,,,1.73817,31.25,0,0,0,4.296875,-11,14.7,5,
365,2026-09-02,14:22:49.74545,50.67635,,3968.75,84,,0,4.375,776,14.1176470588235,0,21,99.9,-40,,0,4.296875,0,,,,,,,,,,,,1.79676,31.25,0,0,0,4.296875,-11,14.7,11,
366,2026-09-02,14:22:49.91781,50.8463,,3906.25,84,,0,4.375,776,14.1176470588235,0,21,99.9,-40,,0,4.296875,0,,,,,,,,,,,,1.83582,31.25,0,0,0,4.296875,-11,14.7,19,
367,2026-09-02,14:22:50.04278,50.96336,,3875,84,,0,4.375,776,14.1176470588235,0,20,99.9,-40,,0,4.296875,0,,,,,,,,,,,,1.77723,31.25,0,0,0,4.296875,-11,14.7,11,
368,2026-09-02,14:22:50.19953,51.13075,,3906.25,84,,0,4.375,776,14.1176470588235,0,20,99.9,-40,,0,4.296875,0,,,,,,,,,,,,1.71864,31.25,0,0,0,4.296875,-11,14.7,16,
369,2026-09-02,14:22:50.30940,51.24047,,3875,84,,0,4.375,776,14.1176470588235,0,20,99.9,-40,,0,4.296875,0,,,,,,,,,,,,1.73817,31.25,0,0,0,4.296875,-11,14.7,27,
370,2026-09-02,14:22:50.43440,51.36519,,3843.75,84,,0,4.375,776,14.1176470588235,0,19,99.9,-40,,0,4.296875,0,,,,,,,,,,,,1.77723,31.25,0,0,0,4.296875,-11,14.7,17,
371,2026-09-02,14:22:50.57558,51.49825,,3843.75,84,,0,4.375,776,14.1176470588235,0,20,99.9,-40,,0,4.296875,0,,,,,,,,,,,,1.7577,31.25,0,0,0,4.296875,-11,14.7,14,
372,2026-09-02,14:22:50.71613,51.63989,,3843.75,84,,0,4.375,776,14.1176470588235,0,19,99.9,-40,,0,4.296875,0,,,,,,,,,,,,1.7577,31.25,0,0,0,4.296875,-11,14.7,21,
373,2026-09-02,14:22:50.82603,51.75491,,3812.5,84,,0,4.375,776,14.1176470588235,0,19,99.9,-40,,0,4.296875,0,,,,,,,,,,,,1.67958,31.25,0,0,0,4.296875,-11,14.7,51,
374,2026-09-02,14:22:50.93542,51.86448,,3781.25,82,,0,4.375,776,14.1176470588235,0,18,99.9,-40,,0,4.296875,0,,,,,,,,,,,,1.67958,31.25,0,0,0,4.296875,-11,14.7,22,
375,2026-09-02,14:22:51.07655,51.99451,,3750,82,,0,4.0625,776,14.1176470588235,0,19,99.9,-40,,0,4.296875,0,,,,,,,,,,,,1.77723,31.25,0,0,0,4.296875,-11,14.7,14,
376,2026-09-02,14:22:51.20153,52.12683,,3750,82,,0,4.0625,776,14.1176470588235,0,18,99.9,-40,,0,4.296875,0,,,,,,,,,,,,1.67958,31.25,0,0,0,4.296875,-11,14.7,13,
377,2026-09-02,14:22:51.32706,52.25377,,3750,82,,0,4.0625,776,14.1176470588235,0,18,99.9,-40,,0,4.296875,0,,,,,,,,,,,,1.7577,31.25,0,0,0,4.296875,-11,14.7,40,
378,2026-09-02,14:22:51.45204,52.3788,,3687.5,82,,0,4.0625,776,14.5098039215686,0,17,99.9,-40,,0,4.296875,0,,,,,,,,,,,,1.79676,31.25,0,0,0,4.296875,-11,14.7,2,
379,2026-09-02,14:22:51.56191,52.48873,,3656.25,82,,0,4.375,776,14.5098039215686,0,17,99.9,-40,,0,4.296875,0,,,,,,,,,,,,1.64052,31.25,0,0,0,4.296875,-11,14.7,36,
380,2026-09-02,14:22:51.67127,52.60387,,3656.25,78,,0,4.0625,776,14.5098039215686,0,16,99.9,-40,,0,4.296875,0,,,,,,,,,,,,1.73817,31.25,0,0,0,4.296875,-11,14.7,25,
381,2026-09-02,14:22:51.78063,52.71366,,3656.25,78,,0,4.0625,776,14.5098039215686,0,17,99.9,-40,,0,4.296875,0,,,,,,,,,,,,1.71864,31.25,0,0,0,4.296875,-11,14.7,24,
382,2026-09-02,14:22:51.90635,52.8387,,3593.75,78,,0,4.0625,776,14.9019607843137,0,15,99.9,-40,,0,4.296875,0,,,,,,,,,,,,1.69911,31.25,0,0,0,4.296875,-11,14.7,0,
383,2026-09-02,14:22:52.06321,52.99306,,3562.5,78,,0,4.0625,776,14.9019607843137,0,15,99.9,-40,,0,4.296875,0,,,,,,,,,,,,1.64052,31.25,0,0,0,4.296875,-11,14.7,48,
384,2026-09-02,14:22:52.18825,53.11809,,3531.25,78,,0,4.0625,776,14.9019607843137,0,15,99.9,-40,,0,4.296875,0,,,,,,,,,,,,1.69911,25,0,0,0,4.296875,-11,14.7,6,
385,2026-09-02,14:22:52.34520,53.26781,,3500,76,,0,4.0625,776,14.9019607843137,0,14,99.9,-40,,0,4.296875,0,,,,,,,,,,,,1.67958,25,0,0,0,4.296875,-11,14.7,79,
386,2026-09-02,14:22:52.47017,53.39272,,3468.75,76,,0,4.0625,776,15.2941176470588,0,13,99.9,-40,,0,4.296875,0,,,,,,,,,,,,1.69911,25,0,0,0,4.296875,-11,14.7,11,
387,2026-09-02,14:22:52.59571,53.51741,,3468.75,76,,0,4.0625,775,15.2941176470588,0,13,99.9,-40,,0,4.296875,0,,,,,,,,,,,,1.69911,25,0,0,0,4.296875,-11,14.7,5,
388,2026-09-02,14:22:52.72059,53.64215,,3437.5,76,,0,4.375,776,15.2941176470588,0,12,99.9,-40,,0,4.296875,0,,,,,,,,,,,,1.66005,25,0,0,0,4.296875,-11,14.7,34,
389,2026-09-02,14:22:52.84611,53.76643,,3406.25,76,,0,4.0625,776,15.2941176470588,0,12,99.9,-40,,0,4.296875,0,,,,,,,,,,,,1.62099,25,0,0,0,4.296875,-11,14.7,5,
390,2026-09-02,14:22:52.95545,53.87923,,3343.75,76,,0,4.0625,776,15.2941176470588,0,11,99.9,-40,,0,4.296875,0,,,,,,,,,,,,1.67958,25,0,0,0,4.296875,-11,14.7,1,
391,2026-09-02,14:22:53.14345,54.07216,,3343.75,72,,0,4.0625,776,15.2941176470588,0,11,99.9,-40,,0,4.296875,0,,,,,,,,,,,,1.66005,25,0,0,0,4.296875,-11,14.7,17,
392,2026-09-02,14:22:53.25291,54.18124,,3281.25,72,,0,4.0625,776,15.2941176470588,0,10,99.9,-40,,0,4.296875,0,,,,,,,,,,,,1.66005,25,0,0,0,4.296875,-11,14.7,1,
393,2026-09-02,14:22:53.37776,54.29571,,3187.5,72,,0,3.75,776,14.9019607843137,0,9,99.9,-40,,0,4.296875,0,,,,,,,,,,,,1.62099,25,0,0,0,4.296875,-11,14.7,22,
394,2026-09-02,14:22:53.51835,54.44293,,3281.25,72,,0,3.75,775,14.9019607843137,0,10,99.9,-40,,0,4.296875,0,,,,,,,,,,,,1.64052,25,0,0,0,4.296875,-10,14.7,25,
395,2026-09-02,14:22:53.65968,54.59037,,3156.25,72,,0,3.75,776,14.9019607843137,0,8,99.9,-40,,0,4.296875,0,,,,,,,,,,,,1.58193,25,0,0,0,4.296875,-11,14.7,8,
396,2026-09-02,14:22:53.78467,54.71062,,3125,68,,0,3.75,776,14.5098039215686,0,8,99.9,-40,,0,4.296875,0,,,,,,,,,,,,1.62099,18.75,0,0,0,4.296875,-11,14.7,2,
397,2026-09-02,14:22:53.91065,54.83008,,3125,68,,0,3.75,776,14.5098039215686,0,8,99.9,-40,,0,4.296875,0,,,,,,,,,,,,1.58193,25,0,0,0,4.296875,-10,14.7,3,
398,2026-09-02,14:22:54.03521,54.96515,,3093.75,68,,0,3.75,775,14.5098039215686,0,7,99.9,-40,,0,4.296875,0,,,,,,,,,,,,1.5624,18.75,0,0,0,4.296875,-11,14.7,24,
399,2026-09-02,14:22:54.19178,55.1199,,3031.25,68,,0,3.4375,776,14.5098039215686,0,7,99.9,-40,,0,4.296875,0,,,,,,,,,,,,1.5624,18.75,0,0,0,4.296875,-10,14.7,9,
400,2026-09-02,14:22:54.31675,55.23486,,3000,68,,0,3.4375,775,14.1176470588235,0,6,99.9,-40,,0,4.296875,0,,,,,,,,,,,,1.60146,18.75,0,0,0,4.296875,-10,14.7,23,
401,2026-09-02,14:22:54.44229,55.36946,,2968.75,68,,0,3.4375,776,14.1176470588235,0,5,99.9,-40,,0,4.296875,0,,,,,,,,,,,,1.54287,18.75,0,0,0,4.296875,-10,14.7,5,
402,2026-09-02,14:22:54.56779,55.4889,,2937.5,64,,0,3.4375,775,14.5098039215686,0,5,99.9,-40,,0,4.296875,0,,,,,,,,,,,,1.52334,18.75,0,0,0,4.296875,-10,14.7,15,
403,2026-09-02,14:22:54.70875,55.6345,,2906.25,64,,0,3.4375,775,14.5098039215686,0,4,99.9,-40,,0,4.296875,0,,,,,,,,,,,,1.5624,18.75,0,0,0,4.296875,-10,14.7,31,
404,2026-09-02,14:22:54.83450,55.75708,,2875,64,,0,3.75,776,14.5098039215686,0,3,99.9,-40,,0,4.296875,0,,,,,,,,,,,,1.50381,18.75,0,0,0,4.296875,-10,14.7,4,
405,2026-09-02,14:22:54.97482,55.90356,,2843.75,64,,0,3.75,776,14.5098039215686,0,4,99.9,-40,,0,4.296875,0,,,,,,,,,,,,1.58193,18.75,0,0,0,4.296875,-11,14.7,17,
406,2026-09-02,14:22:55.10032,56.02309,,2812.5,64,,0,3.4375,775,14.5098039215686,0,3,99.9,-40,,0,4.296875,0,,,,,,,,,,,,1.5624,18.75,0,0,0,4.296875,-10,14.7,10,
407,2026-09-02,14:22:55.22533,56.15804,,2781.25,60,,0,3.75,776,14.5098039215686,0,2,99.9,-40,,0,4.296875,0,,,,,,,,,,,,1.54287,18.75,0,0,0,4.296875,-10,14.7,12,
408,2026-09-02,14:22:55.39809,56.3225,,2781.25,60,,0,3.75,775,14.5098039215686,0,2,99.9,-40,,0,4.296875,0,,,,,,,,,,,,1.58193,18.75,0,0,0,4.296875,-10,14.7,13,
409,2026-09-02,14:22:55.52265,56.4475,,2781.25,60,,0,3.75,775,14.5098039215686,0,2,99.9,-40,,0,4.296875,0,,,,,,,,,,,,1.52334,18.75,0,0,0,4.296875,-10,14.7,2,
410,2026-09-02,14:22:55.64865,56.56988,,2718.75,60,,0,3.75,776,14.5098039215686,0,2,99.9,-40,,0,4.296875,0,,,,,,,,,,,,1.5624,18.75,0,0,0,4.296875,-10,14.7,8,
411,2026-09-02,14:22:55.77316,56.70237,,2750,60,,0,3.75,776,14.5098039215686,0,2,99.9,-40,,0,4.296875,0,,,,,,,,,,,,1.52334,18.75,0,0,0,4.296875,-10,14.7,10,
412,2026-09-02,14:22:55.89874,56.81951,,2718.75,58,,0,3.75,776,14.5098039215686,0,1,99.9,-40,,0,4.296875,0,,,,,,,,,,,,1.52334,18.75,0,0,0,4.296875,-10,14.7,8,
413,2026-09-02,14:22:56.03926,56.96194,,2718.75,58,,0,3.75,776,14.5098039215686,0,1,99.9,-40,,0,4.296875,0,,,,,,,,,,,,1.60146,18.75,0,0,0,4.296875,-10,14.7,5,
414,2026-09-02,14:22:56.14917,57.07617,,2687.5,58,,0,3.75,776,14.5098039215686,0,1,99.9,-40,,0,4.296875,0,,,,,,,,,,,,1.54287,18.75,0,0,0,4.296875,-10,14.7,3,
415,2026-09-02,14:22:56.27414,57.20598,,2687.5,58,,0,3.75,775,14.5098039215686,0,1,99.9,-40,,0,4.296875,0,,,,,,,,,,,,1.52334,18.75,0,0,0,4.296875,-10,14.7,41,
416,2026-09-02,14:22:56.38412,57.312,,2687.5,58,,0,3.75,776,14.5098039215686,0,1,99.9,-40,,0,4.296875,0,,,,,,,,,,,,1.52334,18.75,0,0,0,4.296875,-10,14.7,22,
417,2026-09-02,14:22:56.49352,57.421,,2656.25,58,,0,3.75,775,14.1176470588235,0,1,99.9,-40,,0,4.296875,0,,,,,,,,,,,,1.5624,18.75,0,0,0,4.296875,-10,14.7,5,
418,2026-09-02,14:22:56.61899,57.54581,,2656.25,56,,0,3.75,776,14.1176470588235,0,1,99.9,-40,,0,4.296875,0,,,,,,,,,,,,1.5624,18.75,0,0,0,4.296875,-10,14.7,0,
419,2026-09-02,14:22:56.72835,57.65541,,2656.25,56,,0,3.75,776,14.1176470588235,0,0,99.9,-40,,0,4.296875,0,,,,,,,,,,,,1.60146,18.75,0,0,0,4.296875,-10,14.7,5,
420,2026-09-02,14:22:56.83827,57.7653,,2625,56,,0,3.75,775,14.5098039215686,0,0,99.9,-40,,0,4.296875,0,,,,,,,,,,,,1.50381,18.75,0,0,0,4.296875,-10,14.7,21,
421,2026-09-02,14:22:56.94768,57.87496,,2593.75,56,,0,3.75,775,14.1176470588235,0,0,99.9,-40,,0,4.296875,0,,,,,,,,,,,,1.58193,18.75,0,0,0,4.296875,-10,14.7,15,
422,2026-09-02,14:22:57.07313,58.00526,,2593.75,56,,0,3.75,776,14.1176470588235,0,-1,99.9,-40,,0,4.296875,0,,,,,,,,,,,,1.52334,18.75,0,0,0,4.296875,-10,14.7,2,
423,2026-09-02,14:22:57.21390,58.13711,,2562.5,56,,0,3.75,775,14.1176470588235,0,-1,99.9,-40,,0,4.296875,0,,,,,,,,,,,,1.54287,18.75,0,0,0,4.296875,-10,14.7,30,
424,2026-09-02,14:22:57.33954,58.2646,,2562.5,54,,0,3.75,775,13.7254901960784,0,-1,99.9,-40,,0,4.296875,0,,,,,,,,,,,,1.5624,18.75,0,0,0,4.296875,-10,14.7,23,
425,2026-09-02,14:22:57.46442,58.39462,,2500,54,,0,3.75,776,13.7254901960784,0,-2,99.9,-40,,0,4.296875,0,,,,,,,,,,,,1.50381,18.75,0,0,0,4.296875,-10,14.7,3,
426,2026-09-02,14:22:57.58941,58.51957,,2531.25,54,,0,3.75,775,13.7254901960784,0,-2,99.9,-40,,0,4.296875,0,,,,,,,,,,,,1.52334,18.75,0,0,0,4.296875,-10,14.7,11,
427,2026-09-02,14:22:57.73046,58.65427,,2468.75,54,,0,4.0625,776,13.7254901960784,0,-3,99.9,-40,,0,4.296875,0,,,,,,,,,,,,1.52334,18.75,0,0,0,4.296875,-10,14.7,35,
428,2026-09-02,14:22:57.84055,58.76128,,2468.75,54,,0,4.0625,775,13.7254901960784,0,-3,99.9,-40,,0,4.296875,0,,,,,,,,,,,,1.52334,18.75,0,0,0,4.296875,-10,14.7,8,
429,2026-09-02,14:22:57.98113,58.91385,,2437.5,54,,0,3.75,776,13.7254901960784,0,-3,99.9,-40,,0,4.296875,0,,,,,,,,,,,,1.50381,18.75,0,0,0,4.296875,-10,14.7,5,
430,2026-09-02,14:22:58.12168,59.04568,,2437.5,52,,0,4.0625,776,13.3333333333333,0,-3,99.9,-40,,0,4.296875,0,,,,,,,,,,,,1.52334,18.75,0,0,0,4.296875,-10,14.7,23,
431,2026-09-02,14:22:58.26234,59.18347,,2406.25,52,,0,4.0625,776,13.3333333333333,0,-4,99.9,-40,,0,4.296875,0,,,,,,,,,,,,1.54287,18.75,0,0,0,4.296875,-10,14.7,4,
432,2026-09-02,14:22:58.40395,59.33309,,2375,52,,0,4.0625,775,13.3333333333333,0,-4,99.9,-40,,0,4.296875,0,,,,,,,,,,,,1.48428,18.75,0,0,0,4.296875,-10,14.7,7,
433,2026-09-02,14:22:58.52941,59.4578,,2375,52,,0,4.0625,776,13.3333333333333,0,-4,99.9,-40,,0,4.296875,0,,,,,,,,,,,,1.54287,18.75,0,0,0,4.296875,-10,14.7,13,
434,2026-09-02,14:22:58.63917,59.56279,,2343.75,52,,0,4.0625,775,13.3333333333333,0,-4,99.9,-40,,0,4.296875,0,,,,,,,,,,,,1.50381,18.75,0,0,0,4.296875,-10,14.7,21,
435,2026-09-02,14:22:58.74848,59.67862,,2312.5,50,,0,4.0625,775,13.3333333333333,0,-5,99.9,-40,,0,4.296875,0,,,,,,,,,,,,1.60146,18.75,0,0,0,4.296875,-10,14.7,8,
436,2026-09-02,14:22:58.85757,59.78695,,2312.5,50,,0,4.0625,776,13.3333333333333,0,-5,99.9,-40,,0,4.296875,0,,,,,,,,,,,,1.52334,18.75,0,0,0,4.296875,-10,14.7,6,
437,2026-09-02,14:22:59.01379,59.94187,,2281.25,50,,0,4.0625,776,13.3333333333333,0,-6,99.9,-40,,0,4.296875,0,,,,,,,,,,,,1.46475,18.75,0,0,0,4.296875,-10,14.7,20,
438,2026-09-02,14:22:59.12403,60.05643,,2250,50,,0,4.0625,775,13.3333333333333,0,-6,99.9,-40,,0,4.296875,0,,,,,,,,,,,,1.54287,18.75,0,0,0,4.296875,-10,14.7,3,
439,2026-09-02,14:22:59.26457,60.1966,,2218.75,50,,0,4.0625,775,13.3333333333333,0,-6,99.9,-40,,0,4.296875,0,,,,,,,,,,,,1.5624,18.75,0,0,0,4.296875,-10,14.7,15,
440,2026-09-02,14:22:59.40580,60.32863,,2250,48,,0,4.0625,776,13.3333333333333,0,-6,99.9,-40,,0,4.296875,0,,,,,,,,,,,,1.52334,18.75,0,0,0,4.296875,-10,14.7,4,
441,2026-09-02,14:22:59.53107,60.46117,,2218.75,48,,0,4.0625,776,13.3333333333333,0,-7,99.9,-40,,0,4.296875,0,,,,,,,,,,,,1.52334,18.75,0,0,0,4.296875,-10,14.7,14,
442,2026-09-02,14:22:59.64045,60.56582,,2218.75,48,,0,4.0625,775,13.3333333333333,0,-7,99.9,-40,,0,4.296875,0,,,,,,,,,,,,1.52334,18.75,0,0,0,4.296875,-10,14.7,10,
443,2026-09-02,14:22:59.78088,60.7111,,2187.5,48,,0,4.0625,775,13.3333333333333,0,-7,99.9,-40,,0,4.296875,0,,,,,,,,,,,,1.5624,18.75,0,0,0,4.296875,-10,14.7,2,
444,2026-09-02,14:22:59.89083,60.81592,,2187.5,48,,0,4.375,775,13.3333333333333,0,-7,99.9,-40,,0,4.296875,0,,,,,,,,,,,,1.5624,18.75,0,0,0,4.296875,-10,14.7,11,
445,2026-09-02,14:23:00.01561,60.93514,,2187.5,48,,0,4.0625,775,13.3333333333333,0,-7,99.9,-40,,0,4.296875,0,,,,,,,,,,,,1.5624,18.75,0,0,0,4.296875,-10,14.7,3,
446,2026-09-02,14:23:00.12555,61.04727,,2156.25,46,,0,4.0625,775,13.3333333333333,0,-8,99.9,-40,,0,4.296875,0,,,,,,,,,,,,1.50381,18.75,0,0,0,4.296875,-10,14.7,6,
447,2026-09-02,14:23:00.25052,61.17288,,2156.25,46,,0,4.0625,775,13.3333333333333,0,-8,99.9,-40,,0,4.296875,0,,,,,,,,,,,,1.48428,18.75,0,0,0,4.296875,-10,14.7,1,
448,2026-09-02,14:23:00.40725,61.33453,,2125,46,,0,4.0625,775,13.7254901960784,0,-8,99.9,-40,,0,4.296875,0,,,,,,,,,,,,1.52334,18.75,0,0,0,4.296875,-10,14.7,1,
449,2026-09-02,14:23:00.51660,61.44956,,2125,46,,0,4.0625,775,13.7254901960784,0,-8,99.9,-40,,0,4.296875,0,,,,,,,,,,,,1.5624,18.75,0,0,0,4.296875,-10,14.7,6,
450,2026-09-02,14:23:00.65800,61.58416,,2125,46,,0,4.375,775,13.7254901960784,0,-8,99.9,-40,,0,4.296875,0,,,,,,,,,,,,1.60146,18.75,0,0,0,4.296875,-10,14.7,11,
451,2026-09-02,14:23:00.78298,61.70952,,2093.75,46,,0,4.375,775,13.7254901960784,0,-8,99.9,-40,,0,4.296875,0,,,,,,,,,,,,1.58193,18.75,0,0,0,4.296875,-10,14.7,9,
452,2026-09-02,14:23:00.98642,61.90572,,2093.75,46,,0,4.375,776,14.1176470588235,0,-9,99.9,-40,,0,4.296875,0,,,,,,,,,,,,1.54287,18.75,0,0,0,4.296875,-10,14.7,8,
453,2026-09-02,14:23:01.11159,62.04389,,2093.75,46,,0,4.375,775,14.1176470588235,0,-9,99.9,-40,,0,4.296875,0,,,,,,,,,,,,1.46475,18.75,0,0,0,4.296875,-10,14.7,24,
454,2026-09-02,14:23:01.23656,62.16341,,2062.5,46,,0,4.375,776,14.1176470588235,0,-9,99.9,-40,,0,4.296875,0,,,,,,,,,,,,1.54287,18.75,0,0,0,4.296875,-10,14.7,16,
455,2026-09-02,14:23:01.37791,62.30323,,2062.5,46,,0,4.375,775,14.5098039215686,0,-9,99.9,-40,,0,4.296875,0,,,,,,,,,,,,1.48428,18.75,0,0,0,4.296875,-10,14.7,3,
456,2026-09-02,14:23:02.36384,63.29183,,2062.5,44,,0,4.375,775,14.5098039215686,0,-9,99.9,-40,,0,4.296875,0,,,,,,,,,,,,1.5624,18.75,0,0,0,4.296875,-10,14.7,0,
457,2026-09-02,14:23:02.52002,63.4466,,2062.5,44,,0,22.5,775,49.8039215686275,0,35,13.1,-40,,0,4.296875,0,,,,,,,,,,,,2.18736,87.5,0,0,0,4.296875,-10,14.7,9,
458,2026-09-02,14:23:02.72369,63.65582,,2125,44,,0,20.625,776,45.8823529411765,0,35,14.4,-40,,0,4.296875,0,,,,,,,,,,,,2.20689,87.5,0,0,0,4.296875,-10,14.7,11,
459,2026-09-02,14:23:03.03684,63.96579,,2156.25,46,,0,20.3125,775,44.3137254901961,0,37,14.7,-40,,0,4.296875,0,,,,,,,,,,,,2.18736,81.25,-0.1953125,0,0,4.296875,-10,14.7,10,
460,2026-09-02,14:23:03.27154,64.20037,,2187.5,46,,0,20.3125,775,44.3137254901961,0,36,14.8,-40,,0,4.296875,0,,,,,,,,,,,,2.28501,87.5,0.9765625,0,0,4.296875,-10,14.7,13,
461,2026-09-02,14:23:03.50656,64.42976,,2187.5,46,,0,20.625,775,44.7058823529412,0,36,14.3,-40,,0,4.296875,0,,,,,,,,,,,,2.22642,87.5,1.5625,0,0,4.296875,-10,14.7,6,
462,2026-09-02,14:23:03.74143,64.66966,,2218.75,48,,0,19.6875,775,43.5294117647059,0,38,14.2,-40,,0,4.296875,0,,,,,,,,,,,,2.12877,81.25,0.78125,0,0,4.296875,-10,14.7,15,
463,2026-09-02,14:23:03.94557,64.86639,,2250,48,,0,17.8125,776,40,0,40,14.6,-40,,0,4.296875,0,,,,,,,,,,,,2.12877,75,0.1953125,0,0,4.296875,-10,14.7,7,
464,2026-09-02,14:23:04.19546,65.1163,,2250,48,,0,15.9375,776,36.4705882352941,0,42,14.8,-40,,0,4.296875,0,,,,,,,,,,,,2.12877,68.75,0,0,0,4.296875,-10,14.7,11,
465,2026-09-02,14:23:04.41475,65.33559,,2281.25,48,,0,15.9375,775,35.2941176470588,0,42,15.3,-40,,0,4.296875,0,,,,,,,,,,,,2.10924,68.75,0.78125,0,0,4.296875,-10,14.7,14,
466,2026-09-02,14:23:04.61832,65.54832,,2281.25,48,,0,19.6875,776,41.5686274509804,0,38,14.8,-40,,0,4.296875,0,,,,,,,,,,,,2.32407,93.75,1.7578125,0,0,4.296875,-10,14.7,20,
467,2026-09-02,14:23:04.86942,65.79828,,2312.5,48,,0,20.9375,776,44.7058823529412,0,37,13.4,-40,,0,4.296875,0,,,,,,,,,,,,2.16783,87.5,1.953125,0,0,4.296875,-10,14.7,5,
468,2026-09-02,14:23:05.15140,66.07271,,2312.5,50,,0,16.5625,776,38.0392156862745,0,42,13.8,-40,,0,4.296875,0,,,,,,,,,,,,2.07018,75,1.171875,0,0,4.296875,-10,14.7,32,
469,2026-09-02,14:23:05.37023,66.30227,,2343.75,50,,0,11.5625,775,28.6274509803922,0,45,14.5,-40,,0,4.296875,0,,,,,,,,,,,,1.77723,43.75,0.5859375,0,0,4.296875,-10,14.7,6,
470,2026-09-02,14:23:05.63678,66.55917,,2312.5,50,,0,7.5,775,20.3921568627451,0,16,15.1,-40,,0,4.296875,0,,,,,,,,,,,,1.66005,31.25,-0.1953125,0,0,4.296875,-10,14.7,3,
471,2026-09-02,14:23:05.85575,66.78069,,2343.75,50,,0,6.5625,775,18.0392156862745,0,6,16.7,-40,,0,4.296875,0,,,,,,,,,,,,1.71864,31.25,0.78125,0,0,4.296875,-10,14.7,7,
472,2026-09-02,14:23:06.05879,66.98615,,2312.5,50,,0,6.5625,775,17.6470588235294,0,6,18.5,-40,,0,4.296875,0,,,,,,,,,,,,1.67958,31.25,1.3671875,0,0,4.296875,-10,14.7,5,
473,2026-09-02,14:23:06.27807,67.21062,,2312.5,50,,0,6.875,775,18.0392156862745,0,10,17,-40,,0,4.296875,0,,,,,,,,,,,,1.77723,31.25,2.1484375,0,0,4.296875,-11,14.7,7,
474,2026-09-02,14:23:06.55985,67.48963,,2281.25,48,,0,7.1875,775,18.4313725490196,0,16,14.8,-40,,0,4.296875,0,,,,,,,,,,,,1.77723,31.25,3.125,0,0,4.296875,-10,14.7,4,
475,2026-09-02,14:23:06.82634,67.74715,,2281.25,48,,0,7.8125,775,20,0,24,14.5,-40,,0,4.296875,0,,,,,,,,,,,,1.73817,37.5,4.1015625,0,0,4.296875,-10,14.7,4,
476,2026-09-02,14:23:07.04548,67.96631,,2281.25,48,,0,7.8125,775,20,0,22,14.5,-40,,0,4.296875,0,,,,,,,,,,,,1.71864,31.25,4.296875,0,0,4.296875,-11,14.7,4,
477,2026-09-02,14:23:07.29574,68.2236,,2218.75,48,,0,7.5,775,19.6078431372549,0,18,14.4,-40,,0,4.296875,0,,,,,,,,,,,,1.7577,31.25,3.7109375,0,0,4.296875,-11,14.7,34,
478,2026-09-02,14:23:07.51520,68.43858,,2250,48,,0,7.5,775,19.2156862745098,0,19,14.6,-40,,0,4.296875,0,,,,,,,,,,,,1.7577,31.25,2.9296875,0,0,4.296875,-11,14.7,7,
479,2026-09-02,14:23:07.73451,68.66331,,2281.25,48,,0,7.5,775,19.2156862745098,0,18,14.6,-40,,0,4.296875,0,,,,,,,,,,,,1.7577,31.25,2.34375,0,0,4.296875,-10,14.7,6,
480,2026-09-02,14:23:07.96883,68.89794,,2218.75,48,,0,10.625,775,23.921568627451,0,44,15.1,-40,,0,4.296875,0,,,,,,,,,,,,2.12877,56.25,2.734375,0,0,4.296875,-11,14.7,1,
481,2026-09-02,14:23:08.20368,69.13265,,2218.75,48,,0,17.5,775,36.4705882352941,0,40,15.3,-40,,0,4.296875,0,,,,,,,,,,,,2.20689,81.25,3.515625,0,0,4.296875,-11,14.7,7,
482,2026-09-02,14:23:08.43848,69.3671,,2218.75,48,,0,13.75,774,31.7647058823529,0,43,12.9,-40,,0,4.296875,0,,,,,,,,,,,,1.60146,43.75,2.9296875,0,0,4.296875,-11,14.7,6,
483,2026-09-02,14:23:08.67349,69.59648,,2250,48,,0,6.875,775,20,0,10,13.1,-40,,0,4.296875,0,,,,,,,,,,,,1.64052,25,2.34375,0,0,4.296875,-11,14.7,3,
484,2026-09-02,14:23:08.84539,69.77603,,2250,48,,0,5.625,775,16.4705882352941,0,-5,12.3,-40,,0,4.296875,0,,,,,,,,,,,,1.58193,25,0,0,0,4.296875,-11,14.7,15,
485,2026-09-02,14:23:09.03274,69.96617,,2218.75,48,,0,5,775,14.9019607843137,0,-5,14.1,-40,,0,4.296875,0,,,,,,,,,,,,1.58193,18.75,0,0,0,4.296875,-11,14.7,0,
486,2026-09-02,14:23:09.28321,70.21087,,2187.5,48,,0,5.9375,774,16.078431372549,0,-2,16,-40,,0,4.296875,0,,,,,,,,,,,,2.01159,37.5,-0.1953125,0,0,4.296875,-11,14.7,16,
487,2026-09-02,14:23:09.51754,70.44265,,2250,46,,0,15.9375,775,32.9411764705882,0,40,15.9,-40,,0,4.296875,0,,,,,,,,,,,,2.18736,75,-0.5859375,0,0,4.296875,-11,14.7,25,
488,2026-09-02,14:23:09.75298,70.67985,,2218.75,46,,0,18.125,775,38.0392156862745,0,38,14.3,-40,,0,4.296875,0,,,,,,,,,,,,2.18736,75,-0.1953125,0,0,4.296875,-11,14.7,10,
489,2026-09-02,14:23:09.95660,70.87472,,2218.75,46,,0,17.5,775,38.4313725490196,0,39,13.9,-40,,0,4.296875,0,,,,,,,,,,,,2.1483,75,-0.78125,0,0,4.296875,-11,14.7,10,
490,2026-09-02,14:23:10.19156,71.1194,,2218.75,48,,0,17.1875,774,38.8235294117647,0,39,14.4,-40,,0,4.296875,0,,,,,,,,,,,,2.18736,75,-1.5625,0,0,4.296875,-11,14.7,10,
491,2026-09-02,14:23:10.39567,71.31646,,2218.75,48,,0,17.1875,775,39.2156862745098,0,40,15,-40,,0,4.296875,0,,,,,,,,,,,,2.12877,75,-1.953125,0,0,4.296875,-11,14.7,25,
492,2026-09-02,14:23:10.58307,71.50849,,2218.75,48,,0,17.5,775,39.2156862745098,0,40,15.5,-40,,0,4.296875,0,,,,,,,,,,,,2.1483,75,-1.3671875,0,0,4.296875,-11,14.7,20,
493,2026-09-02,14:23:10.73920,71.66062,,2250,48,,0,17.5,775,39.6078431372549,0,40,15.2,-40,,0,4.296875,0,,,,,,,,,,,,2.20689,75,-0.78125,0,0,4.296875,-11,14.7,12,
494,2026-09-02,14:23:10.94301,71.86827,,2250,48,,0,21.5625,775,45.4901960784314,0,36,14.8,-40,,0,4.296875,0,,,,,,,,,,,,2.48031,106.25,0,0,0,4.296875,-11,14.7,17,
495,2026-09-02,14:23:11.17783,72.10273,,2250,48,,0,26.5625,776,57.6470588235294,0,27,13.7,-40,,0,4.296875,0,,,,,,,,,,,,2.48031,118.75,0.5859375,0,0,4.296875,-11,14.7,23,
496,2026-09-02,14:23:11.38130,72.30539,,2281.25,48,,0,26.25,775,58.4313725490196,0,28,14.6,-40,,0,4.296875,0,,,,,,,,,,,,2.40219,118.75,0,0,0,4.296875,-11,14.7,0,
497,2026-09-02,14:23:11.64727,72.56645,,2312.5,50,,0,25.625,775,55.6862745098039,0,31,14.8,-40,,0,4.296875,0,,,,,,,,,,,,2.38266,112.5,0.390625,0,0,4.296875,-11,14.7,5,
498,2026-09-02,14:23:11.77222,72.70124,,2343.75,50,,0,25,775,54.5098039215686,0,31,14.5,-40,,0,4.296875,0,,,,,,,,,,,,2.40219,112.5,0.9765625,0,0,4.296875,-11,14.7,18,
499,2026-09-02,14:23:11.92898,72.85078,,2343.75,50,,0,23.125,774,50.9803921568627,0,37,14.2,-40,,0,4.296875,0,,,,,,,,,,,,2.24595,93.75,0.5859375,0,0,4.296875,-11,14.7,25,
500,2026-09-02,14:23:12.06957,72.99581,,2375,50,,0,20,775,45.0980392156863,0,39,14.1,-40,,0,4.296875,0,,,,,,,,,,,,2.24595,87.5,0.1953125,0,0,4.296875,-11,14.7,31,
501,2026-09-02,14:23:12.21072,73.14055,,2375,50,,0,19.375,775,43.5294117647059,0,39,14.3,-40,,0,4.296875,0,,,,,,,,,,,,2.24595,87.5,-0.1953125,0,0,4.296875,-11,14.7,24,
502,2026-09-02,14:23:12.38304,73.30733,,2375,50,,0,19.0625,775,42.7450980392157,0,40,14.1,-40,,0,4.296875,0,,,,,,,,,,,,2.24595,87.5,-0.78125,0,0,4.296875,-11,14.7,31,
503,2026-09-02,14:23:12.58656,73.50526,,2406.25,50,,0,18.75,775,42.3529411764706,0,40,14,-40,,0,4.296875,0,,,,,,,,,,,,2.10924,81.25,-1.3671875,0,0,4.296875,-11,14.7,15,
504,2026-09-02,14:23:12.77440,73.69718,,2406.25,50,,0,16.5625,775,38.8235294117647,0,42,14.1,-40,,0,4.296875,0,,,,,,,,,,,,2.1483,75,-1.953125,0,0,4.296875,-11,14.7,30,
505,2026-09-02,14:23:12.96208,73.88723,,2406.25,52,,0,15.9375,776,38.0392156862745,0,42,14.6,-40,,0,4.296875,0,,,,,,,,,,,,2.16783,75,-2.5390625,0,0,4.296875,-11,14.7,19,
506,2026-09-02,14:23:13.15060,74.07209,,2437.5,52,,0,15.9375,775,37.6470588235294,0,42,14.5,-40,,0,4.296875,0,,,,,,,,,,,,2.1483,75,-3.125,0,0,4.296875,-11,14.7,16,
507,2026-09-02,14:23:13.38492,74.30928,,2406.25,52,,0,15.3125,775,36.078431372549,0,43,14.5,-40,,0,4.296875,0,,,,,,,,,,,,2.12877,68.75,-3.90625,0,0,4.296875,-11,14.7,8,
508,2026-09-02,14:23:13.58753,74.5191,,2406.25,52,,0,13.75,776,33.7254901960784,0,45,14.8,-40,,0,4.296875,0,,,,,,,,,,,,2.03112,62.5,-4.4921875,0,0,4.296875,-11,14.7,1,
509,2026-09-02,14:23:13.80758,74.73146,,2406.25,52,,0,12.8125,775,31.3725490196078,0,45,15.4,-40,,0,4.296875,0,,,,,,,,,,,,1.97253,56.25,-4.1015625,0,0,4.296875,-11,14.7,19,
510,2026-09-02,14:23:14.02665,74.95,,2437.5,52,,0,11.25,775,28.2352941176471,0,45,15.6,-40,,0,4.296875,0,,,,,,,,,,,,1.93347,50,-3.3203125,0,0,4.296875,-11,14.7,7,
511,2026-09-02,14:23:14.27736,75.20237,,2406.25,52,,0,10,775,25.4901960784314,0,45,15.8,-40,,0,4.296875,0,,,,,,,,,,,,1.87488,43.75,-2.34375,0,0,4.296875,-11,14.7,7,
512,2026-09-02,14:23:14.51223,75.43243,,2406.25,52,,0,9.375,775,23.921568627451,0,44,15.9,-40,,0,4.296875,0,,,,,,,,,,,,1.85535,43.75,-1.5625,0,0,4.296875,-11,14.7,15,
513,2026-09-02,14:23:14.71556,75.64743,,2437.5,52,,0,9.0625,774,23.1372549019608,0,42,15.4,-40,,0,4.296875,0,,,,,,,,,,,,1.83582,43.75,-0.78125,0,0,4.296875,-11,14.7,11,
514,2026-09-02,14:23:14.93430,75.85923,,2406.25,52,,0,9.375,775,23.1372549019608,0,44,15.3,-40,,0,4.296875,0,,,,,,,,,,,,1.91394,43.75,0,0,0,4.296875,-11,14.7,18,
515,2026-09-02,14:23:15.15349,76.07528,,2406.25,52,,0,9.375,774,23.1372549019608,0,44,15,-40,,0,4.296875,0,,,,,,,,,,,,1.91394,43.75,0.78125,0,0,4.296875,-11,14.7,22,
516,2026-09-02,14:23:15.34139,76.27155,,2406.25,52,,0,9.375,775,23.1372549019608,0,44,15,-40,,0,4.296875,0,,,,,,,,,,,,1.89441,43.75,1.5625,0,0,4.296875,-11,14.7,3,
517,2026-09-02,14:23:15.54516,76.4655,,2406.25,52,,0,9.375,775,23.1372549019608,0,44,14.7,-40,,0,4.296875,0,,,,,,,,,,,,1.91394,43.75,2.34375,0,0,4.296875,-11,14.7,1,
518,2026-09-02,14:23:15.73313,76.66554,,2406.25,52,,0,9.375,775,23.1372549019608,0,44,14.5,-40,,0,4.296875,0,,,,,,,,,,,,1.85535,43.75,3.125,0,0,4.296875,-11,14.7,2,
519,2026-09-02,14:23:15.92111,76.8503,,2406.25,52,,0,9.375,775,23.1372549019608,0,42,14.3,-40,,0,4.296875,0,,,,,,,,,,,,1.89441,43.75,3.3203125,0,0,4.296875,-11,14.7,5,
520,2026-09-02,14:23:16.15606,77.07786,,2406.25,52,,0,9.0625,774,22.7450980392157,0,42,14.1,-40,,0,4.296875,0,,,,,,,,,,,,1.89441,43.75,2.734375,0,0,4.296875,-11,14.7,32,
521,2026-09-02,14:23:16.40640,77.33925,,2375,50,,0,8.4375,775,21.1764705882353,0,32,14.4,-40,,0,4.296875,0,,,,,,,,,,,,1.77723,37.5,1.953125,0,0,4.296875,-11,14.7,6,
522,2026-09-02,14:23:16.64106,77.56915,,2406.25,50,,0,8.125,775,20.7843137254902,0,30,14.4,-40,,0,4.296875,0,,,,,,,,,,,,1.85535,37.5,1.171875,0,0,4.296875,-11,14.7,23,
523,2026-09-02,14:23:16.87545,77.79626,,2375,50,,0,8.125,775,20.7843137254902,0,30,14.5,-40,,0,4.296875,0,,,,,,,,,,,,1.77723,37.5,0.5859375,0,0,4.296875,-11,14.7,6,
524,2026-09-02,14:23:17.09499,78.01578,,2375,50,,0,8.125,775,20.7843137254902,0,28,14.6,-40,,0,4.296875,0,,,,,,,,,,,,1.81629,37.5,-0.1953125,0,0,4.296875,-11,14.7,52,
525,2026-09-02,14:23:17.29883,78.22803,,2343.75,50,,0,8.125,775,20.3921568627451,0,28,14.9,-40,,0,4.296875,0,,,,,,,,,,,,1.85535,37.5,-0.1953125,0,0,4.296875,-11,14.7,9,
526,2026-09-02,14:23:17.48658,78.4127,,2375,50,,0,8.4375,775,20.7843137254902,0,30,15.3,-40,,0,4.296875,0,,,,,,,,,,,,1.83582,37.5,0.9765625,0,0,4.296875,-11,14.7,8,
527,2026-09-02,14:23:17.67470,78.60264,,2375,50,,0,8.4375,775,21.1764705882353,0,32,14.6,-40,,0,4.296875,0,,,,,,,,,,,,1.83582,37.5,1.5625,0,0,4.296875,-11,14.7,4,
528,2026-09-02,14:23:17.92504,78.84716,,2375,50,,0,10.3125,774,23.921568627451,0,44,14.4,-40,,0,4.296875,0,,,,,,,,,,,,2.01159,56.25,1.5625,0,0,4.296875,-11,14.7,6,
529,2026-09-02,14:23:18.16014,79.08479,,2375,50,,0,12.8125,775,29.0196078431373,0,44,14.4,-40,,0,4.296875,0,,,,,,,,,,,,2.03112,56.25,0.9765625,0,0,4.296875,-11,14.7,25,
530,2026-09-02,14:23:18.39487,79.32642,,2375,50,,0,10.3125,776,25.0980392156863,0,44,14.4,-40,,0,4.296875,0,,,,,,,,,,,,1.83582,43.75,0.1953125,0,0,4.296875,-11,14.7,7,
531,2026-09-02,14:23:18.59796,79.52609,,2375,50,,0,9.0625,775,22.7450980392157,0,40,14.1,-40,,0,4.296875,0,,,,,,,,,,,,1.79676,37.5,-0.390625,0,0,4.296875,-11,14.7,7,
532,2026-09-02,14:23:18.83295,79.76568,,2375,50,,0,8.4375,775,21.5686274509804,0,32,13.9,-40,,0,4.296875,0,,,,,,,,,,,,1.79676,37.5,-1.171875,0,0,4.296875,-11,14.7,7,
533,2026-09-02,14:23:19.05225,79.98528,,2343.75,50,,0,7.5,775,20,0,20,14.5,-40,,0,4.296875,0,,,,,,,,,,,,1.79676,37.5,-1.7578125,0,0,4.296875,-11,14.7,9,
534,2026-09-02,14:23:19.25618,80.17726,,2375,50,,0,7.5,775,19.6078431372549,0,18,14.9,-40,,0,4.296875,0,,,,,,,,,,,,1.81629,31.25,-2.34375,0,0,4.296875,-11,14.7,2,
535,2026-09-02,14:23:19.49076,80.41956,,2343.75,50,,0,7.1875,775,18.8235294117647,0,16,15.2,-40,,0,4.296875,0,,,,,,,,,,,,1.71864,31.25,-1.953125,0,0,4.296875,-11,14.7,10,
536,2026-09-02,14:23:19.71056,80.63882,,2343.75,50,,0,6.875,775,18.0392156862745,0,12,15.7,-40,,0,4.296875,0,,,,,,,,,,,,1.77723,31.25,-1.171875,0,0,4.296875,-11,14.7,2,
537,2026-09-02,14:23:19.89831,80.82888,,2312.5,50,,0,6.875,775,17.6470588235294,0,8,15.3,-40,,0,4.296875,0,,,,,,,,,,,,1.69911,31.25,-0.390625,0,0,4.296875,-11,14.7,17,
538,2026-09-02,14:23:20.08583,81.01864,,2312.5,50,,0,6.5625,775,17.2549019607843,0,6,15.5,-40,,0,4.296875,0,,,,,,,,,,,,1.67958,31.25,0.1953125,0,0,4.296875,-11,14.7,6,
539,2026-09-02,14:23:20.32069,81.25328,,2312.5,50,,0,8.75,774,20.3921568627451,0,36,14.5,-40,,0,4.296875,0,,,,,,,,,,,,1.89441,43.75,0.9765625,0,0,4.296875,-11,14.7,7,
540,2026-09-02,14:23:20.53595,81.46288,,2250,50,,0,8.125,774,20.7843137254902,0,28,14.7,-40,,0,4.296875,0,,,,,,,,,,,,1.66005,31.25,1.7578125,0,0,4.296875,-12,14.7,18,
541,2026-09-02,14:23:20.75895,81.67988,,2250,48,,0,6.875,774,18.0392156862745,0,10,14.4,-40,,0,4.296875,0,,,,,,,,,,,,1.7577,31.25,2.34375,0,0,4.296875,-11,14.7,17,
542,2026-09-02,14:23:20.99392,81.92715,,2218.75,48,,0,6.5625,775,17.2549019607843,0,4,14.1,-40,,0,4.296875,0,,,,,,,,,,,,1.67958,25,1.7578125,0,0,4.296875,-11,14.7,21,
543,2026-09-02,14:23:21.22887,82.15527,,2218.75,48,,0,6.5625,774,17.2549019607843,0,6,14.2,-40,,0,4.296875,0,,,,,,,,,,,,1.67958,25,1.171875,0,0,4.296875,-11,14.7,13,
544,2026-09-02,14:23:21.46379,82.38636,,2187.5,48,,0,6.5625,775,17.2549019607843,0,6,14.5,-40,,0,4.296875,0,,,,,,,,,,,,1.7577,25,0.390625,0,0,4.296875,-11,14.7,7,
545,2026-09-02,14:23:21.65193,82.58065,,2187.5,48,,0,6.5625,775,17.6470588235294,0,8,15.7,-40,,0,4.296875,0,,,,,,,,,,,,1.87488,31.25,0.390625,0,0,4.296875,-12,14.7,19,
546,2026-09-02,14:23:21.83963,82.77093,,2218.75,48,,0,11.25,775,24.7058823529412,0,44,15.5,-40,,0,4.296875,0,,,,,,,,,,,,1.99206,50,0.9765625,0,0,4.296875,-11,14.7,1,
547,2026-09-02,14:23:22.09039,83.0154,,2156.25,46,,0,10.9375,775,25.8823529411765,0,43,14.1,-40,,0,4.296875,0,,,,,,,,,,,,1.89441,43.75,1.7578125,0,0,4.296875,-11,14.7,14,
548,2026-09-02,14:23:22.27807,83.20455,,2156.25,46,,0,10,775,25.0980392156863,0,43,14.1,-40,,0,4.296875,0,,,,,,,,,,,,1.83582,43.75,1.171875,0,0,4.296875,-11,14.7,3,
549,2026-09-02,14:23:22.48174,83.41425,,2187.5,46,,0,9.6875,775,24.7058823529412,0,43,14.7,-40,,0,4.296875,0,,,,,,,,,,,,1.83582,43.75,0.1953125,0,0,4.296875,-11,14.7,3,
550,2026-09-02,14:23:22.70097,83.62627,,2187.5,46,,0,12.1875,775,28.2352941176471,0,43,15.2,-40,,0,4.296875,0,,,,,,,,,,,,2.05065,56.25,0.390625,0,0,4.296875,-11,14.7,4,
551,2026-09-02,14:23:22.92020,83.84856,,2187.5,46,,0,15.625,775,34.1176470588235,0,41,15.5,-40,,0,4.296875,0,,,,,,,,,,,,2.01159,68.75,1.171875,0,0,4.296875,-11,14.7,10,
552,2026-09-02,14:23:23.12329,84.04827,,2187.5,46,,0,11.5625,775,28.2352941176471,0,43,13.9,-40,,0,4.296875,0,,,,,,,,,,,,1.77723,43.75,1.171875,0,0,4.296875,-11,14.7,8,
553,2026-09-02,14:23:23.31227,84.24282,,2218.75,46,,0,9.0625,774,23.921568627451,0,42,13.8,-40,,0,4.296875,0,,,,,,,,,,,,1.89441,37.5,0.78125,0,0,4.296875,-11,14.7,1,
554,2026-09-02,14:23:23.50032,84.43248,,2218.75,48,,0,9.6875,775,24.3137254901961,0,44,13.7,-40,,0,4.296875,0,,,,,,,,,,,,1.91394,43.75,0.1953125,0,0,4.296875,-11,14.7,10,
555,2026-09-02,14:23:23.67268,84.59396,,2218.75,48,,0,11.5625,775,27.0588235294118,0,43,13.6,-40,,0,4.296875,0,,,,,,,,,,,,2.03112,56.25,-0.1953125,0,0,4.296875,-11,14.7,1,
556,2026-09-02,14:23:23.84448,84.77699,,2218.75,48,,0,13.4375,775,30.9803921568627,0,43,14.4,-40,,0,4.296875,0,,,,,,,,,,,,2.18736,62.5,-0.78125,0,0,4.296875,-11,14.7,1,
557,2026-09-02,14:23:24.01702,84.93883,,2218.75,48,,0,17.1875,775,37.2549019607843,0,40,14.5,-40,,0,4.296875,0,,,,,,,,,,,,2.12877,75,-1.171875,0,0,4.296875,-11,14.7,9,
558,2026-09-02,14:23:24.18903,85.12187,,2250,48,,0,14.375,775,33.7254901960784,0,44,14.2,-40,,0,4.296875,0,,,,,,,,,,,,1.77723,56.25,-1.7578125,0,0,4.296875,-11,14.7,7,
559,2026-09-02,14:23:24.36107,85.28658,,2218.75,48,,0,10.3125,775,27.4509803921569,0,45,14.2,-40,,0,4.296875,0,,,,,,,,,,,,2.10924,50,-2.1484375,0,0,4.296875,-11,14.7,4,
560,2026-09-02,14:23:24.53329,85.45158,,2250,48,,0,21.875,775,43.5294117647059,0,31,14.2,-40,,0,4.296875,0,,,,,,,,,,,,2.77326,131.25,-2.734375,0,0,4.296875,-11,14.7,15,
561,2026-09-02,14:23:24.70558,85.62817,,2281.25,48,,2,37.5,775,74.1176470588235,0,14,13.3,-40,,0,4.296875,0,,,,,,,,,,,,2.44125,168.75,-3.125,0,0,4.296875,-11,14.7,12,
562,2026-09-02,14:23:24.92497,85.85067,,2281.25,50,,2,33.4375,775,70.1960784313726,0,18,15.5,-40,,0,4.296875,0,,,,,,,,,,,,2.46078,137.5,-3.515625,0,0,4.296875,-11,14.7,15,
563,2026-09-02,14:23:25.11224,86.0324,,2343.75,50,,2,27.8125,775,61.5686274509804,0,25,16.8,-40,,0,4.296875,0,,,,,,,,,,,,2.3436,125,-2.734375,0,0,4.296875,-11,14.7,19,
564,2026-09-02,14:23:25.30053,86.23033,,2375,50,,2,24.375,776,54.5098039215686,0,31,15.1,-40,,0,4.296875,0,,,,,,,,,,,,2.26548,100,-1.7578125,0,0,4.296875,-11,14.7,7,
565,2026-09-02,14:23:25.50378,86.42968,,2375,50,,0,20.9375,774,47.4509803921569,0,38,14.3,-40,,0,4.296875,0,,,,,,,,,,,,2.36313,100,-1.171875,0,0,4.296875,-11,14.7,11,
566,2026-09-02,14:23:25.73841,86.66192,,2406.25,52,,0,23.75,775,51.7647058823529,0,32,14,-40,,0,4.296875,0,,,,,,,,,,,,2.5389,125,-1.7578125,0,0,4.296875,-11,14.7,20,
567,2026-09-02,14:23:25.94204,86.86928,,2437.5,52,,0,26.5625,776,59.2156862745098,0,30,15.1,-40,,0,4.296875,0,,,,,,,,,,,,2.46078,125,-2.34375,0,0,4.296875,-11,14.7,21,
568,2026-09-02,14:23:26.14556,87.06631,,2468.75,52,,0,26.25,775,59.6078431372549,0,31,15.6,-40,,0,4.296875,0,,,,,,,,,,,,2.46078,125,-1.7578125,0,0,4.296875,-11,14.7,22,
569,2026-09-02,14:23:26.39546,87.3231,,2500,54,,0,25.9375,775,59.6078431372549,0,31,15.2,-40,,0,4.296875,0,,,,,,,,,,,,2.51937,125,-0.390625,0,0,4.296875,-11,14.7,14,
570,2026-09-02,14:23:26.61495,87.53333,,2562.5,54,,0,25.625,775,59.2156862745098,0,31,15,-40,,0,4.296875,0,,,,,,,,,,,,2.51937,125,0.78125,0,0,4.296875,-11,14.7,15,
571,2026-09-02,14:23:26.83442,87.76291,,2593.75,54,,0,25.3125,775,58.0392156862745,0,33,14.3,-40,,0,4.296875,0,,,,,,,,,,,,2.5389,125,1.171875,0,0,4.296875,-11,14.7,21,
572,2026-09-02,14:23:27.06885,87.98696,,2625,56,,0,24.375,775,56.8627450980392,0,33,14.5,-40,,0,4.296875,0,,,,,,,,,,,,2.30454,118.75,0.390625,0,0,4.296875,-11,14.7,34,
573,2026-09-02,14:23:27.27276,88.20229,,2625,56,,0,20,774,46.6666666666667,0,40,14.2,-40,,0,4.296875,0,,,,,,,,,,,,2.24595,100,-0.1953125,0,0,4.296875,-11,14.7,2,
574,2026-09-02,14:23:27.49223,88.41656,,2625,56,,0,16.25,774,40,0,43,14,-40,,0,4.296875,0,,,,,,,,,,,,2.12877,81.25,-0.9765625,0,0,4.296875,-11,14.7,1,
575,2026-09-02,14:23:27.75792,88.69123,,2656.25,56,,0,14.0625,775,36.078431372549,0,44,14.1,-40,,0,4.296875,0,,,,,,,,,,,,2.03112,62.5,-1.3671875,0,0,4.296875,-11,14.7,21,
576,2026-09-02,14:23:27.96150,88.88583,,2687.5,56,,0,11.5625,775,30.5882352941176,0,46,14.4,-40,,0,4.296875,0,,,,,,,,,,,,1.99206,56.25,-2.1484375,0,0,4.296875,-11,14.7,12,
577,2026-09-02,14:23:28.18082,89.10303,,2656.25,56,,0,10.625,775,28.6274509803922,0,45,14.6,-40,,0,4.296875,0,,,,,,,,,,,,1.97253,56.25,-2.734375,0,0,4.296875,-11,14.7,18,
578,2026-09-02,14:23:28.38382,89.31534,,2656.25,56,,0,10.625,775,27.843137254902,0,45,15.9,-40,,0,4.296875,0,,,,,,,,,,,,1.97253,56.25,-2.5390625,0,0,4.296875,-11,14.7,24,
579,2026-09-02,14:23:28.65045,89.57947,,2625,56,,0,10.3125,775,27.0588235294118,0,45,15.6,-40,,0,4.296875,0,,,,,,,,,,,,1.97253,50,-1.5625,0,0,4.296875,-11,14.7,0,
580,2026-09-02,14:23:28.86956,89.79459,,2656.25,56,,0,10.3125,774,26.2745098039216,0,44,15.2,-40,,0,4.296875,0,,,,,,,,,,,,1.99206,50,-0.5859375,0,0,4.296875,-11,14.7,12,
581,2026-09-02,14:23:29.12017,90.04928,,2625,56,,0,10.3125,775,26.2745098039216,0,44,14.8,-40,,0,4.296875,0,,,,,,,,,,,,1.97253,56.25,0.1953125,0,0,4.296875,-11,14.7,4,
582,2026-09-02,14:23:29.35465,90.28376,,2656.25,56,,0,11.5625,774,28.2352941176471,0,44,14.8,-40,,0,4.296875,0,,,,,,,,,,,,2.07018,62.5,1.3671875,0,0,4.296875,-11,14.7,26,
583,2026-09-02,14:23:29.57368,90.49857,,2625,56,,0,12.5,774,29.8039215686275,0,44,14.6,-40,,0,4.296875,0,,,,,,,,,,,,2.07018,62.5,2.1484375,0,0,4.296875,-11,14.7,24,
584,2026-09-02,14:23:29.80879,90.73284,,2625,56,,0,12.5,775,30.5882352941176,0,44,14.2,-40,,0,4.296875,0,,,,,,,,,,,,2.05065,62.5,2.34375,0,0,4.296875,-11,14.7,33,
585,2026-09-02,14:23:30.01210,90.93271,,2625,56,,0,12.5,774,30.9803921568627,0,44,14,-40,,0,4.296875,0,,,,,,,,,,,,2.03112,62.5,1.5625,0,0,4.296875,-11,14.7,3,
586,2026-09-02,14:23:30.20034,91.13253,,2656.25,56,,0,12.5,775,31.3725490196078,0,44,14.2,-40,,0,4.296875,0,,,,,,,,,,,,2.03112,62.5,0.9765625,0,0,4.296875,-11,14.7,6,
587,2026-09-02,14:23:30.40355,91.32556,,2625,56,,0,12.5,775,31.3725490196078,0,44,14.4,-40,,0,4.296875,0,,,,,,,,,,,,2.10924,62.5,0.390625,0,0,4.296875,-11,14.7,16,
588,2026-09-02,14:23:30.63774,91.56681,,2625,56,,0,12.8125,775,31.7647058823529,0,44,14.6,-40,,0,4.296875,0,,,,,,,,,,,,2.03112,62.5,-0.390625,0,0,4.296875,-11,14.7,13,
589,2026-09-02,14:23:30.82603,91.75154,,2656.25,56,,0,12.8125,775,32.156862745098,0,44,14.9,-40,,0,4.296875,0,,,,,,,,,,,,2.03112,62.5,-0.9765625,0,0,4.296875,-11,14.7,33,
590,2026-09-02,14:23:31.01319,91.94629,,2625,56,,0,13.125,775,32.5490196078431,0,44,14.9,-40,,0,4.296875,0,,,,,,,,,,,,2.12877,68.75,-0.1953125,0,0,4.296875,-11,14.7,1,
591,2026-09-02,14:23:31.26396,92.1905,,2593.75,56,,0,14.0625,775,34.5098039215686,0,44,14.6,-40,,0,4.296875,0,,,,,,,,,,,,2.16783,75,0.5859375,0,0,4.296875,-11,14.7,4,
592,2026-09-02,14:23:31.48270,92.40544,,2625,56,,0,16.25,775,37.6470588235294,0,42,13.9,-40,,0,4.296875,0,,,,,,,,,,,,2.20689,87.5,0,0,0,4.296875,-11,14.7,5,
593,2026-09-02,14:23:31.71802,92.64204,,2625,56,,0,16.875,774,40,0,42,13.9,-40,,0,4.296875,0,,,,,,,,,,,,2.24595,87.5,-0.78125,0,0,4.296875,-11,14.7,11,
594,2026-09-02,14:23:31.93667,92.85486,,2625,56,,0,17.1875,774,41.5686274509804,0,42,14.3,-40,,0,4.296875,0,,,,,,,,,,,,2.26548,87.5,-1.5625,0,0,4.296875,-11,14.7,4,
595,2026-09-02,14:23:32.12514,93.04718,,2625,56,,0,16.875,775,41.1764705882353,0,42,14.6,-40,,0,4.296875,0,,,,,,,,,,,,2.20689,87.5,-2.1484375,0,0,4.296875,-11,14.7,5,
596,2026-09-02,14:23:32.34587,93.26673,,2656.25,56,,0,15.9375,775,39.6078431372549,0,43,15.3,-40,,0,4.296875,0,,,,,,,,,,,,2.20689,81.25,-2.34375,0,0,4.296875,-11,14.7,14,
597,2026-09-02,14:23:32.53395,93.4567,,2656.25,56,,0,14.6875,775,38.0392156862745,0,43,14.8,-40,,0,4.296875,0,,,,,,,,,,,,2.10924,75,-1.5625,0,0,4.296875,-11,14.7,7,
598,2026-09-02,14:23:32.75289,93.67821,,2687.5,56,,0,12.8125,774,34.5098039215686,0,47,14.5,-40,,0,4.296875,0,,,,,,,,,,,,1.953,62.5,-0.1953125,0,0,4.296875,-11,14.7,10,
599,2026-09-02,14:23:32.98760,93.9078,,2687.5,56,,0,10.9375,775,30.1960784313725,0,46,14.8,-40,,0,4.296875,0,,,,,,,,,,,,1.97253,56.25,-0.390625,0,0,4.296875,-11,14.7,7,
600,2026-09-02,14:23:33.17510,94.1028,,2656.25,56,,0,10.3125,774,28.6274509803922,0,45,15.9,-40,,0,4.296875,0,,,,,,,,,,,,1.97253,56.25,0.1953125,0,0,4.296875,-11,14.7,8,
601,2026-09-02,14:23:33.45709,94.37729,,2687.5,58,,0,10.3125,774,27.843137254902,0,45,15.2,-40,,0,4.296875,0,,,,,,,,,,,,1.99206,50,1.171875,0,0,4.296875,-11,14.7,24,
602,2026-09-02,14:23:33.64427,94.57214,,2656.25,58,,0,11.875,775,29.4117647058824,0,44,15.3,-40,,0,4.296875,0,,,,,,,,,,,,2.30454,68.75,2.1484375,0,0,4.296875,-11,14.7,17,
603,2026-09-02,14:23:33.86397,94.78687,,2687.5,58,,0,18.125,775,40,0,41,14.2,-40,,0,4.296875,0,,,,,,,,,,,,2.26548,93.75,3.125,0,0,4.296875,-11,14.7,11,
604,2026-09-02,14:23:34.06792,94.9889,,2687.5,58,,0,17.8125,774,41.1764705882353,0,42,13.3,-40,,0,4.296875,0,,,,,,,,,,,,2.10924,87.5,2.5390625,0,0,4.296875,-11,14.7,7,
605,2026-09-02,14:23:34.25584,95.1811,,2687.5,58,,0,14.375,775,36.4705882352941,0,44,13.8,-40,,0,4.296875,0,,,,,,,,,,,,2.16783,75,1.953125,0,0,4.296875,-11,14.7,4,
606,2026-09-02,14:23:34.47534,95.39562,,2687.5,58,,0,13.75,774,35.2941176470588,0,44,14.1,-40,,0,4.296875,0,,,,,,,,,,,,2.03112,68.75,1.171875,0,0,4.296875,-11,14.7,8,
607,2026-09-02,14:23:34.71032,95.6325,,2687.5,58,,0,11.5625,775,30.9803921568627,0,45,14.7,-40,,0,4.296875,0,,,,,,,,,,,,1.99206,56.25,0.5859375,0,0,4.296875,-11,14.7,6,
608,2026-09-02,14:23:34.89743,95.82329,,2687.5,58,,0,10,775,27.843137254902,0,45,14.8,-40,,0,4.296875,0,,,,,,,,,,,,1.93347,50,-0.1953125,0,0,4.296875,-11,14.7,19,
609,2026-09-02,14:23:35.10136,96.03446,,2687.5,58,,0,9.6875,775,26.6666666666667,0,44,16.1,-40,,0,4.296875,0,,,,,,,,,,,,1.97253,50,0.1953125,0,0,4.296875,-11,14.7,13,
610,2026-09-02,14:23:35.28933,96.21964,,2687.5,58,,0,9.6875,775,25.8823529411765,0,44,15.5,-40,,0,4.296875,0,,,,,,,,,,,,1.91394,50,0.9765625,0,0,4.296875,-11,14.7,14,
611,2026-09-02,14:23:35.55509,96.47585,,2687.5,58,,0,9.6875,774,25.4901960784314,0,44,15.1,-40,,0,4.296875,0,,,,,,,,,,,,1.97253,50,1.953125,0,0,4.296875,-11,14.7,8,
612,2026-09-02,14:23:35.74323,96.66842,,2687.5,58,,0,9.6875,775,25.0980392156863,0,44,14.7,-40,,0,4.296875,0,,,,,,,,,,,,1.97253,50,2.734375,0,0,4.296875,-11,14.7,1,
613,2026-09-02,14:23:35.97825,96.90328,,2687.5,58,,0,9.375,775,25.0980392156863,0,44,14.7,-40,,0,4.296875,0,,,,,,,,,,,,1.87488,50,2.9296875,0,0,4.296875,-11,14.7,6,
614,2026-09-02,14:23:36.16535,97.09799,,2687.5,58,,0,8.4375,775,23.1372549019608,0,34,14.7,-40,,0,4.296875,0,,,,,,,,,,,,1.85535,43.75,2.1484375,0,0,4.296875,-11,14.7,10,
615,2026-09-02,14:23:36.43172,97.36254,,2687.5,58,,0,8.125,774,22.3529411764706,0,28,15,-40,,0,4.296875,0,,,,,,,,,,,,1.85535,43.75,2.5390625,0,0,4.296875,-11,14.7,2,
616,2026-09-02,14:23:36.63461,97.56229,,2687.5,58,,0,8.125,774,21.5686274509804,0,26,14.5,-40,,0,4.296875,0,,,,,,,,,,,,1.81629,43.75,3.3203125,0,0,4.296875,-11,14.7,12,
617,2026-09-02,14:23:36.85387,97.78691,,2687.5,58,,0,7.8125,774,21.5686274509804,0,24,14.2,-40,,0,4.296875,0,,,,,,,,,,,,1.77723,37.5,3.125,0,0,4.296875,-11,14.7,11,
618,2026-09-02,14:23:37.07317,97.99155,,2656.25,58,,0,7.5,774,20.7843137254902,0,20,14.2,-40,,0,4.296875,0,,,,,,,,,,,,1.85535,37.5,2.5390625,0,0,4.296875,-11,14.7,13,
619,2026-09-02,14:23:37.26152,98.19102,,2625,58,,0,7.5,775,20.3921568627451,0,18,14.4,-40,,0,4.296875,0,,,,,,,,,,,,1.79676,37.5,1.7578125,0,0,4.296875,-11,14.7,10,
620,2026-09-02,14:23:37.46476,98.38836,,2656.25,58,,0,7.5,775,20.3921568627451,0,18,14.9,-40,,0,4.296875,0,,,,,,,,,,,,1.77723,37.5,1.171875,0,0,4.296875,-11,14.7,26,
621,2026-09-02,14:23:37.68348,98.6092,,2625,56,,0,7.1875,775,20,0,16,14.4,-40,,0,4.296875,0,,,,,,,,,,,,1.77723,37.5,0,0,0,4.296875,-11,14.7,18,
622,2026-09-02,14:23:37.91834,98.8399,,2625,56,,0,7.1875,774,19.6078431372549,0,16,14.9,-40,,0,4.296875,0,,,,,,,,,,,,1.77723,37.5,-0.78125,0,0,4.296875,-11,14.7,6,
623,2026-09-02,14:23:38.12205,99.05521,,2625,56,,0,7.1875,775,20,0,16,15,-40,,0,4.296875,0,,,,,,,,,,,,1.77723,37.5,-1.171875,0,0,4.296875,-11,14.7,28,
624,2026-09-02,14:23:38.34118,99.27443,,2625,56,,0,7.1875,774,19.6078431372549,0,16,15.2,-40,,0,4.296875,0,,,,,,,,,,,,1.77723,37.5,-0.1953125,0,0,4.296875,-11,14.7,14,
625,2026-09-02,14:23:38.54526,99.46383,,2593.75,56,,0,7.5,774,19.6078431372549,0,16,15,-40,,0,4.296875,0,,,,,,,,,,,,1.7577,37.5,0.5859375,0,0,4.296875,-11,14.7,18,
626,2026-09-02,14:23:38.73296,99.65896,,2562.5,56,,0,7.1875,775,19.6078431372549,0,16,14.5,-40,,0,4.296875,0,,,,,,,,,,,,1.77723,37.5,1.171875,0,0,4.296875,-11,14.7,9,
627,2026-09-02,14:23:38.99940,99.92032,,2593.75,56,,0,7.1875,775,19.6078431372549,0,16,14.6,-40,,0,4.296875,0,,,,,,,,,,,,1.83582,37.5,1.171875,0,0,4.296875,-11,14.7,3,
628,2026-09-02,14:23:39.23372,100.15288,,2531.25,56,,0,7.5,774,20,0,18,14.5,-40,,0,4.296875,0,,,,,,,,,,,,1.77723,37.5,0.390625,0,0,4.296875,-11,14.7,7,
629,2026-09-02,14:23:39.42070,100.3478,,2531.25,56,,0,7.5,775,20,0,18,15.1,-40,,0,4.296875,0,,,,,,,,,,,,1.79676,37.5,0.390625,0,0,4.296875,-11,14.7,0,
630,2026-09-02,14:23:39.64052,100.56703,,2531.25,56,,0,7.5,774,20,0,18,15.3,-40,,0,4.296875,0,,,,,,,,,,,,1.81629,37.5,1.3671875,0,0,4.296875,-11,14.7,17,
631,2026-09-02,14:23:39.84407,100.77215,,2531.25,54,,0,7.5,775,20,0,18,15,-40,,0,4.296875,0,,,,,,,,,,,,1.79676,37.5,2.1484375,0,0,4.296875,-11,14.7,10,
632,2026-09-02,14:23:40.06330,100.9815,,2500,54,,0,7.5,774,20,0,18,14.4,-40,,0,4.296875,0,,,,,,,,,,,,1.7577,37.5,2.9296875,0,0,4.296875,-11,14.7,34,
633,2026-09-02,14:23:40.25171,101.18135,,2500,54,,0,7.1875,774,19.6078431372549,0,16,14.3,-40,,0,4.296875,0,,,,,,,,,,,,1.73817,37.5,2.5390625,0,0,4.296875,-11,14.7,3,
634,2026-09-02,14:23:40.48668,101.41119,,2500,54,,0,7.1875,774,19.2156862745098,0,14,14.2,-40,,0,4.296875,0,,,,,,,,,,,,1.79676,37.5,1.953125,0,0,4.296875,-11,14.7,0,
635,2026-09-02,14:23:40.68937,101.62087,,2500,54,,0,7.1875,774,19.2156862745098,0,14,14.4,-40,,0,4.296875,0,,,,,,,,,,,,1.7577,31.25,1.171875,0,0,4.296875,-11,14.7,34,
636,2026-09-02,14:23:40.89292,101.81554,,2468.75,54,,0,6.875,774,19.2156862745098,0,12,14.2,-40,,0,4.296875,0,,,,,,,,,,,,1.77723,31.25,0.5859375,0,0,4.296875,-11,14.7,24,
637,2026-09-02,14:23:41.09380,102.0251,,2468.75,52,,0,7.1875,774,18.8235294117647,0,14,14.2,-40,,0,4.296875,0,,,,,,,,,,,,1.7577,31.25,0,0,0,4.296875,-11,14.7,1,
638,2026-09-02,14:23:41.30058,102.22193,,2437.5,52,,0,7.1875,775,19.2156862745098,0,14,15.2,-40,,0,4.296875,0,,,,,,,,,,,,1.77723,31.25,-0.390625,0,0,4.296875,-11,14.7,19,
639,2026-09-02,14:23:41.55111,102.47237,,2437.5,52,,0,7.1875,774,18.8235294117647,0,14,15,-40,,0,4.296875,0,,,,,,,,,,,,1.79676,31.25,0.5859375,0,0,4.296875,-11,14.7,10,
640,2026-09-02,14:23:41.75443,102.68356,,2406.25,52,,0,7.5,774,18.8235294117647,0,16,14.6,-40,,0,4.296875,0,,,,,,,,,,,,1.77723,31.25,1.3671875,0,0,4.296875,-11,14.7,7,
641,2026-09-02,14:23:41.95774,102.88108,,2406.25,52,,0,7.1875,774,18.8235294117647,0,14,14.6,-40,,0,4.296875,0,,,,,,,,,,,,1.79676,31.25,2.1484375,0,0,4.296875,-11,14.7,6,
642,2026-09-02,14:23:42.17621,103.10027,,2406.25,52,,0,7.1875,774,18.8235294117647,0,14,14.4,-40,,0,4.296875,0,,,,,,,,,,,,1.79676,31.25,2.1484375,0,0,4.296875,-11,14.7,10,
643,2026-09-02,14:23:42.36429,103.28535,,2406.25,52,,0,7.1875,774,18.8235294117647,0,18,14,-40,,0,4.296875,0,,,,,,,,,,,,1.79676,37.5,1.5625,0,0,4.296875,-11,14.7,3,
644,2026-09-02,14:23:42.59961,103.52263,,2437.5,52,,0,8.125,775,20.3921568627451,0,28,14.4,-40,,0,4.296875,0,,,,,,,,,,,,1.79676,37.5,0.78125,0,0,4.296875,-11,14.7,3,
645,2026-09-02,14:23:42.81849,103.7519,,2375,52,,0,7.8125,774,19.6078431372549,0,22,14.4,-40,,0,4.296875,0,,,,,,,,,,,,1.71864,37.5,-0.390625,0,0,4.296875,-11,14.7,16,
646,2026-09-02,14:23:43.02243,103.95212,,2406.25,52,,0,7.5,774,19.6078431372549,0,18,14.6,-40,,0,4.296875,0,,,,,,,,,,,,1.73817,31.25,-0.9765625,0,0,4.296875,-11,14.7,13,
647,2026-09-02,14:23:43.25678,104.18127,,2343.75,50,,0,7.5,774,19.2156862745098,0,18,14.9,-40,,0,4.296875,0,,,,,,,,,,,,1.73817,31.25,-1.5625,0,0,4.296875,-11,14.7,7,
648,2026-09-02,14:23:43.49187,104.4165,,2375,50,,0,7.1875,774,18.8235294117647,0,17,15,-40,,0,4.296875,0,,,,,,,,,,,,1.48428,25,-0.78125,0,0,4.296875,-11,14.7,14,
649,2026-09-02,14:23:43.77399,104.70563,,2406.25,50,,0,4.6875,775,14.5098039215686,0,-4,14.9,-40,,0,4.296875,0,,,,,,,,,,,,1.5624,18.75,0,0,0,4.296875,-11,14.7,40,
650,2026-09-02,14:23:43.97698,104.90984,,2343.75,50,,0,4.0625,774,13.3333333333333,0,-5,16.7,-40,,0,4.296875,0,,,,,,,,,,,,1.48428,18.75,0,0,0,4.296875,-11,14.7,23,
651,2026-09-02,14:23:44.14935,105.07459,,2343.75,50,,0,4.0625,775,12.5490196078431,0,-5,16.5,-40,,0,4.296875,0,,,,,,,,,,,,1.48428,18.75,0,0,0,4.296875,-11,14.7,5,
652,2026-09-02,14:23:44.30618,105.23938,,2312.5,50,,0,3.75,774,12.5490196078431,0,-5,16.3,-40,,0,4.296875,0,,,,,,,,,,,,1.48428,18.75,0,0,0,4.296875,-11,14.7,18,
653,2026-09-02,14:23:44.47797,105.40906,,2281.25,50,,0,3.4375,774,12.156862745098,0,-6,17.3,-40,,0,4.296875,0,,,,,,,,,,,,1.40616,12.5,0,0,0,4.296875,-11,14.7,9,
654,2026-09-02,14:23:44.65039,105.57008,,2281.25,50,,0,3.75,774,12.156862745098,0,-6,13.8,-40,,0,4.296875,0,,,,,,,,,,,,1.60146,18.75,0,0,0,4.296875,-11,14.7,8,
655,2026-09-02,14:23:44.80713,105.73362,,2281.25,50,,0,4.375,774,13.3333333333333,0,-6,14.4,-40,,0,4.296875,0,,,,,,,,,,,,1.50381,18.75,0,0,0,4.296875,-11,14.7,3,
656,2026-09-02,14:23:44.97937,105.8986,,2250,50,,0,4.6875,774,13.7254901960784,0,-6,16.6,-40,,0,4.296875,0,,,,,,,,,,,,1.5624,18.75,0,0,0,4.296875,-11,14.7,2,
657,2026-09-02,14:23:45.16678,106.09355,,2218.75,50,,0,4.6875,774,13.7254901960784,0,-6,15.5,-40,,0,4.296875,0,,,,,,,,,,,,1.58193,18.75,0,0,0,4.296875,-11,14.7,6,
658,2026-09-02,14:23:45.37039,106.29148,,2250,48,,0,4.6875,774,13.7254901960784,0,-6,15.6,-40,,0,4.296875,0,,,,,,,,,,,,1.54287,18.75,0,0,0,4.296875,-11,14.7,14,
659,2026-09-02,14:23:45.55890,106.48846,,2218.75,48,,0,4.6875,775,14.1176470588235,0,-7,15.8,-40,,0,4.296875,0,,,,,,,,,,,,1.60146,18.75,0,0,0,4.296875,-11,14.7,2,
660,2026-09-02,14:23:45.77833,106.70751,,2187.5,48,,0,4.6875,775,14.1176470588235,0,-7,15.3,-40,,0,4.296875,0,,,,,,,,,,,,1.73817,18.75,0,0,0,4.296875,-11,14.7,2,
661,2026-09-02,14:23:45.99679,106.92199,,2187.5,48,,0,7.5,774,18.0392156862745,0,19,15.8,-40,,0,4.296875,0,,,,,,,,,,,,1.79676,31.25,0.390625,0,0,4.296875,-11,14.7,3,
662,2026-09-02,14:23:46.23092,107.16203,,2187.5,46,,0,8.75,775,20.3921568627451,0,33,15.7,-40,,0,4.296875,0,,,,,,,,,,,,1.83582,37.5,1.171875,0,0,4.296875,-11,14.7,6,
663,2026-09-02,14:23:46.43459,107.35972,,2125,46,,0,9.0625,775,21.9607843137255,0,39,14.6,-40,,0,4.296875,0,,,,,,,,,,,,1.87488,37.5,1.953125,0,0,4.296875,-11,14.7,4,
664,2026-09-02,14:23:46.65326,107.57812,,2187.5,46,,0,7.5,775,18.8235294117647,0,19,14.8,-40,,0,4.296875,0,,,,,,,,,,,,1.64052,31.25,2.5390625,0,0,4.296875,-11,14.7,14,
665,2026-09-02,14:23:46.91992,107.84536,,2093.75,46,,0,6.25,774,16.8627450980392,0,9,14.8,-40,,0,4.296875,0,,,,,,,,,,,,1.54287,25,3.3203125,0,0,4.296875,-11,14.7,2,
666,2026-09-02,14:23:47.13927,108.06008,,1781.25,46,,0,6.25,774,18.0392156862745,0,40,14.2,-40,,0,4.296875,0,,,,,,,,,,,,1.64052,18.75,3.515625,0,0,4.296875,-11,14.7,1,
667,2026-09-02,14:23:47.34301,108.26996,,1625,46,,0,6.5625,774,18.0392156862745,0,36,13.5,-40,,0,4.296875,0,,,,,,,,,,,,1.46475,18.75,3.125,0,0,4.296875,-11,14.7,8,
668,2026-09-02,14:23:47.59295,108.51714,,1468.75,46,,0,6.5625,774,18.0392156862745,0,32,12.6,-40,,0,4.296875,0,,,,,,,,,,,,1.60146,18.75,2.734375,0,0,4.296875,-11,14.7,3,
669,2026-09-02,14:23:47.84416,108.76919,,1281.25,46,,0,7.1875,775,19.6078431372549,0,29,12.8,-40,,0,4.296875,0,,,,,,,,,,,,1.54287,18.75,2.34375,0,0,4.296875,-11,14.7,3,
670,2026-09-02,14:23:48.09508,109.02349,,1125,46,,0,8.125,774,21.1764705882353,0,24,13.2,-40,,0,4.296875,0,,,,,,,,,,,,1.50381,18.75,2.1484375,0,0,4.296875,-11,14.7,1,
671,2026-09-02,14:23:48.31432,109.2436,,1000,44,,0,8.75,774,22.7450980392157,0,22,13.2,-40,,0,4.296875,0,,,,,,,,,,,,1.48428,18.75,1.953125,0,0,4.296875,-11,14.7,0,
672,2026-09-02,14:23:48.51777,109.44842,,906.25,44,,0,9.6875,774,24.7058823529412,0,19,13.3,-40,,0,4.296875,0,,,,,,,,,,,,1.58193,18.75,1.7578125,0,0,4.296875,-11,14.7,3,
673,2026-09-02,14:23:48.75202,109.67544,,812.5,44,,0,10.625,774,26.2745098039216,0,17,13.5,-40,,0,4.296875,0,,,,,,,,,,,,1.60146,18.75,1.7578125,0,0,4.296875,-11,14.7,0,
674,2026-09-02,14:23:48.95490,109.88236,,750,44,,0,11.25,774,28.2352941176471,0,14,13.4,-40,,0,4.296875,0,,,,,,,,,,,,1.5624,18.75,1.5625,0,0,4.296875,-11,14.7,1,
675,2026-09-02,14:23:49.15910,110.0923,,750,44,,0,11.875,774,29.4117647058824,0,11,13.2,-40,,0,4.296875,0,,,,,,,,,,,,1.5624,18.75,1.3671875,0,0,4.296875,-11,14.7,3,
676,2026-09-02,14:23:49.39401,110.3174,,718.75,44,,0,12.1875,774,30.1960784313725,0,11,13.1,-40,,0,4.296875,0,,,,,,,,,,,,1.58193,18.75,1.3671875,0,0,4.296875,-11,14.7,4,
677,2026-09-02,14:23:49.62998,110.5539,,718.75,42,,0,12.5,774,31.3725490196078,0,10,13,-40,,0,4.296875,0,,,,,,,,,,,,1.50381,18.75,1.3671875,0,0,4.296875,-11,14.7,1,
678,2026-09-02,14:23:49.86481,110.79629,,750,42,,0,12.5,774,31.7647058823529,0,8,12.9,-40,,0,4.296875,0,,,,,,,,,,,,1.46475,18.75,1.171875,0,0,4.296875,-11,14.7,0,
679,2026-09-02,14:23:50.08423,111.01079,,781.25,42,,0,12.1875,774,30.9803921568627,0,9,13,-40,,0,4.296875,0,,,,,,,,,,,,2.1483,18.75,1.171875,0,0,4.296875,-11,14.7,1,
680,2026-09-02,14:23:50.30292,111.22549,,937.5,42,,0,27.8125,774,54.9019607843137,0,3,13.2,-40,,0,4.296875,0,,,,,,,,,,,,2.08971,68.75,0.78125,0,0,4.296875,-11,14.7,3,
681,2026-09-02,14:23:50.52250,111.45547,,1593.75,42,,0,24.375,774,54.1176470588235,0,17,12.6,-40,,0,4.296875,0,,,,,,,,,,,,2.16783,87.5,0.390625,0,0,4.296875,-11,14.7,18,
682,2026-09-02,14:23:50.74136,111.66479,,2125,42,,0,20.9375,774,48.2352941176471,0,34,13.7,-40,,0,4.296875,0,,,,,,,,,,,,2.18736,81.25,-0.1953125,0,0,4.296875,-11,14.7,9,
683,2026-09-02,14:23:51.02241,111.9443,,2031.25,44,,0,20.625,774,49.8039215686275,0,34,13.3,-40,,0,4.296875,0,,,,,,,,,,,,2.16783,81.25,-0.9765625,0,0,4.296875,-11,14.7,31,
684,2026-09-02,14:23:51.25669,112.18185,,2031.25,44,,0,20.625,774,49.8039215686275,0,34,14.2,-40,,0,4.296875,0,,,,,,,,,,,,2.18736,81.25,-1.5625,0,0,4.296875,-11,14.7,14,
685,2026-09-02,14:23:51.46090,112.39372,,2000,44,,0,19.375,774,47.4509803921569,0,35,14.8,-40,,0,4.296875,0,,,,,,,,,,,,2.10924,75,-2.1484375,0,0,4.296875,-11,14.7,24,
686,2026-09-02,14:23:51.66465,112.58596,,2031.25,44,,0,18.75,774,45.8823529411765,0,36,15.1,-40,,0,4.296875,0,,,,,,,,,,,,2.16783,75,-2.734375,0,0,4.296875,-11,14.7,17,
687,2026-09-02,14:23:51.86824,112.79307,,2062.5,44,,0,19.6875,774,47.0588235294118,0,36,14.8,-40,,0,4.296875,0,,,,,,,,,,,,2.18736,81.25,-3.3203125,0,0,4.296875,-11,14.7,2,
688,2026-09-02,14:23:52.07193,112.99518,,2093.75,44,,0,19.375,774,46.2745098039216,0,36,15.1,-40,,0,4.296875,0,,,,,,,,,,,,2.10924,75,-3.7109375,0,0,4.296875,-11,14.7,6,
689,2026-09-02,14:23:52.27501,113.20236,,2093.75,44,,0,17.1875,774,42.7450980392157,0,38,15.1,-40,,0,4.296875,0,,,,,,,,,,,,1.97253,68.75,-3.7109375,0,0,4.296875,-11,14.7,4,
690,2026-09-02,14:23:52.47878,113.40657,,2093.75,44,,0,14.375,774,35.6862745098039,0,41,14.9,-40,,0,4.296875,0,,,,,,,,,,,,1.97253,56.25,-3.125,0,0,4.296875,-11,14.7,6,
691,2026-09-02,14:23:52.71366,113.6367,,2093.75,44,,0,14.0625,774,34.9019607843137,0,41,14.7,-40,,0,4.296875,0,,,,,,,,,,,,1.93347,56.25,-2.734375,0,0,4.296875,-11,14.7,11,
692,2026-09-02,14:23:52.94857,113.86917,,2093.75,44,,0,11.25,774,30.1960784313725,0,42,14.8,-40,,0,4.296875,0,,,,,,,,,,,,1.73817,37.5,-3.3203125,0,0,4.296875,-11,14.7,9,
693,2026-09-02,14:23:53.18344,114.11094,,2093.75,44,,0,8.4375,774,23.5294117647059,0,30,15.7,-40,,0,4.296875,0,,,,,,,,,,,,1.73817,31.25,-3.3203125,0,0,4.296875,-11,14.7,16,
694,2026-09-02,14:23:53.40278,114.33059,,2062.5,44,,0,6.25,774,18.8235294117647,0,-1,16.4,-40,,0,4.296875,0,,,,,,,,,,,,1.60146,25,0,0,0,4.296875,-11,14.7,6,
695,2026-09-02,14:23:53.62203,114.5555,,2062.5,44,,0,5,774,16.4705882352941,0,-9,17.9,-40,,0,4.296875,0,,,,,,,,,,,,1.48428,18.75,0,0,0,4.296875,-11,14.7,19,
696,2026-09-02,14:23:53.82505,114.74664,,2062.5,44,,0,6.25,774,17.6470588235294,0,-1,19.4,-40,,0,4.296875,0,,,,,,,,,,,,1.83582,31.25,0,0,0,4.296875,-11,14.7,13,
697,2026-09-02,14:23:54.04474,114.97409,,2062.5,44,,0,9.375,774,22.3529411764706,0,41,17.1,-40,,0,4.296875,0,,,,,,,,,,,,1.93347,43.75,0.78125,0,0,4.296875,-11,14.7,6,
698,2026-09-02,14:23:54.26350,115.18655,,2062.5,44,,0,12.1875,774,28.2352941176471,0,40,15.8,-40,,0,4.296875,0,,,,,,,,,,,,1.97253,50,1.3671875,0,0,4.296875,-11,14.7,4,
699,2026-09-02,14:23:54.48296,115.40722,,2062.5,44,,0,13.125,774,30.9803921568627,0,40,14.2,-40,,0,4.296875,0,,,,,,,,,,,,1.99206,50,1.953125,0,0,4.296875,-11,14.7,10,
700,2026-09-02,14:23:54.71803,115.63866,,2062.5,44,,0,12.8125,774,31.3725490196078,0,40,14,-40,,0,4.296875,0,,,,,,,,,,,,1.97253,50,1.3671875,0,0,4.296875,-11,14.7,2,
701,2026-09-02,14:23:54.92147,115.84551,,2062.5,44,,0,12.5,774,31.3725490196078,0,40,14.3,-40,,0,4.296875,0,,,,,,,,,,,,1.91394,50,0.78125,0,0,4.296875,-11,14.7,19,
702,2026-09-02,14:23:55.12523,116.0528,,2093.75,44,,0,12.1875,774,30.5882352941176,0,40,15.4,-40,,0,4.296875,0,,,,,,,,,,,,1.953,50,0.5859375,0,0,4.296875,-11,14.7,8,
703,2026-09-02,14:23:55.35952,116.27762,,2093.75,44,,0,12.1875,774,30.5882352941176,0,40,15.2,-40,,0,4.296875,0,,,,,,,,,,,,1.91394,50,1.171875,0,0,4.296875,-11,14.7,6,
704,2026-09-02,14:23:55.57945,116.51217,,2093.75,44,,0,10.9375,774,28.2352941176471,0,40,14.7,-40,,0,4.296875,0,,,,,,,,,,,,1.85535,43.75,1.953125,0,0,4.296875,-11,14.7,6,
705,2026-09-02,14:23:55.78291,116.70633,,2093.75,44,,0,9.6875,774,25.8823529411765,0,41,14.2,-40,,0,4.296875,0,,,,,,,,,,,,1.83582,37.5,1.953125,0,0,4.296875,-11,14.7,11,
706,2026-09-02,14:23:55.98626,116.9084,,2093.75,44,,0,9.375,774,25.0980392156863,0,41,14.2,-40,,0,4.296875,0,,,,,,,,,,,,1.79676,37.5,1.3671875,0,0,4.296875,-11,14.7,2,
707,2026-09-02,14:23:56.18987,117.1162,,2093.75,44,,0,9.375,774,24.7058823529412,0,41,14.7,-40,,0,4.296875,0,,,,,,,,,,,,1.81629,37.5,0.9765625,0,0,4.296875,-11,14.7,5,
708,2026-09-02,14:23:56.45600,117.37788,,2093.75,44,,0,11.875,774,27.843137254902,0,41,15,-40,,0,4.296875,0,,,,,,,,,,,,2.08971,56.25,0.9765625,0,0,4.296875,-11,14.7,6,
709,2026-09-02,14:23:56.67553,117.60011,,2093.75,44,,0,15.3125,775,35.2941176470588,0,40,14.3,-40,,0,4.296875,0,,,,,,,,,,,,2.05065,62.5,1.7578125,0,0,4.296875,-11,14.7,7,
710,2026-09-02,14:23:56.92620,117.85515,,2125,44,,0,15,774,36.4705882352941,0,40,13.6,-40,,0,4.296875,0,,,,,,,,,,,,2.05065,62.5,1.171875,0,0,4.296875,-12,14.7,23,
711,2026-09-02,14:23:57.12985,118.0596,,2125,44,,0,15.3125,774,36.4705882352941,0,41,13.6,-40,,0,4.296875,0,,,,,,,,,,,,2.1483,68.75,0.5859375,0,0,4.296875,-11,14.7,11,
712,2026-09-02,14:23:57.42679,118.35151,,2156.25,46,,0,18.125,774,40.3921568627451,0,39,14.2,-40,,0,4.296875,0,,,,,,,,,,,,1.91394,62.5,-0.1953125,0,0,4.296875,-11,14.7,11,
713,2026-09-02,14:23:57.64626,118.57881,,2156.25,46,,0,12.1875,774,30.5882352941176,0,43,14.2,-40,,0,4.296875,0,,,,,,,,,,,,1.73817,50,-0.78125,0,0,4.296875,-11,14.7,5,
714,2026-09-02,14:23:57.85011,118.78298,,2156.25,46,,0,9.6875,774,25.8823529411765,0,43,15.5,-40,,0,4.296875,0,,,,,,,,,,,,1.83582,37.5,-1.3671875,0,0,4.296875,-12,14.7,6,
715,2026-09-02,14:23:58.08474,119.00638,,2156.25,46,,0,9.0625,773,24.3137254901961,0,41,16.4,-40,,0,4.296875,0,,,,,,,,,,,,1.85535,37.5,-0.5859375,0,0,4.296875,-11,14.7,8,
716,2026-09-02,14:23:58.28746,119.2178,,2187.5,46,,0,11.5625,775,27.0588235294118,0,42,16.4,-40,,0,4.296875,0,,,,,,,,,,,,2.01159,50,0.1953125,0,0,4.296875,-11,14.7,12,
717,2026-09-02,14:23:58.52308,119.44733,,2187.5,46,,0,15.9375,774,34.9019607843137,0,41,15.6,-40,,0,4.296875,0,,,,,,,,,,,,2.18736,68.75,0.9765625,0,0,4.296875,-11,14.7,26,
718,2026-09-02,14:23:58.71106,119.63447,,2187.5,46,,0,18.75,774,40.7843137254902,0,37,13.9,-40,,0,4.296875,0,,,,,,,,,,,,2.42172,87.5,1.171875,0,0,4.296875,-12,14.7,11,
719,2026-09-02,14:23:58.93019,119.86192,,2218.75,46,,0,25.9375,775,55.6862745098039,0,28,13.6,-40,,0,4.296875,0,,,,,,,,,,,,2.38266,112.5,0.5859375,0,0,4.296875,-12,14.7,19,
720,2026-09-02,14:23:59.18095,120.10376,,2250,46,,0,20.9375,774,47.843137254902,0,37,14.2,-40,,0,4.296875,0,,,,,,,,,,,,1.93347,68.75,-0.1953125,0,0,4.296875,-11,14.7,10,
721,2026-09-02,14:23:59.43162,120.35315,,2250,46,,0,11.5625,775,29.8039215686275,0,45,14.7,-40,,0,4.296875,0,,,,,,,,,,,,1.89441,43.75,-0.78125,0,0,4.296875,-12,14.7,4,
722,2026-09-02,14:23:59.66605,120.58525,,2250,48,,0,10,774,25.4901960784314,0,45,14.8,-40,,0,4.296875,0,,,,,,,,,,,,1.85535,43.75,-1.5625,0,0,4.296875,-12,14.7,6,
723,2026-09-02,14:23:59.88547,120.80527,,2281.25,48,,0,9.6875,774,24.7058823529412,0,44,15.8,-40,,0,4.296875,0,,,,,,,,,,,,2.01159,43.75,-0.9765625,0,0,4.296875,-12,14.7,9,
724,2026-09-02,14:24:00.11998,121.04212,,2250,48,,0,13.125,774,30.1960784313725,0,44,16.5,-40,,0,4.296875,0,,,,,,,,,,,,2.18736,68.75,-0.390625,0,0,4.296875,-12,14.7,19,
725,2026-09-02,14:24:00.37049,121.29247,,2281.25,48,,0,20.625,774,42.3529411764706,0,37,15.4,-40,,0,4.296875,0,,,,,,,,,,,,2.28501,93.75,0.5859375,0,0,4.296875,-12,14.7,28,
726,2026-09-02,14:24:00.60483,121.52376,,2312.5,48,,0,20.9375,774,45.8823529411765,0,37,13.3,-40,,0,4.296875,0,,,,,,,,,,,,2.28501,93.75,0.1953125,0,0,4.296875,-12,14.7,24,
727,2026-09-02,14:24:00.79229,121.71882,,2312.5,48,,0,25.9375,774,54.5098039215686,0,28,14.1,-40,,0,4.296875,0,,,,,,,,,,,,2.61702,137.5,-0.390625,0,0,4.296875,-12,14.7,1,
728,2026-09-02,14:24:01.01155,121.94342,,2343.75,50,,0,29.6875,774,63.5294117647059,0,26,14.1,-40,,0,4.296875,0,,,,,,,,,,,,2.3436,125,-0.9765625,0,0,4.296875,-12,14.7,18,
729,2026-09-02,14:24:01.23089,122.16307,,2375,50,,0,24.6875,775,54.1176470588235,0,32,14.9,-40,,0,4.296875,0,,,,,,,,,,,,2.40219,112.5,-0.5859375,0,0,4.296875,-12,14.7,14,
730,2026-09-02,14:24:01.47404,122.39776,,2406.25,50,,0,23.4375,774,50.9803921568627,0,36,13.9,-40,,0,4.296875,0,,,,,,,,,,,,2.3436,106.25,-0.1953125,0,0,4.296875,-12,14.7,16,
731,2026-09-02,14:24:01.66952,122.60258,,2437.5,52,,0,22.5,774,49.4117647058824,0,38,14,-40,,0,4.296875,0,,,,,,,,,,,,2.28501,106.25,-0.78125,0,0,4.296875,-12,14.7,3,
732,2026-09-02,14:24:01.89592,122.82215,,2437.5,52,,0,20.3125,775,46.6666666666667,0,39,14.2,-40,,0,4.296875,0,,,,,,,,,,,,2.26548,93.75,-1.5625,0,0,4.296875,-12,14.7,26,
733,2026-09-02,14:24:02.08364,123.0168,,2500,52,,0,19.6875,774,45.8823529411765,0,40,14.2,-40,,0,4.296875,0,,,,,,,,,,,,2.28501,93.75,-2.34375,0,0,4.296875,-12,14.7,14,
734,2026-09-02,14:24:02.30281,123.23135,,2500,54,,0,19.375,774,45.8823529411765,0,40,14.1,-40,,0,4.296875,0,,,,,,,,,,,,2.24595,93.75,-3.125,0,0,4.296875,-11,14.7,5,
735,2026-09-02,14:24:02.50682,123.42863,,2531.25,54,,0,18.75,775,45.0980392156863,0,41,14.5,-40,,0,4.296875,0,,,,,,,,,,,,2.24595,93.75,-3.7109375,0,0,4.296875,-12,14.7,13,
736,2026-09-02,14:24:02.69454,123.62583,,2531.25,54,,0,18.75,774,44.7058823529412,0,41,14.7,-40,,0,4.296875,0,,,,,,,,,,,,2.28501,93.75,-4.4921875,0,0,4.296875,-12,14.7,31,
737,2026-09-02,14:24:02.91396,123.84547,,2531.25,54,,0,18.75,774,44.7058823529412,0,41,15.3,-40,,0,4.296875,0,,,,,,,,,,,,2.28501,93.75,-4.6875,0,0,4.296875,-12,14.7,29,
738,2026-09-02,14:24:03.11758,124.04538,,2562.5,54,,0,19.0625,775,45.0980392156863,0,41,15.1,-40,,0,4.296875,0,,,,,,,,,,,,2.24595,93.75,-3.7109375,0,0,4.296875,-12,14.7,20,
739,2026-09-02,14:24:03.32118,124.24269,,2562.5,54,,0,21.5625,774,50.9803921568627,0,38,14.5,-40,,0,4.296875,0,,,,,,,,,,,,2.46078,118.75,-2.734375,0,0,4.296875,-11,14.7,22,
740,2026-09-02,14:24:03.52475,124.44945,,2593.75,54,,0,24.375,774,56.078431372549,0,33,14.6,-40,,0,4.296875,0,,,,,,,,,,,,2.48031,125,-1.7578125,0,0,4.296875,-12,14.7,4,
741,2026-09-02,14:24:03.75966,124.68872,,2625,56,,0,24.6875,774,57.2549019607843,0,33,15,-40,,0,4.296875,0,,,,,,,,,,,,2.5389,125,-0.390625,0,0,4.296875,-11,14.7,6,
742,2026-09-02,14:24:03.97815,124.9035,,2687.5,56,,0,25,775,57.2549019607843,0,33,14.7,-40,,0,4.296875,0,,,,,,,,,,,,2.5389,131.25,0.78125,0,0,4.296875,-12,14.7,15,
743,2026-09-02,14:24:04.21279,125.14332,,2687.5,56,,0,25.9375,775,58.8235294117647,0,32,14.4,-40,,0,4.296875,0,,,,,,,,,,,,2.7342,156.25,1.5625,0,0,4.296875,-12,14.7,17,
744,2026-09-02,14:24:04.44809,125.37272,,2718.75,58,,5,30,774,65.4901960784314,0,28,14.6,-40,,0,4.296875,0,,,,,,,,,,,,2.61702,156.25,0.78125,0,0,4.296875,-12,14.7,17,
745,2026-09-02,14:24:04.65149,125.57768,,2781.25,58,,5,30,774,65.8823529411765,0,28,15.5,-40,,0,4.296875,0,,,,,,,,,,,,2.69514,162.5,0.9765625,0,0,4.296875,-12,14.7,28,
746,2026-09-02,14:24:04.83966,125.76743,,2812.5,58,,5,34.0625,774,72.9411764705882,0,23,14.4,-40,,0,4.296875,0,,,,,,,,,,,,2.96856,193.75,2.1484375,0,0,4.296875,-11,14.7,2,
747,2026-09-02,14:24:05.04269,125.96487,,2843.75,58,,4,36.25,774,75.6862745098039,0,21,14.2,-40,,0,4.296875,0,,,,,,,,,,,,2.7342,200,1.953125,0,0,4.296875,-12,14.7,24,
748,2026-09-02,14:24:05.27757,126.20102,,2875,62,,4,37.8125,774,77.6470588235294,0,20,15.1,-40,,0,4.296875,0,,,,,,,,,,,,2.51937,225,1.3671875,0,0,4.296875,-12,14.7,28,
749,2026-09-02,14:24:05.43436,126.36572,,2937.5,62,,4,39.375,774,79.2156862745098,0,20,14.5,-40,,0,4.296875,0,,,,,,,,,,,,2.57796,225,1.7578125,0,0,4.296875,-11,14.7,16,
750,2026-09-02,14:24:05.60668,126.5305,,2968.75,62,,4,40,774,79.2156862745098,0,18,14.4,-40,,0,4.296875,0,,,,,,,,,,,,3.22245,231.25,1.5625,0,0,4.296875,-12,14.7,4,
751,2026-09-02,14:24:05.77856,126.70529,,3031.25,64,,3,40.3125,775,80,0,22,14.7,-40,,0,4.296875,0,,,,,,,,,,,,2.42172,237.5,0,0,0,4.296875,-12,12.7135135135135,18,
752,2026-09-02,14:24:05.93525,126.86501,,3062.5,64,,3,40.625,775,80,0,22,13.2,-40,,0,4.296875,0,,,,,,,,,,,,2.9295,237.5,0,0,0,4.296875,-12,12.6281879194631,13,
753,2026-09-02,14:24:06.10782,127.04033,,3093.75,64,,3,40.9375,775,80,0,21,13.1,-40,,0,4.296875,0,,,,,,,,,,,,2.89044,250,0,0,0,4.296875,-11,12.6281879194631,18,
754,2026-09-02,14:24:06.32715,127.24764,,3125,64,,4,41.25,774,79.6078431372549,0,21,13,-40,,0,4.296875,0,,,,,,,,,,,,2.77326,250,0,0,0,4.296875,-12,12.7135135135135,8,
755,2026-09-02,14:24:06.54635,127.46963,,3187.5,68,,4,40,774,78.0392156862745,0,22,13,-40,,0,4.296875,0,,,,,,,,,,,,2.63655,243.75,0,0,0,4.296875,-12,12.9765517241379,7,
756,2026-09-02,14:24:06.74994,127.6794,,3250,68,,3,39.0625,774,77.6470588235294,0,21,12.9,-40,,0,4.296875,0,,,,,,,,,,,,2.96856,243.75,-0.390625,0,0,4.296875,-12,14.7,27,
757,2026-09-02,14:24:06.93751,127.86907,,3281.25,68,,3,36.25,774,74.1176470588235,0,22,14.7,-40,,0,4.296875,0,,,,,,,,,,,,2.83185,225,-0.9765625,0,0,4.296875,-11,14.7,29,
758,2026-09-02,14:24:07.17182,128.09607,,3312.5,68,,3,33.4375,774,70.1960784313726,0,25,15.9,-40,,0,4.296875,0,,,,,,,,,,,,2.5389,200,-0.78125,0,0,4.296875,-11,14.7,30,
759,2026-09-02,14:24:07.42290,128.34623,,3281.25,72,,0,11.875,774,28.2352941176471,0,41,15.2,-40,,0,4.296875,0,,,,,,,,,,,,1.71864,50,0.5859375,0,0,4.296875,-11,14.7,27,
760,2026-09-02,14:24:07.62575,128.55746,,3250,72,,0,5,774,17.6470588235294,0,11,14.2,-40,,0,4.296875,0,,,,,,,,,,,,1.67958,31.25,0,0,0,4.296875,-11,14.7,1,
761,2026-09-02,14:24:07.89280,128.81523,,3156.25,72,,0,4.375,774,16.4705882352941,0,9,17.6,-40,,0,4.296875,0,,,,,,,,,,,,1.66005,25,0,0,0,4.296875,-12,14.7,5,
762,2026-09-02,14:24:08.20530,129.12883,,3125,68,,0,4.0625,774,15.6862745098039,0,7,18.6,-40,,0,4.296875,0,,,,,,,,,,,,1.58193,25,0,0,0,4.296875,-12,14.7,0,
763,2026-09-02,14:24:08.40893,129.34144,,2968.75,68,,0,3.75,774,15.2941176470588,0,5,17.9,-40,,0,4.296875,0,,,,,,,,,,,,1.60146,18.75,0,0,0,4.296875,-11,14.7,13,
764,2026-09-02,14:24:08.67468,129.59865,,2937.5,62,,0,3.4375,773,14.9019607843137,0,4,17.8,-40,,0,4.296875,0,,,,,,,,,,,,1.5624,18.75,0,0,0,4.296875,-11,14.7,15,
765,2026-09-02,14:24:08.89408,129.81815,,2875,62,,0,3.125,774,14.9019607843137,0,4,16.7,-40,,0,4.296875,0,,,,,,,,,,,,1.54287,18.75,0,0,0,4.296875,-11,14.7,17,
766,2026-09-02,14:24:09.12841,130.05551,,2875,62,,0,4.375,774,17.6470588235294,0,4,18.9,-40,,0,4.296875,0,,,,,,,,,,,,2.01159,43.75,0.1953125,0,0,4.296875,-11,14.7,29,
767,2026-09-02,14:24:09.33284,130.25264,,2906.25,62,,0,10,774,25.4901960784314,0,44,31.8,-40,,0,4.296875,0,,,,,,,,,,,,2.16783,56.25,1.171875,0,0,4.296875,-11,14.7,15,
768,2026-09-02,14:24:09.53642,130.46501,,2875,62,,0,15.3125,774,34.9019607843137,0,42,16,-40,,0,4.296875,0,,,,,,,,,,,,2.40219,93.75,2.1484375,0,0,4.296875,-11,14.7,13,
769,2026-09-02,14:24:09.75522,130.68425,,2875,62,,0,19.0625,774,43.5294117647059,0,40,13,-40,,0,4.296875,0,,,,,,,,,,,,2.38266,106.25,2.34375,0,0,4.296875,-11,14.7,1,
770,2026-09-02,14:24:09.97502,130.90432,,2875,62,,0,19.375,774,44.7058823529412,0,40,13.3,-40,,0,4.296875,0,,,,,,,,,,,,2.38266,106.25,1.5625,0,0,4.296875,-11,14.7,7,
771,2026-09-02,14:24:10.24017,131.16104,,2906.25,62,,0,20,774,46.6666666666667,0,39,14.1,-40,,0,4.296875,0,,,,,,,,,,,,2.49984,118.75,0.5859375,0,0,4.296875,-11,14.7,17,
772,2026-09-02,14:24:10.46004,131.38079,,2937.5,62,,0,22.5,774,52.9411764705882,0,38,15.6,-40,,0,4.296875,0,,,,,,,,,,,,2.5389,131.25,-0.1953125,0,0,4.296875,-11,14.7,23,
773,2026-09-02,14:24:10.69478,131.61805,,2937.5,62,,0,22.8125,774,53.3333333333333,0,38,15.5,-40,,0,4.296875,0,,,,,,,,,,,,2.51937,131.25,0.9765625,0,0,4.296875,-11,14.7,26,
774,2026-09-02,14:24:10.91430,131.84277,,3000,64,,0,22.8125,774,52.9411764705882,0,38,15,-40,,0,4.296875,0,,,,,,,,,,,,2.51937,131.25,2.5390625,0,0,4.296875,-11,14.7,13,
775,2026-09-02,14:24:11.16460,132.08703,,3000,64,,0,22.5,774,52.9411764705882,0,38,14.5,-40,,0,4.296875,0,,,,,,,,,,,,2.61702,131.25,3.7109375,0,0,4.296875,-11,14.7,1,
776,2026-09-02,14:24:11.35244,132.28189,,3062.5,64,,0,24.6875,774,56.8627450980392,0,34,14.2,-40,,0,4.296875,0,,,,,,,,,,,,2.63655,143.75,3.3203125,0,0,4.296875,-11,14.7,13,
777,2026-09-02,14:24:11.57069,132.49157,,3062.5,64,,0,24.6875,774,57.2549019607843,0,33,14.7,-40,,0,4.296875,0,,,,,,,,,,,,2.61702,150,2.5390625,0,0,4.296875,-11,14.7,14,
778,2026-09-02,14:24:11.75931,132.68166,,3125,64,,0,24.6875,774,56.8627450980392,0,33,14.7,-40,,0,4.296875,0,,,,,,,,,,,,2.65608,150,3.515625,0,0,4.296875,-11,14.7,27,
779,2026-09-02,14:24:11.97853,132.91106,,3093.75,64,,0,24.375,774,56.4705882352941,0,33,14.1,-40,,0,4.296875,0,,,,,,,,,,,,2.61702,150,3.7109375,0,0,4.296875,-11,14.7,24,
780,2026-09-02,14:24:12.24468,133.17555,,3156.25,68,,0,24.0625,774,55.6862745098039,0,33,14.4,-40,,0,4.296875,0,,,,,,,,,,,,2.59749,150,2.734375,0,0,4.296875,-11,14.7,35,
781,2026-09-02,14:24:12.43266,133.35867,,3156.25,68,,0,24.0625,773,55.6862745098039,0,33,14.4,-40,,0,4.296875,0,,,,,,,,,,,,2.63655,150,1.953125,0,0,4.296875,-11,14.7,12,
782,2026-09-02,14:24:12.66770,133.59489,,3218.75,68,,0,24.0625,775,56.078431372549,0,32,14.5,-40,,0,4.296875,0,,,,,,,,,,,,2.63655,150,1.171875,0,0,4.296875,-11,14.7,10,
783,2026-09-02,14:24:12.93403,133.86009,,3218.75,68,,0,25.3125,774,58.0392156862745,0,31,14.9,-40,,0,4.296875,0,,,,,,,,,,,,2.83185,168.75,0.9765625,0,0,4.296875,-11,14.7,32,
784,2026-09-02,14:24:13.16898,134.09414,,3281.25,68,,0,28.125,775,62.7450980392157,0,30,14.3,-40,,0,4.296875,0,,,,,,,,,,,,2.7342,181.25,1.7578125,0,0,4.296875,-11,14.7,9,
785,2026-09-02,14:24:13.37206,134.29594,,3312.5,68,,0,30,774,65.4901960784314,0,27,14.7,-40,,0,4.296875,0,,,,,,,,,,,,2.83185,200,0.9765625,0,0,4.296875,-11,14.7,16,
786,2026-09-02,14:24:13.63828,134.56336,,3375,72,,0,35.9375,774,74.5098039215686,0,23,14.3,-40,,0,4.296875,0,,,,,,,,,,,,2.81232,243.75,0.1953125,0,0,4.296875,-11,14.7,31,
787,2026-09-02,14:24:13.84133,134.76537,,3437.5,72,,0,40.625,774,80,0,23,14.2,-40,,0,4.296875,0,,,,,,,,,,,,3.04668,275,0,0,0,4.296875,-11,12.544,10,
788,2026-09-02,14:24:14.04496,134.97793,,3468.75,72,,0,41.5625,774,80,0,22,13.2,-40,,0,4.296875,0,,,,,,,,,,,,3.41775,281.25,0,0,0,4.296875,-11,12.544,12,
789,2026-09-02,14:24:14.31117,135.23468,,3531.25,76,,0,41.5625,774,80,0,23,12.6,-40,,0,4.296875,0,,,,,,,,,,,,3.33963,281.25,0,0,0,4.296875,-11,12.6281879194631,1,
790,2026-09-02,14:24:14.59329,135.5141,,3593.75,76,,0,39.6875,775,80,0,24,13.5,-40,,0,4.296875,0,,,,,,,,,,,,2.40219,275,0,0,0,4.296875,-11,12.8,24,
791,2026-09-02,14:24:14.84314,135.76629,,3687.5,76,,4,39.6875,773,80,0,24,14.5,-40,,0,4.296875,0,,,,,,,,,,,,2.42172,287.5,0,0,0,4.296875,-11,12.544,68,
792,2026-09-02,14:24:15.07810,135.99617,,3718.75,80,,5,40.625,775,80,0,23,14,-40,,0,4.296875,0,,,,,,,,,,,,3.49587,300,0,0,0,4.296875,-11,12.3789473684211,40,
793,2026-09-02,14:24:15.26623,136.19592,,3812.5,80,,4,41.875,774,80,0,22,13.7,-40,,0,4.296875,0,,,,,,,,,,,,3.3201,306.25,0,0,0,4.296875,-11,12.2980392156863,19,
794,2026-09-02,14:24:15.46997,136.39537,,3906.25,80,,4,42.8125,774,80,0,21,13.2,-40,,0,4.296875,0,,,,,,,,,,,,3.61305,318.75,0,0,0,4.296875,-11,12.2980392156863,27,
795,2026-09-02,14:24:15.72019,136.65006,,3906.25,84,,4,43.125,774,80,0,21,13,-40,,0,4.296875,0,,,,,,,,,,,,3.3201,331.25,0,0,0,4.296875,-11,12.2980392156863,19,
796,2026-09-02,14:24:15.93976,136.86208,,3937.5,84,,4,43.4375,774,80,0,20,12.9,-40,,0,4.296875,0,,,,,,,,,,,,3.5154,337.5,0,0,0,4.296875,-11,12.2181818181818,24,
797,2026-09-02,14:24:16.19025,137.11417,,4000,84,,3,44.0625,774,80,0,20,13,-40,,0,4.296875,0,,,,,,,,,,,,3.41775,350,0,0,0,4.296875,-11,12.2181818181818,0,
798,2026-09-02,14:24:16.42529,137.35405,,4093.75,88,,3,45.3125,774,79.6078431372549,0,20,12.6,-40,,0,4.296875,0,,,,,,,,,,,,3.57399,362.5,0,0,0,4.296875,-11,12.1393548387097,11,
799,2026-09-02,14:24:16.69094,137.61604,,4156.25,88,,3,46.25,774,79.6078431372549,0,20,12.7,-40,,0,4.296875,0,,,,,,,,,,,,3.53493,375,0,0,0,4.296875,-11,11.9847133757962,40,
800,2026-09-02,14:24:16.94088,137.86546,,4250,88,,2,47.1875,774,79.6078431372549,0,19,12.7,-40,,0,4.296875,0,,,,,,,,,,,,3.63258,393.75,0,0,0,4.296875,-11,11.9847133757962,10,
801,2026-09-02,14:24:17.14500,138.06782,,4281.25,92,,2,47.8125,774,79.6078431372549,0,20,12.7,-40,,0,4.296875,0,,,,,,,,,,,,3.30057,400,0,0,0,4.296875,-11,11.9847133757962,23,
802,2026-09-02,14:24:17.33250,138.26209,,4343.75,92,,2,47.5,774,79.6078431372549,0,20,12.4,-40,,0,4.296875,0,,,,,,,,,,,,3.37869,406.25,0,0,0,4.296875,-11,11.9088607594937,14,
803,2026-09-02,14:24:17.55167,138.48224,,4437.5,92,,1,47.5,774,80,0,21,12.3,-40,,0,4.296875,0,,,,,,,,,,,,3.59352,412.5,0,0,0,4.296875,-11,11.8339622641509,14,
804,2026-09-02,14:24:17.80270,138.72139,,4468.75,92,,1,47.8125,774,80.3921568627451,0,21,12.1,-40,,0,4.296875,0,,,,,,,,,,,,3.57399,412.5,0,0,0,4.296875,-11,11.8339622641509,26,
805,2026-09-02,14:24:18.06832,138.99578,,4562.5,96,,1,47.1875,774,80,0,21,11.9,-40,,0,4.296875,0,,,,,,,,,,,,3.61305,418.75,0,0,0,4.296875,-11,11.76,9,
806,2026-09-02,14:24:18.27195,139.19308,,4625,96,,1,46.875,774,80,0,21,11.8,-40,,0,4.296875,0,,,,,,,,,,,,3.24198,425,0,0,0,4.296875,-11,11.76,19,
807,2026-09-02,14:24:18.53809,139.46999,,4687.5,100,,0,46.5625,775,80,0,23,12.1,-40,,0,4.296875,0,,,,,,,,,,,,3.65211,425,0,0,0,4.296875,-11,11.6869565217391,29,
808,2026-09-02,14:24:18.72611,139.65952,,4750,100,,0,46.25,774,80,0,24,12.2,-40,,0,4.296875,0,,,,,,,,,,,,3.69117,431.25,0,0,0,4.296875,-11,11.6869565217391,1,
809,2026-09-02,14:24:18.88282,139.81523,,4781.25,100,,0,46.5625,774,80,0,24,12.1,-40,,0,4.296875,0,,,,,,,,,,,,3.3201,431.25,0,0,0,4.296875,-11,11.6869565217391,1,
810,2026-09-02,14:24:19.08638,140.0075,,4875,100,,0,46.25,773,78.4313725490196,0,25,12,-40,,0,4.296875,0,,,,,,,,,,,,1.79676,231.25,0,0,0,4.296875,-11,13.7343065693431,24,
811,2026-09-02,14:24:19.27397,140.19878,,4718.75,100,,0,5.625,773,14.9019607843137,0,25,10.2,-40,,0,4.296875,0,,,,,,,,,,,,1.64052,37.5,0,0,0,4.296875,-11,12.4609271523179,12,
812,2026-09-02,14:24:19.41507,140.33847,,4750,100,,0,3.4375,774,12.156862745098,0,25,11.2,-40,,0,4.296875,0,,,,,,,,,,,,1.66005,31.25,0,0,0,4.296875,-11,12.4609271523179,10,
813,2026-09-02,14:24:19.54004,140.46815,,4750,100,,0,3.125,773,11.7647058823529,0,25,14,-40,,0,4.296875,0,,,,,,,,,,,,1.69911,25,0,0,0,4.296875,-11,12.4609271523179,3,
814,2026-09-02,14:24:19.66552,140.59284,,4687.5,100,,0,2.8125,773,11.3725490196078,0,25,14.2,-40,,0,4.296875,0,,,,,,,,,,,,1.67958,25,0,0,0,4.296875,-11,12.4609271523179,2,
815,2026-09-02,14:24:19.79049,140.7179,,4750,100,,0,2.8125,773,10.9803921568627,0,25,13.6,-40,,0,4.296875,0,,,,,,,,,,,,1.5624,25,0,0,0,4.296875,-11,12.4609271523179,3,
816,2026-09-02,14:24:19.91597,140.84762,,4687.5,100,,0,2.5,774,10.5882352941176,0,25,13.1,-40,,0,4.296875,0,,,,,,,,,,,,1.66005,25,0,0,0,4.296875,-11,12.4609271523179,3,
817,2026-09-02,14:24:20.04095,140.9725,,4656.25,100,,0,2.8125,773,10.5882352941176,0,25,13.1,-40,,0,4.296875,0,,,,,,,,,,,,1.52334,25,0,0,0,4.296875,-11,12.4609271523179,19,
818,2026-09-02,14:24:20.18205,141.10719,,4656.25,100,,0,2.5,773,10.5882352941176,0,25,14.3,-40,,0,4.296875,0,,,,,,,,,,,,1.54287,18.75,0,0,0,4.296875,-11,12.4609271523179,0,
819,2026-09-02,14:24:20.30702,141.22786,,4656.25,100,,0,2.1875,773,10.1960784313725,0,25,18.6,-40,,0,4.296875,0,,,,,,,,,,,,1.62099,18.75,0,0,0,4.296875,-11,12.4609271523179,8,
820,2026-09-02,14:24:20.43250,141.35674,,4593.75,100,,0,2.1875,773,10.1960784313725,0,24,24.7,-40,,0,4.296875,0,,,,,,,,,,,,1.52334,18.75,0,0,0,4.296875,-11,12.4609271523179,5,
821,2026-09-02,14:24:20.57355,141.49723,,4593.75,100,,0,2.1875,773,10.1960784313725,0,24,48.9,-40,,0,4.296875,0,,,,,,,,,,,,1.60146,18.75,0,0,0,4.296875,-11,12.4609271523179,19,
822,2026-09-02,14:24:20.76145,141.68654,,4593.75,98,,0,2.1875,773,9.80392156862745,0,24,72.8,-40,,0,4.296875,0,,,,,,,,,,,,1.5624,18.75,0,0,0,4.296875,-11,12.4609271523179,13,
823,2026-09-02,14:24:20.94941,141.87666,,4531.25,98,,0,1.875,774,9.80392156862745,0,24,81.3,-40,,0,4.296875,0,,,,,,,,,,,,1.42569,12.5,0,0,0,4.296875,-11,12.4609271523179,9,
824,2026-09-02,14:24:21.10543,142.0365,,4500,98,,0,1.875,773,9.41176470588235,0,24,90.4,-40,,0,4.296875,0,,,,,,,,,,,,1.46475,12.5,0,0,0,4.296875,-11,12.8,26,
825,2026-09-02,14:24:21.30914,142.24088,,4375,98,,0,1.875,774,9.41176470588235,0,23,96,-40,,0,4.296875,0,,,,,,,,,,,,1.40616,12.5,0,0,0,4.296875,-11,13.2507042253521,27,
826,2026-09-02,14:24:21.52827,142.45546,,4312.5,94,,0,1.5625,774,9.01960784313725,0,23,96,-40,,0,4.296875,0,,,,,,,,,,,,1.44522,12.5,0,0,0,4.296875,-11,14.2545454545455,3,
827,2026-09-02,14:24:21.71718,142.64566,,4125,94,,0,3.75,774,12.156862745098,0,23,96,-40,,0,4.296875,0,,,,,,,,,,,,1.79676,31.25,0,0,0,4.296875,-11,14.5860465116279,3,
828,2026-09-02,14:24:21.90471,142.82752,,3937.5,94,,0,4.375,774,14.1176470588235,0,20,96,-40,,0,4.296875,0,,,,,,,,,,,,1.71864,31.25,0,0,0,4.296875,-11,14.7,27,
829,2026-09-02,14:24:22.15466,143.07713,,3843.75,84,,0,4.6875,774,14.1176470588235,0,19,99.9,-40,,0,4.296875,0,,,,,,,,,,,,1.7577,31.25,0,0,0,4.296875,-11,14.7,20,
830,2026-09-02,14:24:22.37352,143.29669,,3656.25,84,,0,4.375,773,14.5098039215686,0,15,99.9,-40,,0,4.296875,0,,,,,,,,,,,,1.71864,31.25,0,0,0,4.296875,-11,14.7,7,
831,2026-09-02,14:24:22.57697,143.50899,,3625,84,,0,4.375,774,14.9019607843137,0,15,99.9,-40,,0,4.296875,0,,,,,,,,,,,,1.69911,31.25,0,0,0,4.296875,-11,14.7,11,
832,2026-09-02,14:24:22.87478,143.79849,,3562.5,76,,0,4.375,773,15.2941176470588,0,12,99.9,-40,,0,4.296875,0,,,,,,,,,,,,1.64052,25,0,0,0,4.296875,-11,14.7,45,
833,2026-09-02,14:24:23.09414,144.01521,,3468.75,76,,0,4.375,773,15.2941176470588,0,11,99.9,-40,,0,4.296875,0,,,,,,,,,,,,1.62099,25,0,0,0,4.296875,-11,14.7,34,
834,2026-09-02,14:24:23.32910,144.2577,,3250,76,,0,3.75,773,14.9019607843137,0,10,99.9,-40,,0,4.296875,0,,,,,,,,,,,,1.62099,25,0,0,0,4.296875,-11,14.7,10,
835,2026-09-02,14:24:23.61037,144.5376,,3062.5,66,,0,3.4375,773,14.5098039215686,0,8,99.9,-40,,0,4.296875,0,,,,,,,,,,,,1.60146,18.75,0,0,0,4.296875,-11,14.7,9,
836,2026-09-02,14:24:23.81403,144.74717,,3031.25,66,,0,3.4375,774,14.5098039215686,0,6,99.9,-40,,0,4.296875,0,,,,,,,,,,,,1.54287,18.75,0,0,0,4.296875,-11,14.7,1,
837,2026-09-02,14:24:24.06462,144.98988,,2875,66,,0,3.75,774,14.9019607843137,0,4,99.9,-40,,0,4.296875,0,,,,,,,,,,,,1.58193,18.75,0,0,0,4.296875,-11,14.7,4,
838,2026-09-02,14:24:24.31534,145.23864,,2781.25,60,,0,3.75,773,14.9019607843137,0,2,99.9,-40,,0,4.296875,0,,,,,,,,,,,,1.5624,18.75,0,0,0,4.296875,-11,14.7,1,
839,2026-09-02,14:24:24.50317,145.43607,,2718.75,60,,0,3.75,774,14.5098039215686,0,1,99.9,-40,,0,4.296875,0,,,,,,,,,,,,1.52334,18.75,0,0,0,4.296875,-11,14.7,26,
840,2026-09-02,14:24:24.72185,145.65072,,2625,60,,0,3.75,773,14.5098039215686,0,0,99.9,-40,,0,4.296875,0,,,,,,,,,,,,1.5624,18.75,0,0,0,4.296875,-11,14.7,1,
841,2026-09-02,14:24:24.95713,145.8754,,2593.75,56,,0,3.75,773,14.1176470588235,0,-1,99.9,-40,,0,4.296875,0,,,,,,,,,,,,1.54287,18.75,0,0,0,4.296875,-11,14.7,11,
842,2026-09-02,14:24:25.17631,146.10513,,2593.75,56,,0,3.75,774,14.1176470588235,0,-1,99.9,-40,,0,4.296875,0,,,,,,,,,,,,1.54287,18.75,0,0,0,4.296875,-11,14.7,14,
843,2026-09-02,14:24:25.37920,146.30462,,2531.25,56,,0,3.75,774,14.1176470588235,0,-1,99.9,-40,,0,4.296875,0,,,,,,,,,,,,1.58193,18.75,0,0,0,4.296875,-11,14.7,4,
844,2026-09-02,14:24:25.59906,146.52946,,2562.5,54,,0,10.625,774,22.7450980392157,0,39,99.9,-40,,0,4.296875,0,,,,,,,,,,,,3.14433,225,0,0,0,4.296875,-11,12.3789473684211,2,
845,2026-09-02,14:24:25.81831,146.74208,,2531.25,54,,7,41.5625,773,79.2156862745098,0,16,11.6,-40,,0,4.296875,0,,,,,,,,,,,,2.83185,206.25,0,0,0,4.296875,-11,12.8876712328767,13,
846,2026-09-02,14:24:26.06862,146.99154,,2562.5,54,,5,34.0625,774,70.5882352941177,0,24,12.3,-40,,0,4.296875,0,,,,,,,,,,,,2.32407,137.5,-0.390625,0,0,4.296875,-11,14.7,28,
847,2026-09-02,14:24:26.33472,147.26261,,2625,56,,0,22.1875,773,49.0196078431373,0,38,15.2,-40,,0,4.296875,0,,,,,,,,,,,,2.26548,106.25,-0.9765625,0,0,4.296875,-11,14.7,15,
848,2026-09-02,14:24:26.55394,147.47726,,2687.5,56,,0,15.625,773,36.8627450980392,0,43,14.8,-40,,0,4.296875,0,,,,,,,,,,,,1.91394,68.75,0,0,0,4.296875,-11,14.7,33,
849,2026-09-02,14:24:26.77319,147.69181,,2656.25,56,,0,12.5,774,30.9803921568627,0,44,15.7,-40,,0,4.296875,0,,,,,,,,,,,,2.20689,68.75,0.78125,0,0,4.296875,-11,14.7,27,
850,2026-09-02,14:24:26.92993,147.85694,,2687.5,56,,0,16.875,774,36.8627450980392,0,42,15.6,-40,,0,4.296875,0,,,,,,,,,,,,2.75373,112.5,1.7578125,0,0,4.296875,-11,14.7,24,
851,2026-09-02,14:24:27.13301,148.05645,,2718.75,58,,7,36.25,773,71.3725490196078,0,20,14.3,-40,,0,4.296875,0,,,,,,,,,,,,2.81232,187.5,2.5390625,0,0,4.296875,-11,14.7,8,
852,2026-09-02,14:24:27.30537,148.22599,,2718.75,58,,7,35,774,72.156862745098,0,24,13.8,-40,,0,4.296875,0,,,,,,,,,,,,2.51937,168.75,2.1484375,0,0,4.296875,-11,14.7,10,
853,2026-09-02,14:24:27.46219,148.39068,,2718.75,58,,7,25.625,774,56.4705882352941,0,31,14.6,-40,,0,4.296875,0,,,,,,,,,,,,2.49984,131.25,1.5625,0,0,4.296875,-11,14.7,18,
854,2026-09-02,14:24:27.61837,148.54601,,2781.25,58,,7,32.1875,774,66.2745098039216,0,21,14.7,-40,,0,4.296875,0,,,,,,,,,,,,3.00762,212.5,1.171875,0,0,4.296875,-11,14.7,19,
855,2026-09-02,14:24:27.82217,148.74554,,2812.5,60,,7,39.6875,774,78.4313725490196,0,19,13.6,-40,,0,4.296875,0,,,,,,,,,,,,3.37869,231.25,0,0,0,4.296875,-11,12.6281879194631,2,
856,2026-09-02,14:24:28.01087,148.93531,,2875,60,,6,41.25,773,80.3921568627451,0,20,13.1,-40,,0,4.296875,0,,,,,,,,,,,,2.51937,231.25,0,0,0,4.296875,-11,12.544,7,
857,2026-09-02,14:24:28.43358,149.3642,,2968.75,64,,6,41.25,774,80.3921568627451,0,21,13,-40,,0,4.296875,0,,,,,,,,,,,,2.46078,237.5,0,0,0,4.296875,-11,12.6281879194631,14,
858,2026-09-02,14:24:28.62088,149.54939,,3031.25,64,,5,40.9375,773,80.3921568627451,0,21,13,-40,,0,4.296875,0,,,,,,,,,,,,2.89044,243.75,0,0,0,4.296875,-11,12.6281879194631,0,
859,2026-09-02,14:24:28.88698,149.81143,,3093.75,64,,5,41.25,774,80.3921568627451,0,21,13,-40,,0,4.296875,0,,,,,,,,,,,,3.33963,250,0,0,0,4.296875,-11,12.544,0,
860,2026-09-02,14:24:29.07549,149.9963,,3156.25,64,,5,41.25,774,80.3921568627451,0,21,13,-40,,0,4.296875,0,,,,,,,,,,,,2.69514,256.25,0,0,0,4.296875,-11,12.544,5,
861,2026-09-02,14:24:29.35693,150.28071,,3187.5,68,,5,40.625,773,80.3921568627451,0,22,13,-40,,0,4.296875,0,,,,,,,,,,,,2.81232,256.25,0,0,0,4.296875,-11,12.6281879194631,17,
862,2026-09-02,14:24:29.59192,150.5131,,3312.5,68,,4,40.625,773,80.3921568627451,0,22,12.8,-40,,0,4.296875,0,,,,,,,,,,,,3.14433,256.25,0,0,0,4.296875,-11,12.7135135135135,1,
863,2026-09-02,14:24:29.93694,150.85699,,3375,72,,4,40.625,774,80.3921568627451,0,21,12.9,-40,,0,4.296875,0,,,,,,,,,,,,3.02715,268.75,0,0,0,4.296875,-11,12.6281879194631,30,
864,2026-09-02,14:24:30.15569,151.08689,,3437.5,72,,4,41.25,773,80,0,21,12.6,-40,,0,4.296875,0,,,,,,,,,,,,3.57399,275,0,0,0,4.296875,-11,12.544,20,
865,2026-09-02,14:24:30.34368,151.27682,,3531.25,72,,3,41.25,774,80,0,22,12.8,-40,,0,4.296875,0,,,,,,,,,,,,3.65211,281.25,0,0,0,4.296875,-11,12.544,20,
866,2026-09-02,14:24:30.62578,151.55598,,3562.5,76,,3,40.625,773,80,0,23,12.8,-40,,0,4.296875,0,,,,,,,,,,,,3.26151,275,0,0,0,4.296875,-11,12.8,19,
867,2026-09-02,14:24:30.89201,151.81288,,3656.25,76,,3,38.75,773,80,0,24,13.6,-40,,0,4.296875,0,,,,,,,,,,,,3.65211,275,0,0,0,4.296875,-11,12.8,32,
868,2026-09-02,14:24:31.11127,152.03534,,3687.5,76,,5,39.6875,774,79.6078431372549,0,23,14.1,-40,,0,4.296875,0,,,,,,,,,,,,2.7342,287.5,0,0,0,4.296875,-11,12.6281879194631,21,
869,2026-09-02,14:24:31.36173,152.28463,,3750,80,,6,40.3125,773,79.6078431372549,0,22,13.9,-40,,0,4.296875,0,,,,,,,,,,,,2.65608,300,0,0,0,4.296875,-11,12.4609271523179,10,
870,2026-09-02,14:24:31.59636,152.52459,,3812.5,80,,6,41.25,773,78.4313725490196,0,21,13.6,-40,,0,4.296875,0,,,,,,,,,,,,3.41775,312.5,0,0,0,4.296875,-11,12.3789473684211,5,
871,2026-09-02,14:24:31.84645,152.76462,,3875,80,,5,41.875,774,78.4313725490196,0,20,13,-40,,0,4.296875,0,,,,,,,,,,,,3.43728,318.75,0,0,0,4.296875,-11,12.2980392156863,1,
872,2026-09-02,14:24:32.06571,152.98444,,3968.75,84,,5,42.8125,773,79.2156862745098,0,19,13,-40,,0,4.296875,0,,,,,,,,,,,,2.87091,331.25,0,0,0,4.296875,-11,12.2980392156863,17,
873,2026-09-02,14:24:32.26937,153.19872,,4000,84,,5,44.0625,773,80,0,18,12.9,-40,,0,4.296875,0,,,,,,,,,,,,3.47634,350,0,0,0,4.296875,-11,12.2181818181818,34,
874,2026-09-02,14:24:32.48862,153.41837,,4031.25,84,,5,44.6875,774,80,0,18,12.8,-40,,0,4.296875,0,,,,,,,,,,,,3.41775,362.5,0,0,0,4.296875,-11,12.1393548387097,7,
875,2026-09-02,14:24:32.72416,153.65297,,4125,88,,6,45.9375,774,80,0,18,12.5,-40,,0,4.296875,0,,,,,,,,,,,,3.57399,368.75,0,0,0,4.296875,-11,12.1393548387097,21,
876,2026-09-02,14:24:32.92701,153.85237,,4218.75,88,,6,47.1875,774,80,0,17,12.7,-40,,0,4.296875,0,,,,,,,,,,,,3.45681,387.5,0,0,0,4.296875,-11,11.9847133757962,47,
877,2026-09-02,14:24:33.12982,154.05247,,4250,88,,6,47.5,773,80,0,17,12.6,-40,,0,4.296875,0,,,,,,,,,,,,3.65211,393.75,0,0,0,4.296875,-11,11.9847133757962,40,
878,2026-09-02,14:24:33.38032,154.30526,,4312.5,92,,6,48.125,773,79.6078431372549,0,18,12.4,-40,,0,4.296875,0,,,,,,,,,,,,3.43728,400,0,0,0,4.296875,-11,11.9088607594937,3,
879,2026-09-02,14:24:33.59965,154.52191,,4375,92,,5,47.1875,773,79.2156862745098,0,18,12.2,-40,,0,4.296875,0,,,,,,,,,,,,3.47634,400,0,0,0,4.296875,-11,11.9088607594937,13,
880,2026-09-02,14:24:33.83458,154.75963,,4437.5,92,,5,45.625,773,77.2549019607843,0,19,12.3,-40,,0,4.296875,0,,,,,,,,,,,,3.55446,387.5,0,0,0,4.296875,-11,11.9088607594937,0,
881,2026-09-02,14:24:34.08533,155.00881,,4500,96,,5,28.75,774,46.6666666666667,0,35,10.7,-40,,0,4.296875,0,,,,,,,,,,,,2.32407,150,0,0,0,4.296875,-11,14.7,17,
882,2026-09-02,14:24:34.32011,155.24549,,4500,96,,0,10.3125,773,21.5686274509804,0,24,11.5,-40,,0,4.296875,0,,,,,,,,,,,,2.18736,75,-1.3671875,0,0,4.296875,-11,14.7,4,
883,2026-09-02,14:24:34.58610,155.50819,,4406.25,96,,0,6.875,773,16.078431372549,0,24,15,-40,,0,4.296875,0,,,,,,,,,,,,2.01159,56.25,-2.734375,0,0,4.296875,-11,14.7,14,
884,2026-09-02,14:24:34.83658,155.76459,,4406.25,94,,0,6.875,773,15.6862745098039,0,24,16.3,-40,,0,4.296875,0,,,,,,,,,,,,1.99206,56.25,-3.515625,0,0,4.296875,-11,14.7,18,
885,2026-09-02,14:24:35.05592,155.98573,,4437.5,94,,0,6.5625,773,15.6862745098039,0,24,15.4,-40,,0,4.296875,0,,,,,,,,,,,,1.99206,56.25,-2.1484375,0,0,4.296875,-11,14.7,13,
886,2026-09-02,14:24:35.30644,156.23885,,4437.5,94,,0,17.1875,774,32.9411764705882,0,23,14.5,-40,,0,4.296875,0,,,,,,,,,,,,2.7342,162.5,-0.9765625,0,0,4.296875,-11,14.7,12,
887,2026-09-02,14:24:35.55719,156.48095,,4437.5,94,,0,18.75,773,36.4705882352941,0,36,14.3,-40,,0,4.296875,0,,,,,,,,,,,,2.71467,162.5,-2.34375,0,0,4.296875,-11,14.7,2,
888,2026-09-02,14:24:35.79251,156.71303,,4437.5,94,,0,25.625,774,47.0588235294118,0,31,14.6,-40,,0,4.296875,0,,,,,,,,,,,,3.37869,306.25,0,0,0,4.296875,-11,12.2980392156863,25,
889,2026-09-02,14:24:36.02670,156.95212,,4468.75,94,,0,40,773,69.8039215686274,0,25,12.4,-40,,0,4.296875,0,,,,,,,,,,,,3.35916,350,0,0,0,4.296875,-11,12.0615384615385,30,
890,2026-09-02,14:24:36.34011,157.2648,,4500,98,,0,40,773,69.4117647058823,0,25,12.4,-40,,0,4.296875,0,,,,,,,,,,,,3.26151,350,0,0,0,4.296875,-12,12.1393548387097,13,
891,2026-09-02,14:24:36.57488,157.50627,,4593.75,98,,0,39.0625,773,68.2352941176471,0,27,12.4,-40,,0,4.296875,0,,,,,,,,,,,,3.39822,343.75,0,0,0,4.296875,-11,12.0615384615385,12,
892,2026-09-02,14:24:36.84148,157.76376,,4656.25,98,,0,38.125,773,66.6666666666667,0,27,12.5,-40,,0,4.296875,0,,,,,,,,,,,,2.81232,262.5,0,0,0,4.296875,-11,13.536690647482,13,
893,2026-09-02,14:24:37.06074,157.98384,,4687.5,100,,0,16.5625,773,31.7647058823529,0,25,12.7,-40,,0,4.296875,0,,,,,,,,,,,,2.46078,131.25,0,0,0,4.296875,-12,13.8352941176471,21,
894,2026-09-02,14:24:37.27912,158.20291,,4656.25,100,,0,13.4375,773,27.843137254902,0,25,14,-40,,0,4.296875,0,,,,,,,,,,,,2.46078,125,0,0,0,4.296875,-12,13.7343065693431,35,
895,2026-09-02,14:24:37.48331,158.41544,,4687.5,100,,0,13.4375,773,27.4509803921569,0,25,14.4,-40,,0,4.296875,0,,,,,,,,,,,,2.49984,118.75,0,0,0,4.296875,-12,13.8352941176471,1,
896,2026-09-02,14:24:37.74904,158.67347,,4687.5,100,,0,13.125,773,27.0588235294118,0,25,14.1,-40,,0,4.296875,0,,,,,,,,,,,,2.49984,118.75,0,0,0,4.296875,-11,13.8352941176471,1,
897,2026-09-02,14:24:37.96913,158.89197,,4625,100,,0,12.5,773,25.0980392156863,0,24,14.1,-40,,0,4.296875,0,,,,,,,,,,,,2.30454,106.25,0,0,0,4.296875,-11,13.8352941176471,32,
898,2026-09-02,14:24:38.18836,159.11409,,4656.25,100,,0,11.25,773,23.5294117647059,0,25,13.8,-40,,0,4.296875,0,,,,,,,,,,,,2.30454,100,0,0,0,4.296875,-11,13.8352941176471,48,
899,2026-09-02,14:24:38.42288,159.3439,,4593.75,98,,0,9.0625,773,19.6078431372549,0,24,13.7,-40,,0,4.296875,0,,,,,,,,,,,,2.1483,75,-0.78125,0,0,4.296875,-11,14.7,13,
900,2026-09-02,14:24:38.62578,159.54389,,4625,98,,0,8.125,773,18.4313725490196,0,24,14.7,-40,,0,4.296875,0,,,,,,,,,,,,2.10924,68.75,-1.7578125,0,0,4.296875,-11,14.7,3,
901,2026-09-02,14:24:38.84504,159.76572,,4562.5,98,,0,7.1875,773,16.8627450980392,0,24,15.1,-40,,0,4.296875,0,,,,,,,,,,,,2.05065,62.5,-2.9296875,0,0,4.296875,-12,14.7,19,
902,2026-09-02,14:24:39.07990,160.0029,,4562.5,98,,0,7.1875,773,16.4705882352941,0,24,15.6,-40,,0,4.296875,0,,,,,,,,,,,,2.01159,62.5,-1.171875,0,0,4.296875,-12,14.7,17,
903,2026-09-02,14:24:39.28399,160.20498,,4531.25,98,,0,6.875,773,16.4705882352941,0,24,15,-40,,0,4.296875,0,,,,,,,,,,,,2.07018,62.5,0.1953125,0,0,4.296875,-11,14.7,16,
904,2026-09-02,14:24:39.53405,160.45479,,4500,98,,0,4.375,772,12.5490196078431,0,24,14.8,-40,,0,4.296875,0,,,,,,,,,,,,1.7577,37.5,0,0,0,4.296875,-11,12.4609271523179,9,
905,2026-09-02,14:24:39.75341,160.68628,,4500,96,,0,3.75,774,12.156862745098,0,24,13,-40,,0,4.296875,0,,,,,,,,,,,,1.69911,31.25,0,0,0,4.296875,-11,12.544,3,
906,2026-09-02,14:24:39.98838,160.92175,,4500,96,,0,3.75,773,11.7647058823529,0,24,13,-40,,0,4.296875,0,,,,,,,,,,,,1.64052,25,0,0,0,4.296875,-11,12.8,20,
907,2026-09-02,14:24:40.19188,161.11598,,4437.5,96,,0,3.125,773,10.9803921568627,0,24,13.8,-40,,0,4.296875,0,,,,,,,,,,,,1.60146,25,0,0,0,4.296875,-11,12.7135135135135,3,
908,2026-09-02,14:24:40.41085,161.33567,,4375,94,,0,3.125,774,10.9803921568627,0,24,13.8,-40,,0,4.296875,0,,,,,,,,,,,,1.64052,25,0,0,0,4.296875,-11,12.8,27,
909,2026-09-02,14:24:40.63018,161.5554,,4375,94,,0,2.8125,773,10.5882352941176,0,24,14.1,-40,,0,4.296875,0,,,,,,,,,,,,1.60146,25,0,0,0,4.296875,-11,12.8876712328767,21,
910,2026-09-02,14:24:40.88088,161.80189,,4312.5,94,,0,2.5,773,10.5882352941176,0,23,25.1,-40,,0,4.296875,0,,,,,,,,,,,,1.60146,18.75,0,0,0,4.296875,-11,13.0666666666667,2,
911,2026-09-02,14:24:41.10009,162.02255,,4312.5,94,,0,2.5,773,10.1960784313725,0,23,49.7,-40,,0,4.296875,0,,,,,,,,,,,,1.50381,18.75,0,0,0,4.296875,-11,13.536690647482,4,
912,2026-09-02,14:24:41.35027,162.27922,,4218.75,92,,0,2.1875,773,10.1960784313725,0,23,77.7,-40,,0,4.296875,0,,,,,,,,,,,,1.50381,18.75,0,0,0,4.296875,-12,13.7343065693431,9,
913,2026-09-02,14:24:41.60041,162.52145,,4187.5,92,,0,4.375,772,12.9411764705882,0,23,96,-40,,0,4.296875,0,,,,,,,,,,,,1.77723,37.5,0,0,0,4.296875,-11,14.2545454545455,12,
914,2026-09-02,14:24:41.86727,162.79344,,4125,88,,0,4.375,773,14.1176470588235,0,22,99.9,-40,,0,4.296875,0,,,,,,,,,,,,1.77723,31.25,0,0,0,4.296875,-11,14.7,6,
915,2026-09-02,14:24:42.05512,162.98769,,4062.5,88,,0,4.375,773,14.1176470588235,0,22,99.9,-40,,0,4.296875,0,,,,,,,,,,,,1.73817,37.5,0,0,0,4.296875,-11,14.7,12,
916,2026-09-02,14:24:42.30561,163.23279,,3906.25,88,,0,4.375,773,14.1176470588235,0,20,99.9,-40,,0,4.296875,0,,,,,,,,,,,,1.7577,31.25,0,0,0,4.296875,-11,14.7,23,
917,2026-09-02,14:24:42.50902,163.42982,,3906.25,84,,0,4.375,773,14.1176470588235,0,20,99.9,-40,,0,4.296875,0,,,,,,,,,,,,1.79676,31.25,0,0,0,4.296875,-11,14.7,0,
918,2026-09-02,14:24:42.74414,163.67226,,3750,84,,0,4.375,773,14.1176470588235,0,19,99.9,-40,,0,4.296875,0,,,,,,,,,,,,1.7577,31.25,0,0,0,4.296875,-11,14.7,2,
919,2026-09-02,14:24:42.94764,163.87183,,3750,84,,0,4.375,773,14.5098039215686,0,18,99.9,-40,,0,4.296875,0,,,,,,,,,,,,2.85138,81.25,0.1953125,0,0,4.296875,-11,14.7,16,
920,2026-09-02,14:24:43.16667,164.09635,,3875,84,,0,25.3125,773,50.1960784313725,0,32,12.6,-40,,0,4.296875,0,,,,,,,,,,,,2.46078,162.5,1.7578125,0,0,4.296875,-11,14.7,8,
921,2026-09-02,14:24:43.36992,164.30107,,3812.5,80,,0,14.0625,773,29.8039215686275,0,36,13.6,-40,,0,4.296875,0,,,,,,,,,,,,2.36313,100,0.78125,0,0,4.296875,-11,14.7,13,
922,2026-09-02,14:24:43.62044,164.5507,,3781.25,80,,0,18.75,773,38.8235294117647,0,37,15.6,-40,,0,4.296875,0,,,,,,,,,,,,2.55843,143.75,0.78125,0,0,4.296875,-11,14.7,1,
923,2026-09-02,14:24:43.84004,164.77034,,3750,80,,0,11.875,773,26.6666666666667,0,18,14.2,-40,,0,4.296875,0,,,,,,,,,,,,2.12877,81.25,1.171875,0,0,4.296875,-11,14.7,19,
924,2026-09-02,14:24:44.09102,165.01495,,3750,80,,0,7.5,772,17.6470588235294,0,18,15.9,-40,,0,4.296875,0,,,,,,,,,,,,1.67958,37.5,0,0,0,4.296875,-11,14.7,6,
925,2026-09-02,14:24:44.29464,165.21677,,3781.25,80,,0,4.0625,772,12.5490196078431,0,19,15.7,-40,,0,4.296875,0,,,,,,,,,,,,1.64052,31.25,0,0,0,4.296875,-11,14.7,1,
926,2026-09-02,14:24:44.52963,165.45913,,3687.5,80,,0,3.75,773,12.156862745098,0,18,16.8,-40,,0,4.296875,0,,,,,,,,,,,,1.5624,25,0,0,0,4.296875,-11,14.7,20,
927,2026-09-02,14:24:44.82665,165.75857,,3687.5,78,,0,3.4375,773,11.7647058823529,0,17,16.2,-40,,0,4.296875,0,,,,,,,,,,,,1.91394,37.5,0,0,0,4.296875,-11,14.7,29,
928,2026-09-02,14:24:45.04587,165.97081,,3656.25,78,,0,9.375,773,21.9607843137255,0,17,14.3,-40,,0,4.296875,0,,,,,,,,,,,,2.12877,68.75,0.390625,0,0,4.296875,-11,14.7,14,
929,2026-09-02,14:24:45.26457,166.19151,,3625,78,,0,10.625,773,25.0980392156863,0,22,15.3,-40,,0,4.296875,0,,,,,,,,,,,,2.5389,100,1.3671875,0,0,4.296875,-11,14.7,2,
930,2026-09-02,14:24:45.50002,166.42767,,3718.75,78,,0,23.125,773,48.2352941176471,0,35,13.8,-40,,0,4.296875,0,,,,,,,,,,,,3.14433,193.75,2.34375,0,0,4.296875,-11,14.7,11,
931,2026-09-02,14:24:45.73478,166.65949,,3750,78,,3,40.3125,773,77.2549019607843,0,25,13.2,-40,,0,4.296875,0,,,,,,,,,,,,2.94903,281.25,0,0,0,4.296875,-11,12.7135135135135,3,
932,2026-09-02,14:24:45.93785,166.8672,,3750,78,,0,18.4375,773,39.2156862745098,0,38,12,-40,,0,4.296875,0,,,,,,,,,,,,2.30454,112.5,-0.5859375,0,0,4.296875,-11,14.1473684210526,19,
933,2026-09-02,14:24:46.20396,167.12899,,3812.5,80,,7,42.1875,773,75.6862745098039,0,21,13.1,-40,,0,4.296875,0,,,,,,,,,,,,3.28104,306.25,0,0,0,4.296875,-11,12.4609271523179,7,
934,2026-09-02,14:24:46.40779,167.3362,,3875,80,,7,43.4375,773,80,0,19,12.9,-40,,0,4.296875,0,,,,,,,,,,,,2.59749,325,0,0,0,4.296875,-11,12.2980392156863,2,
935,2026-09-02,14:24:46.67373,167.60055,,3906.25,80,,7,43.4375,773,80,0,19,12.7,-40,,0,4.296875,0,,,,,,,,,,,,2.9295,337.5,0,0,0,4.296875,-11,12.2181818181818,13,
936,2026-09-02,14:24:46.84998,167.78052,,3968.75,84,,7,44.0625,773,80,0,18,12.9,-40,,0,4.296875,0,,,,,,,,,,,,2.9295,337.5,0,0,0,4.296875,-11,12.2181818181818,4,
937,2026-09-02,14:24:47.08132,168.00222,,4000,84,,6,44.375,773,80,0,18,12.9,-40,,0,4.296875,0,,,,,,,,,,,,3.39822,350,0,0,0,4.296875,-11,12.2181818181818,5,
938,2026-09-02,14:24:47.26882,168.19226,,4062.5,84,,6,45.3125,773,80,0,18,12.8,-40,,0,4.296875,0,,,,,,,,,,,,3.45681,362.5,0,0,0,4.296875,-11,12.1393548387097,1,
939,2026-09-02,14:24:47.58178,168.50697,,4093.75,88,,6,46.875,773,80,0,17,12.9,-40,,0,4.296875,0,,,,,,,,,,,,2.98809,381.25,0,0,0,4.296875,-11,11.9847133757962,16,
940,2026-09-02,14:24:47.75417,168.67824,,4218.75,88,,5,48.4375,773,80,0,17,12.9,-40,,0,4.296875,0,,,,,,,,,,,,3.55446,393.75,0,0,0,4.296875,-11,11.9847133757962,21,
941,2026-09-02,14:24:47.91035,168.833,,4218.75,88,,6,48.4375,773,80,0,18,12.4,-40,,0,4.296875,0,,,,,,,,,,,,3.7107,406.25,0,0,0,4.296875,-11,11.9847133757962,17,
942,2026-09-02,14:24:48.05150,168.9778,,4281.25,88,,6,48.75,773,80,0,18,12.5,-40,,0,4.296875,0,,,,,,,,,,,,3.3201,412.5,0,0,0,4.296875,-11,11.9088607594937,17,
943,2026-09-02,14:24:48.19213,169.12264,,4375,94,,6,48.75,773,80,0,18,12.5,-40,,0,4.296875,0,,,,,,,,,,,,3.69117,406.25,0,0,0,4.296875,-11,11.9088607594937,1,
944,2026-09-02,14:24:48.34929,169.27743,,4375,94,,6,48.4375,772,80,0,18,12.4,-40,,0,4.296875,0,,,,,,,,,,,,3.41775,412.5,0,0,0,4.296875,-11,11.9088607594937,14,
945,2026-09-02,14:24:48.52104,169.45269,,4437.5,94,,5,47.5,773,80,0,18,12.2,-40,,0,4.296875,0,,,,,,,,,,,,3.26151,412.5,0,0,0,4.296875,-11,11.8339622641509,18,
946,2026-09-02,14:24:48.72450,169.65004,,4468.75,94,,5,47.5,772,80,0,18,12.3,-40,,0,4.296875,0,,,,,,,,,,,,3.53493,412.5,0,0,0,4.296875,-11,11.8339622641509,32,
947,2026-09-02,14:24:48.94370,169.86685,,4531.25,96,,5,47.1875,773,80,0,19,11.9,-40,,0,4.296875,0,,,,,,,,,,,,3.59352,418.75,0,0,0,4.296875,-11,11.8339622641509,6,
948,2026-09-02,14:24:49.13156,170.05628,,4625,96,,5,46.875,773,80,0,19,12,-40,,0,4.296875,0,,,,,,,,,,,,3.53493,412.5,0,0,0,4.296875,-11,11.8339622641509,43,
949,2026-09-02,14:24:49.30328,170.23163,,4656.25,96,,4,46.875,773,80,0,20,12,-40,,0,4.296875,0,,,,,,,,,,,,3.45681,425,0,0,0,4.296875,-11,11.76,10,
950,2026-09-02,14:24:49.52272,170.44643,,4687.5,96,,4,47.1875,774,79.6078431372549,0,20,11.9,-40,,0,4.296875,0,,,,,,,,,,,,3.67164,425,0,0,0,4.296875,-11,11.76,11,
951,2026-09-02,14:24:49.75762,170.68074,,4718.75,102,,4,43.125,772,71.7647058823529,0,23,11.7,-40,,0,4.296875,0,,,,,,,,,,,,2.26548,243.75,0,0,0,4.296875,-11,13.8352941176471,9,
952,2026-09-02,14:24:49.99281,170.91562,,4656.25,102,,0,5.3125,772,13.7254901960784,0,25,10.4,-40,,0,4.296875,0,,,,,,,,,,,,1.66005,31.25,0,0,0,4.296875,-11,12.4609271523179,5,
953,2026-09-02,14:24:50.22759,171.15262,,4687.5,102,,0,2.8125,772,11.3725490196078,0,25,11.8,-40,,0,4.296875,0,,,,,,,,,,,,1.58193,25,0,0,0,4.296875,-11,12.4609271523179,13,
954,2026-09-02,14:24:50.46198,171.38473,,4656.25,100,,0,2.8125,772,10.5882352941176,0,25,14.6,-40,,0,4.296875,0,,,,,,,,,,,,1.52334,25,0,0,0,4.296875,-11,12.4609271523179,21,
955,2026-09-02,14:24:50.69679,171.62255,,4593.75,100,,0,2.5,773,10.1960784313725,0,24,9.5,-40,,0,4.296875,0,,,,,,,,,,,,1.52334,18.75,0,0,0,4.296875,-11,12.4609271523179,12,
956,2026-09-02,14:24:50.90056,171.82933,,4593.75,100,,0,2.1875,773,10.1960784313725,0,24,12.6,-40,,0,4.296875,0,,,,,,,,,,,,1.5624,18.75,0,0,0,4.296875,-11,12.4609271523179,7,
957,2026-09-02,14:24:51.18207,172.11359,,4593.75,98,,0,1.875,772,9.80392156862745,0,24,25.3,-40,,0,4.296875,0,,,,,,,,,,,,1.54287,18.75,0,0,0,4.296875,-11,12.4609271523179,5,
958,2026-09-02,14:24:51.40158,172.33332,,4562.5,98,,0,1.875,773,9.41176470588235,0,24,43.3,-40,,0,4.296875,0,,,,,,,,,,,,1.50381,18.75,0,0,0,4.296875,-11,12.4609271523179,23,
959,2026-09-02,14:24:51.58958,172.52251,,4468.75,98,,0,1.875,772,9.41176470588235,0,24,65.9,-40,,0,4.296875,0,,,,,,,,,,,,1.81629,25,0,0,0,4.296875,-11,12.4609271523179,8,
960,2026-09-02,14:24:51.85554,172.77993,,4500,96,,0,10.3125,772,22.7450980392157,0,24,87.3,-40,,0,4.296875,0,,,,,,,,,,,,2.94903,168.75,0,0,0,4.296875,-11,13.8352941176471,22,
961,2026-09-02,14:24:52.13728,173.05933,,4468.75,96,,0,24.0625,773,44.7058823529412,0,34,13.1,-40,,0,4.296875,0,,,,,,,,,,,,2.98809,225,0,0,0,4.296875,-11,13.536690647482,9,
962,2026-09-02,14:24:52.38781,173.30973,,4531.25,96,,0,25.3125,773,47.0588235294118,0,33,13.8,-40,,0,4.296875,0,,,,,,,,,,,,2.89044,212.5,0,0,0,4.296875,-11,13.6347826086957,12,
963,2026-09-02,14:24:52.62275,173.55133,,4562.5,96,,0,24.6875,772,46.2745098039216,0,33,13.8,-40,,0,4.296875,0,,,,,,,,,,,,3.24198,256.25,0,0,0,4.296875,-11,12.8,9,
964,2026-09-02,14:24:52.85746,173.78075,,4593.75,96,,0,30.3125,772,53.7254901960784,0,30,13.1,-40,,0,4.296875,0,,,,,,,,,,,,2.96856,243.75,0,0,0,4.296875,-11,13.3446808510638,36,
965,2026-09-02,14:24:53.10837,174.03298,,4593.75,96,,0,25.9375,772,47.843137254902,0,33,13.2,-40,,0,4.296875,0,,,,,,,,,,,,3.08574,231.25,0,0,0,4.296875,-11,12.8876712328767,8,
966,2026-09-02,14:24:53.35904,174.28251,,4687.5,100,,0,42.1875,773,72.9411764705882,0,24,12.9,-40,,0,4.296875,0,,,,,,,,,,,,3.43728,406.25,0,0,0,4.296875,-11,11.76,11,
967,2026-09-02,14:24:53.59320,174.51491,,4781.25,100,,0,46.25,773,79.6078431372549,0,22,12.4,-40,,0,4.296875,0,,,,,,,,,,,,3.53493,425,0,0,0,4.296875,-11,11.6869565217391,20,
968,2026-09-02,14:24:53.82866,174.75422,,4781.25,100,,0,46.5625,772,79.6078431372549,0,23,12.5,-40,,0,4.296875,0,,,,,,,,,,,,3.69117,431.25,0,0,0,4.296875,-11,11.6869565217391,22,
969,2026-09-02,14:24:54.03152,174.95905,,4843.75,102,,0,46.5625,773,80,0,24,12.3,-40,,0,4.296875,0,,,,,,,,,,,,3.61305,437.5,0,0,0,4.296875,-11,11.6869565217391,19,
970,2026-09-02,14:24:54.23566,175.15695,,4875,102,,0,46.875,772,79.6078431372549,0,24,12.4,-40,,0,4.296875,0,,,,,,,,,,,,3.86694,450,0,0,0,4.296875,-11,11.6148148148148,8,
971,2026-09-02,14:24:54.48621,175.4108,,4937.5,102,,1,47.1875,773,80,0,24,12.1,-40,,0,4.296875,0,,,,,,,,,,,,3.63258,462.5,0,0,0,4.296875,-11,11.6148148148148,16,
972,2026-09-02,14:24:54.75250,175.68296,,5031.25,108,,1,47.1875,773,79.6078431372549,0,24,12,-40,,0,4.296875,0,,,,,,,,,,,,3.45681,462.5,0,0,0,4.296875,-11,11.6148148148148,27,
973,2026-09-02,14:24:54.93978,175.86775,,5093.75,108,,3,47.8125,773,79.6078431372549,0,23,12,-40,,0,4.296875,0,,,,,,,,,,,,3.18339,468.75,0,0,0,4.296875,-11,11.6148148148148,20,
974,2026-09-02,14:24:55.15903,176.08674,,5156.25,108,,3,47.8125,773,79.6078431372549,0,23,11.8,-40,,0,4.296875,0,,,,,,,,,,,,3.74976,481.25,0,0,0,4.296875,-11,11.5435582822086,4,
975,2026-09-02,14:24:55.37850,176.30637,,5187.5,112,,3,47.8125,773,79.6078431372549,0,22,11.9,-40,,0,4.296875,0,,,,,,,,,,,,3.30057,487.5,0,0,0,4.296875,-11,11.5435582822086,17,
976,2026-09-02,14:24:55.59802,176.52659,,5250,112,,2,48.4375,773,79.6078431372549,0,22,12.2,-40,,0,4.296875,0,,,,,,,,,,,,4.04271,493.75,0,0,0,4.296875,-11,11.5435582822086,35,
977,2026-09-02,14:24:55.83288,176.7612,,5312.5,112,,2,48.75,773,79.6078431372549,0,22,11.8,-40,,0,4.296875,0,,,,,,,,,,,,3.80835,506.25,0,0,0,4.296875,-11,11.5435582822086,33,
978,2026-09-02,14:24:56.05211,176.98085,,5343.75,114,,2,49.0625,773,80,0,22,11.6,-40,,0,4.296875,0,,,,,,,,,,,,3.906,518.75,0,0,0,4.296875,-11,11.4731707317073,17,
979,2026-09-02,14:24:56.27090,177.20048,,5437.5,114,,2,49.375,772,79.6078431372549,0,21,11.7,-40,,0,4.296875,0,,,,,,,,,,,,3.76929,518.75,0,0,0,4.296875,-11,11.4731707317073,12,
980,2026-09-02,14:24:56.47402,177.39751,,5531.25,114,,1,49.0625,772,79.6078431372549,0,21,11.6,-40,,0,4.296875,0,,,,,,,,,,,,3.39822,525,0,0,0,4.296875,-11,11.4731707317073,4,
981,2026-09-02,14:24:56.75625,177.68482,,5531.25,118,,1,48.75,773,78.4313725490196,0,21,11.7,-40,,0,4.296875,0,,,,,,,,,,,,3.73023,518.75,0,0,0,4.296875,-11,11.4731707317073,0,
982,2026-09-02,14:24:56.97495,177.89658,,5625,118,,1,48.4375,772,78.0392156862745,0,22,11.3,-40,,0,4.296875,0,,,,,,,,,,,,3.22245,518.75,0,0,0,4.296875,-11,11.4731707317073,41,
983,2026-09-02,14:24:57.16319,178.08697,,5625,118,,0,20.3125,772,36.078431372549,0,24,9.4,-40,,0,4.296875,0,,,,,,,,,,,,1.85535,118.75,0,0,0,4.296875,-11,12.7135135135135,2,
984,2026-09-02,14:24:57.46050,178.37887,,5562.5,120,,0,2.8125,772,11.3725490196078,0,26,10.2,-40,,0,4.296875,0,,,,,,,,,,,,1.69911,25,0,0,0,4.296875,-11,12.4609271523179,11,
985,2026-09-02,14:24:57.66454,178.58536,,5593.75,120,,0,2.5,772,10.1960784313725,0,26,14.3,-40,,0,4.296875,0,,,,,,,,,,,,1.64052,25,0,0,0,4.296875,-11,12.4609271523179,33,
986,2026-09-02,14:24:57.89948,178.82811,,5531.25,120,,0,2.5,772,9.80392156862745,0,26,11.3,-40,,0,4.296875,0,,,,,,,,,,,,1.62099,25,0,0,0,4.296875,-11,12.4609271523179,20,
987,2026-09-02,14:24:58.18087,179.10719,,5437.5,116,,0,2.1875,773,9.41176470588235,0,26,15.8,-40,,0,4.296875,0,,,,,,,,,,,,1.64052,25,0,0,0,4.296875,-11,12.4609271523179,25,
988,2026-09-02,14:24:58.39952,179.3266,,5406.25,116,,0,2.5,772,9.41176470588235,0,26,29.3,-40,,0,4.296875,0,,,,,,,,,,,,1.58193,18.75,0,0,0,4.296875,-11,12.4609271523179,5,
989,2026-09-02,14:24:58.60340,179.5318,,5375,116,,0,2.1875,772,9.01960784313725,0,26,53.6,-40,,0,4.296875,0,,,,,,,,,,,,1.48428,18.75,0,0,0,4.296875,-11,12.4609271523179,2,
990,2026-09-02,14:24:58.86960,179.79082,,5218.75,112,,0,1.875,772,9.01960784313725,0,26,75.7,-40,,0,4.296875,0,,,,,,,,,,,,1.58193,18.75,0,0,0,4.296875,-11,12.4609271523179,33,
991,2026-09-02,14:24:59.07338,180.00088,,5218.75,112,,0,2.1875,772,9.41176470588235,0,26,88.8,-40,,0,4.296875,0,,,,,,,,,,,,1.64052,18.75,0,0,0,4.296875,-11,12.4609271523179,2,
992,2026-09-02,14:24:59.30831,180.23568,,5093.75,112,,0,2.1875,772,9.01960784313725,0,26,93.9,-40,,0,4.296875,0,,,,,,,,,,,,1.54287,18.75,0,0,0,4.296875,-11,12.4609271523179,11,
993,2026-09-02,14:24:59.52788,180.4556,,5000,108,,0,1.5625,772,9.01960784313725,0,26,96,-40,,0,4.296875,0,,,,,,,,,,,,1.83582,25,0,0,0,4.296875,-11,12.4609271523179,8,
994,2026-09-02,14:24:59.77845,180.70004,,4937.5,108,,0,4.6875,772,13.7254901960784,0,26,96,-40,,0,4.296875,0,,,,,,,,,,,,1.93347,43.75,0,0,0,4.296875,-11,12.4609271523179,15,
995,2026-09-02,14:24:59.98138,180.90212,,4937.5,108,,0,4.6875,772,14.1176470588235,0,26,99.9,-40,,0,4.296875,0,,,,,,,,,,,,1.87488,43.75,0,0,0,4.296875,-11,12.4609271523179,18,
996,2026-09-02,14:25:00.24795,181.17875,,4875,104,,0,4.6875,772,14.5098039215686,0,26,99.9,-40,,0,4.296875,0,,,,,,,,,,,,1.85535,43.75,0,0,0,4.296875,-11,12.4609271523179,8,
997,2026-09-02,14:25:00.45109,181.38403,,4843.75,104,,0,5,772,14.5098039215686,0,25,99.9,-40,,0,4.296875,0,,,,,,,,,,,,1.85535,43.75,0,0,0,4.296875,-11,12.4609271523179,19,
998,2026-09-02,14:25:00.65469,181.57863,,4812.5,104,,0,5,773,14.5098039215686,0,25,99.9,-40,,0,4.296875,0,,,,,,,,,,,,1.99206,43.75,0,0,0,4.296875,-11,12.4609271523179,28,
999,2026-09-02,14:25:00.85878,181.78051,,4750,104,,0,5,772,14.5098039215686,0,25,99.9,-40,,0,4.296875,0,,,,,,,,,,,,1.85535,43.75,0,0,0,4.296875,-11,12.4609271523179,8,
1000,2026-09-02,14:25:01.10912,182.03275,,4718.75,102,,0,5.3125,772,14.5098039215686,0,25,99.9,-40,,0,4.296875,0,,,,,,,,,,,,1.87488,43.75,0,0,0,4.296875,-11,12.4609271523179,10,
1001,2026-09-02,14:25:01.32775,182.2571,,4718.75,102,,0,5,773,14.5098039215686,0,25,99.9,-40,,0,4.296875,0,,,,,,,,,,,,1.89441,43.75,0,0,0,4.296875,-11,12.4609271523179,9,
1002,2026-09-02,14:25:01.53115,182.4621,,4687.5,102,,0,5,772,14.5098039215686,0,25,99.9,-40,,0,4.296875,0,,,,,,,,,,,,1.89441,43.75,0,0,0,4.296875,-11,12.4609271523179,17,
1003,2026-09-02,14:25:01.82843,182.75644,,4625,100,,0,5,773,14.5098039215686,0,24,99.9,-40,,0,4.296875,0,,,,,,,,,,,,1.85535,43.75,0,0,0,4.296875,-11,12.544,20,
1004,2026-09-02,14:25:02.04756,182.97634,,4500,100,,0,5,772,14.1176470588235,0,24,99.9,-40,,0,4.296875,0,,,,,,,,,,,,1.77723,43.75,0,0,0,4.296875,-11,12.4609271523179,4,
1005,2026-09-02,14:25:02.28256,183.20099,,4531.25,100,,0,5,772,14.1176470588235,0,24,99.9,-40,,0,4.296875,0,,,,,,,,,,,,1.87488,43.75,0,0,0,4.296875,-11,12.4609271523179,10,
1006,2026-09-02,14:25:02.51716,183.43838,,4468.75,96,,0,5,772,14.1176470588235,0,24,99.9,-40,,0,4.296875,0,,,,,,,,,,,,1.85535,37.5,0,0,0,4.296875,-11,12.7135135135135,10,
1007,2026-09-02,14:25:02.72012,183.64533,,4437.5,96,,0,4.0625,772,13.3333333333333,0,24,99.9,-40,,0,4.296875,0,,,,,,,,,,,,1.91394,37.5,0,0,0,4.296875,-11,12.8,10,
1008,2026-09-02,14:25:02.92430,183.8473,,4406.25,96,,0,7.1875,772,16.4705882352941,0,24,99.9,-40,,0,4.296875,0,,,,,,,,,,,,2.08971,62.5,0.78125,0,0,4.296875,-11,14.4738461538462,20,
1009,2026-09-02,14:25:03.22137,184.14958,,4406.25,94,,0,10.625,772,21.9607843137255,0,23,16.5,-40,,0,4.296875,0,,,,,,,,,,,,2.38266,106.25,2.734375,0,0,4.296875,-11,14.7,5,
1010,2026-09-02,14:25:03.42531,184.349,,4375,94,,0,13.125,772,24.7058823529412,0,23,13.8,-40,,0,4.296875,0,,,,,,,,,,,,2.30454,100,3.125,0,0,4.296875,-11,14.7,10,
1011,2026-09-02,14:25:03.64473,184.56856,,4375,94,,0,8.75,772,18.4313725490196,0,23,14.4,-40,,0,4.296875,0,,,,,,,,,,,,2.05065,68.75,2.1484375,0,0,4.296875,-11,14.7,21,
1012,2026-09-02,14:25:03.94164,184.86335,,4250,92,,0,4.6875,772,12.9411764705882,0,24,14.3,-40,,0,4.296875,0,,,,,,,,,,,,1.71864,43.75,0,0,0,4.296875,-11,13.44,4,
1013,2026-09-02,14:25:04.14535,185.07034,,4156.25,92,,0,3.4375,772,11.3725490196078,0,23,14.8,-40,,0,4.296875,0,,,,,,,,,,,,1.69911,31.25,0,0,0,4.296875,-11,13.158041958042,10,
1014,2026-09-02,14:25:04.34942,185.27784,,4250,92,,0,3.125,771,10.9803921568627,0,23,14.9,-40,,0,4.296875,0,,,,,,,,,,,,1.58193,25,0,0,0,4.296875,-11,13.3446808510638,41,
1015,2026-09-02,14:25:04.55347,185.47555,,4218.75,92,,0,2.8125,772,10.5882352941176,0,23,14.5,-40,,0,4.296875,0,,,,,,,,,,,,1.58193,25,0,0,0,4.296875,-11,13.7343065693431,18,
1016,2026-09-02,14:25:04.80356,185.73216,,4218.75,92,,0,2.8125,772,10.5882352941176,0,23,16.8,-40,,0,4.296875,0,,,,,,,,,,,,1.5624,18.75,0,0,0,4.296875,-11,13.8352941176471,0,
1017,2026-09-02,14:25:05.02282,185.9435,,4156.25,92,,0,2.5,772,10.5882352941176,0,23,28.6,-40,,0,4.296875,0,,,,,,,,,,,,1.52334,18.75,0,0,0,4.296875,-11,13.9377777777778,2,
1018,2026-09-02,14:25:05.27313,186.19109,,4125,88,,0,2.5,772,10.1960784313725,0,22,72,-40,,0,4.296875,0,,,,,,,,,,,,1.50381,18.75,0,0,0,4.296875,-11,14.5860465116279,3,
1019,2026-09-02,14:25:05.49234,186.41311,,4062.5,88,,0,2.1875,772,10.1960784313725,0,22,89.8,-40,,0,4.296875,0,,,,,,,,,,,,1.52334,18.75,0,0,0,4.296875,-11,14.7,9,
1020,2026-09-02,14:25:05.72714,186.65072,,4000,88,,0,2.1875,772,9.80392156862745,0,21,96,-40,,0,4.296875,0,,,,,,,,,,,,1.44522,18.75,0,0,0,4.296875,-11,14.7,5,
1021,2026-09-02,14:25:05.97729,186.89998,,3968.75,86,,0,1.875,772,9.80392156862745,0,21,96,-40,,0,4.296875,0,,,,,,,,,,,,1.46475,12.5,0,0,0,4.296875,-11,14.7,3,
1022,2026-09-02,14:25:06.21221,187.13775,,3937.5,86,,0,1.875,771,9.41176470588235,0,21,96,-40,,0,4.296875,0,,,,,,,,,,,,1.79676,25,0,0,0,4.296875,-11,14.7,5,
1023,2026-09-02,14:25:06.43116,187.3592,,3906.25,86,,0,4.375,772,13.7254901960784,0,21,96,-40,,0,4.296875,0,,,,,,,,,,,,1.7577,31.25,0,0,0,4.296875,-11,14.7,11,
1024,2026-09-02,14:25:06.66642,187.59392,,3843.75,82,,0,4.375,772,14.1176470588235,0,19,99.9,-40,,0,4.296875,0,,,,,,,,,,,,1.79676,31.25,0,0,0,4.296875,-11,14.7,14,
1025,2026-09-02,14:25:06.90125,187.8256,,3781.25,82,,0,4.375,771,14.1176470588235,0,18,99.9,-40,,0,4.296875,0,,,,,,,,,,,,1.71864,31.25,0,0,0,4.296875,-11,14.7,9,
1026,2026-09-02,14:25:07.15179,188.07582,,3750,82,,0,4.375,772,14.1176470588235,0,17,99.9,-40,,0,4.296875,0,,,,,,,,,,,,1.73817,31.25,0,0,0,4.296875,-11,14.7,2,
1027,2026-09-02,14:25:07.41731,188.33766,,3687.5,80,,0,4.375,772,14.5098039215686,0,17,99.9,-40,,0,4.296875,0,,,,,,,,,,,,1.71864,31.25,0,0,0,4.296875,-11,14.7,7,
1028,2026-09-02,14:25:07.62101,188.55257,,3625,80,,0,4.375,772,14.9019607843137,0,16,99.9,-40,,0,4.296875,0,,,,,,,,,,,,1.73817,31.25,0,0,0,4.296875,-11,14.7,1,
1029,2026-09-02,14:25:07.83970,188.76448,,3562.5,80,,0,4.375,773,14.9019607843137,0,15,99.9,-40,,0,4.296875,0,,,,,,,,,,,,1.69911,31.25,0,0,0,4.296875,-11,14.7,11,
1030,2026-09-02,14:25:08.16887,189.08717,,3531.25,76,,0,4.375,772,15.2941176470588,0,14,99.9,-40,,0,4.296875,0,,,,,,,,,,,,1.71864,31.25,0,0,0,4.296875,-11,14.7,21,
1031,2026-09-02,14:25:08.35691,189.28068,,3406.25,76,,0,4.375,772,15.2941176470588,0,12,99.9,-40,,0,4.296875,0,,,,,,,,,,,,1.64052,25,0,0,0,4.296875,-11,14.7,9,
1032,2026-09-02,14:25:08.52874,189.46027,,3343.75,76,,0,4.375,772,15.2941176470588,0,12,99.9,-40,,0,4.296875,0,,,,,,,,,,,,1.67958,25,0,0,0,4.296875,-11,14.7,4,
1033,2026-09-02,14:25:08.68543,189.61017,,3250,70,,0,4.0625,772,15.2941176470588,0,9,99.9,-40,,0,4.296875,0,,,,,,,,,,,,1.60146,25,0,0,0,4.296875,-11,14.7,12,
1034,2026-09-02,14:25:08.82661,189.74972,,3375,70,,0,4.0625,772,15.2941176470588,0,11,99.9,-40,,0,4.296875,0,,,,,,,,,,,,1.64052,25,0,0,0,4.296875,-11,14.7,5,
1035,2026-09-02,14:25:08.96721,189.89442,,3156.25,70,,0,4.0625,772,14.9019607843137,0,8,99.9,-40,,0,4.296875,0,,,,,,,,,,,,1.58193,25,0,0,0,4.296875,-11,14.7,5,
1036,2026-09-02,14:25:09.10834,190.03925,,3156.25,70,,0,3.75,771,14.5098039215686,0,9,99.9,-40,,0,4.296875,0,,,,,,,,,,,,1.58193,25,0,0,0,4.296875,-11,14.7,4,
1037,2026-09-02,14:25:09.28062,190.21037,,3062.5,70,,0,4.0625,772,14.5098039215686,0,7,99.9,-40,,0,4.296875,0,,,,,,,,,,,,1.60146,25,0,0,0,4.296875,-11,14.7,1,
1038,2026-09-02,14:25:09.48404,190.40962,,3031.25,66,,0,3.75,772,14.5098039215686,0,6,99.9,-40,,0,4.296875,0,,,,,,,,,,,,1.60146,18.75,0,0,0,4.296875,-11,14.7,8,
1039,2026-09-02,14:25:09.68738,190.61913,,2968.75,66,,0,3.4375,773,14.5098039215686,0,5,99.9,-40,,0,4.296875,0,,,,,,,,,,,,1.54287,18.75,0,0,0,4.296875,-11,14.7,13,
1040,2026-09-02,14:25:09.89108,190.8138,,2906.25,66,,0,3.75,771,14.5098039215686,0,4,99.9,-40,,0,4.296875,0,,,,,,,,,,,,1.58193,18.75,0,0,0,4.296875,-11,14.7,15,
1041,2026-09-02,14:25:10.14169,191.06346,,2843.75,60,,0,3.75,771,14.5098039215686,0,3,99.9,-40,,0,4.296875,0,,,,,,,,,,,,1.60146,18.75,0,0,0,4.296875,-11,14.7,22,
1042,2026-09-02,14:25:10.32953,191.25793,,2750,60,,0,3.75,773,14.5098039215686,0,2,99.9,-40,,0,4.296875,0,,,,,,,,,,,,1.62099,18.75,0,0,0,4.296875,-11,14.7,4,
1043,2026-09-02,14:25:10.58007,191.50276,,2687.5,60,,0,3.75,772,14.5098039215686,0,1,99.9,-40,,0,4.296875,0,,,,,,,,,,,,1.5624,18.75,0,0,0,4.296875,-11,14.7,3,
1044,2026-09-02,14:25:10.83039,191.76233,,2625,56,,0,4.0625,773,13.7254901960784,0,-2,99.9,-40,,0,4.296875,0,,,,,,,,,,,,1.50381,18.75,0,0,0,4.296875,-11,14.7,13,
1045,2026-09-02,14:25:11.03355,191.96698,,2281.25,56,,0,4.375,772,13.3333333333333,0,-7,99.9,-40,,0,4.296875,0,,,,,,,,,,,,1.46475,18.75,0,0,0,4.296875,-11,14.7,17,
1046,2026-09-02,14:25:11.25317,192.17516,,2000,56,,0,4.375,772,14.5098039215686,0,-5,99.9,-40,,0,4.296875,0,,,,,,,,,,,,1.48428,12.5,0,0,0,4.296875,-11,14.7,4,
1047,2026-09-02,14:25:11.47206,192.39373,,1750,52,,0,4.0625,772,14.9019607843137,0,20,99.9,-40,,0,4.296875,0,,,,,,,,,,,,1.38663,12.5,0,0,0,4.296875,-11,14.7,4,
1048,2026-09-02,14:25:11.67597,192.60094,,1500,52,,0,4.375,772,14.9019607843137,0,20,99.9,-40,,0,4.296875,0,,,,,,,,,,,,1.40616,12.5,0,0,0,4.296875,-11,14.7,3,
1049,2026-09-02,14:25:11.87986,192.80549,,1250,52,,0,5.3125,772,16.078431372549,0,20,99.9,-40,,0,4.296875,0,,,,,,,,,,,,1.54287,12.5,0,0,0,4.296875,-11,14.7,2,
1050,2026-09-02,14:25:12.11454,193.03977,,1031.25,52,,0,6.5625,772,18.8235294117647,0,-5,99.9,-40,,0,4.296875,0,,,,,,,,,,,,1.42569,12.5,0,0,0,4.296875,-11,14.7,2,
1051,2026-09-02,14:25:12.30213,193.23493,,937.5,50,,0,6.875,772,18.8235294117647,0,19,99.9,-40,,0,4.296875,0,,,,,,,,,,,,1.52334,12.5,0,0,0,4.296875,-11,14.7,2,
1052,2026-09-02,14:25:12.50523,193.43465,,875,50,,0,7.5,772,19.6078431372549,0,18,99.9,-40,,0,4.296875,0,,,,,,,,,,,,1.44522,12.5,0,0,0,4.296875,-11,14.7,2,
1053,2026-09-02,14:25:12.72493,193.65424,,843.75,50,,0,7.8125,772,20.7843137254902,0,17,79.7,-40,,0,4.296875,0,,,,,,,,,,,,1.48428,12.5,0,0,0,4.296875,-11,14.7,1,
1054,2026-09-02,14:25:13.02186,193.94621,,781.25,48,,0,8.4375,772,21.9607843137255,0,13,22.4,-40,,0,4.296875,0,,,,,,,,,,,,1.40616,12.5,0,0,0,4.296875,-11,14.7,2,
1055,2026-09-02,14:25:13.25675,194.17849,,750,48,,0,8.75,772,23.1372549019608,0,11,16.9,-40,,0,4.296875,0,,,,,,,,,,,,1.54287,12.5,0,0,0,4.296875,-11,14.7,1,
1056,2026-09-02,14:25:13.44472,194.36772,,750,48,,0,9.0625,772,23.5294117647059,0,10,14.3,-40,,0,4.296875,0,,,,,,,,,,,,1.44522,12.5,0,0,0,4.296875,-11,14.7,1,
1057,2026-09-02,14:25:13.64880,194.56978,,718.75,48,,0,9.0625,772,23.921568627451,0,11,13.7,-40,,0,4.296875,0,,,,,,,,,,,,1.3671,12.5,0,0,0,4.296875,-11,14.7,2,
1058,2026-09-02,14:25:13.85231,194.78248,,718.75,48,,0,9.375,772,24.7058823529412,0,11,13.5,-40,,0,4.296875,0,,,,,,,,,,,,1.42569,12.5,0,0,0,4.296875,-11,14.7,1,
1059,2026-09-02,14:25:14.07119,195.00217,,718.75,48,,0,9.375,771,25.0980392156863,0,10,13.4,-40,,0,4.296875,0,,,,,,,,,,,,1.38663,12.5,0,0,0,4.296875,-11,14.7,1,
1060,2026-09-02,14:25:14.28998,195.21188,,687.5,48,,0,9.375,771,25.4901960784314,0,11,13.5,-40,,0,4.296875,0,,,,,,,,,,,,1.42569,12.5,0,0,0,4.296875,-11,14.7,1,
1061,2026-09-02,14:25:14.54174,195.4661,,687.5,44,,0,9.6875,771,25.4901960784314,0,11,13.7,-40,,0,4.296875,0,,,,,,,,,,,,1.52334,12.5,0,0,0,4.296875,-11,14.7,1,
1062,2026-09-02,14:25:14.74378,195.67111,,687.5,44,,0,9.6875,772,25.8823529411765,0,10,14.2,-40,,0,4.296875,0,,,,,,,,,,,,1.54287,12.5,0,0,0,4.296875,-11,14.7,2,
1063,2026-09-02,14:25:14.94747,195.86822,,687.5,44,,0,10,772,26.2745098039216,0,10,14.2,-40,,0,4.296875,0,,,,,,,,,,,,1.34757,12.5,0,0,0,4.296875,-11,14.7,3,
1064,2026-09-02,14:25:15.21352,196.14524,,687.5,42,,0,10,772,26.2745098039216,0,10,14.5,-40,,0,4.296875,0,,,,,,,,,,,,1.42569,12.5,0,0,0,4.296875,-11,14.7,2,
1065,2026-09-02,14:25:15.40164,196.33496,,687.5,42,,0,10,772,26.2745098039216,0,10,14.9,-40,,0,4.296875,0,,,,,,,,,,,,1.52334,12.5,0.1953125,0,0,4.296875,-11,14.7,0,
1066,2026-09-02,14:25:15.60522,196.53465,,687.5,42,,0,10,771,26.2745098039216,0,10,15.4,-40,,0,4.296875,0,,,,,,,,,,,,1.48428,12.5,0.1953125,0,0,4.296875,-11,14.7,1,
1067,2026-09-02,14:25:15.82427,196.74909,,687.5,38,,0,9.6875,772,26.2745098039216,0,9,15.7,-40,,0,4.296875,0,,,,,,,,,,,,1.46475,12.5,0.1953125,0,0,4.296875,-11,14.7,2,
1068,2026-09-02,14:25:16.05916,196.97879,,687.5,38,,0,9.6875,772,26.2745098039216,0,11,15.9,-40,,0,4.296875,0,,,,,,,,,,,,1.38663,12.5,0.390625,0,0,4.296875,-11,14.7,2,
1069,2026-09-02,14:25:16.26234,197.18597,,687.5,38,,0,9.6875,772,26.2745098039216,0,10,16,-40,,0,4.296875,0,,,,,,,,,,,,1.40616,12.5,0.390625,0,0,4.296875,-11,14.7,0,
1070,2026-09-02,14:25:16.51311,197.43544,,656.25,36,,0,10,772,26.2745098039216,0,10,16.1,-40,,0,4.296875,0,,,,,,,,,,,,1.46475,12.5,0.390625,0,0,4.296875,-11,14.7,0,
1071,2026-09-02,14:25:16.73234,197.65696,,718.75,36,,0,10,772,26.2745098039216,0,8,15.9,-40,,0,4.296875,0,,,,,,,,,,,,1.48428,12.5,0.5859375,0,0,4.296875,-11,14.7,2,
1072,2026-09-02,14:25:16.92012,197.8526,,718.75,36,,0,9.6875,772,25.8823529411765,0,10,15.9,-40,,0,4.296875,0,,,,,,,,,,,,1.52334,12.5,0.5859375,0,0,4.296875,-11,14.7,1,
1073,2026-09-02,14:25:17.15507,198.08719,,718.75,34,,0,9.6875,771,25.8823529411765,0,9,16.1,-40,,0,4.296875,0,,,,,,,,,,,,1.3671,12.5,0.5859375,0,0,4.296875,-11,14.7,1,
1074,2026-09-02,14:25:17.40501,198.33186,,718.75,34,,0,13.4375,772,31.7647058823529,0,10,15.6,-40,,0,4.296875,0,,,,,,,,,,,,1.77723,25,0.9765625,0,0,4.296875,-11,14.7,3,
1075,2026-09-02,14:25:17.59295,198.52159,,1125,34,,0,22.1875,772,45.8823529411765,0,8,15,-40,,0,4.296875,0,,,,,,,,,,,,2.18736,62.5,1.171875,0,0,4.296875,-11,14.7,5,
1076,2026-09-02,14:25:17.84348,198.77614,,1750,34,,0,24.6875,772,52.156862745098,0,27,13.2,-40,,0,4.296875,0,,,,,,,,,,,,2.20689,75,1.171875,0,0,4.296875,-11,14.7,11,
1077,2026-09-02,14:25:18.07817,199.01079,,1625,34,,0,25.625,772,54.9019607843137,0,24,13.4,-40,,0,4.296875,0,,,,,,,,,,,,2.20689,81.25,0.5859375,0,0,4.296875,-11,14.7,6,
1078,2026-09-02,14:25:18.31247,199.23067,,1687.5,34,,0,25,772,54.5098039215686,0,23,14,-40,,0,4.296875,0,,,,,,,,,,,,2.16783,81.25,0.1953125,0,0,4.296875,-11,14.7,8,
1079,2026-09-02,14:25:18.54678,199.48,,1718.75,34,,0,25,771,54.9019607843137,0,24,14.1,-40,,0,4.296875,0,,,,,,,,,,,,2.22642,81.25,-0.390625,0,0,4.296875,-11,14.7,2,
1080,2026-09-02,14:25:18.78174,199.70969,,1718.75,36,,0,23.75,772,52.5490196078431,0,26,14.3,-40,,0,4.296875,0,,,,,,,,,,,,2.1483,75,-0.9765625,0,0,4.296875,-11,14.7,6,
1081,2026-09-02,14:25:19.00103,199.92924,,1718.75,36,,0,26.5625,772,56.078431372549,0,21,14.4,-40,,0,4.296875,0,,,,,,,,,,,,2.57796,106.25,-1.3671875,0,0,4.296875,-11,14.7,2,
1082,2026-09-02,14:25:19.21971,200.14331,,1750,36,,0,35,772,71.7647058823529,0,12,14.3,-40,,0,4.296875,0,,,,,,,,,,,,2.51937,125,-1.953125,0,0,4.296875,-12,14.7,3,
1083,2026-09-02,14:25:19.39204,200.31796,,1812.5,38,,0,34.375,772,72.5490196078431,0,13,15.1,-40,,0,4.296875,0,,,,,,,,,,,,2.36313,118.75,-2.1484375,0,0,4.296875,-11,14.7,4,
1084,2026-09-02,14:25:19.56388,200.49273,,1812.5,38,,0,31.875,772,67.843137254902,0,15,15.7,-40,,0,4.296875,0,,,,,,,,,,,,2.08971,106.25,-1.7578125,0,0,4.296875,-12,14.7,6,
1085,2026-09-02,14:25:19.72062,200.64738,,1875,38,,0,23.75,772,54.5098039215686,0,28,15.2,-40,,0,4.296875,0,,,,,,,,,,,,1.91394,75,-1.171875,0,0,4.296875,-11,14.7,18,
1086,2026-09-02,14:25:19.89306,200.81712,,1875,38,,0,15.9375,772,40.7843137254902,0,35,14.7,-40,,0,4.296875,0,,,,,,,,,,,,1.64052,50,-0.5859375,0,0,4.296875,-11,14.7,12,
1087,2026-09-02,14:25:20.06485,200.9969,,1843.75,40,,0,10.9375,772,30.5882352941176,0,36,14.2,-40,,0,4.296875,0,,,,,,,,,,,,1.85535,37.5,-0.78125,0,0,4.296875,-12,14.7,5,
1088,2026-09-02,14:25:20.23720,201.16237,,1875,40,,0,11.25,772,30.5882352941176,0,37,14.1,-40,,0,4.296875,0,,,,,,,,,,,,1.87488,43.75,-1.171875,0,0,4.296875,-12,14.7,3,
1089,2026-09-02,14:25:20.40976,201.3419,,1875,40,,0,10.9375,772,29.8039215686275,0,35,14.5,-40,,0,4.296875,0,,,,,,,,,,,,1.81629,37.5,-1.5625,0,0,4.296875,-12,14.7,3,
1090,2026-09-02,14:25:20.58192,201.50303,,1843.75,40,,0,10.3125,772,27.843137254902,0,36,15.8,-40,,0,4.296875,0,,,,,,,,,,,,1.81629,37.5,-1.5625,0,0,4.296875,-12,14.7,4,
1091,2026-09-02,14:25:20.75370,201.67612,,1843.75,40,,0,10,772,27.4509803921569,0,36,16.7,-40,,0,4.296875,0,,,,,,,,,,,,1.85535,37.5,-0.9765625,0,0,4.296875,-12,14.7,8,
1092,2026-09-02,14:25:20.91074,201.84121,,1875,40,,0,10.9375,772,28.2352941176471,0,35,16.6,-40,,0,4.296875,0,,,,,,,,,,,,1.85535,37.5,-0.5859375,0,0,4.296875,-12,14.7,6,
1093,2026-09-02,14:25:21.08253,202.01083,,1843.75,40,,0,10.625,772,27.843137254902,0,36,16.5,-40,,0,4.296875,0,,,,,,,,,,,,1.7577,37.5,0,0,0,4.296875,-12,14.7,1,
1094,2026-09-02,14:25:21.25412,202.18561,,1843.75,40,,0,10.3125,772,27.843137254902,0,36,16,-40,,0,4.296875,0,,,,,,,,,,,,1.79676,37.5,0.390625,0,0,4.296875,-12,14.7,3,
1095,2026-09-02,14:25:21.45778,202.382,,1843.75,40,,0,9.6875,772,27.0588235294118,0,35,15.7,-40,,0,4.296875,0,,,,,,,,,,,,1.77723,31.25,0.9765625,0,0,4.296875,-12,14.7,3,
1096,2026-09-02,14:25:21.66090,202.58964,,1812.5,40,,0,9.375,772,25.8823529411765,0,36,15.3,-40,,0,4.296875,0,,,,,,,,,,,,1.79676,31.25,1.5625,0,0,4.296875,-12,14.7,3,
1097,2026-09-02,14:25:21.84848,202.77483,,1843.75,40,,0,9.0625,772,25.4901960784314,0,35,15,-40,,0,4.296875,0,,,,,,,,,,,,1.93347,37.5,2.1484375,0,0,4.296875,-12,14.7,6,
1098,2026-09-02,14:25:22.03641,202.96253,,1843.75,40,,0,12.8125,772,30.1960784313725,0,35,14.8,-40,,0,4.296875,0,,,,,,,,,,,,2.18736,56.25,2.5390625,0,0,4.296875,-12,14.7,4,
1099,2026-09-02,14:25:22.22485,203.14928,,1843.75,40,,0,26.25,772,52.156862745098,0,23,14.8,-40,,0,4.296875,0,,,,,,,,,,,,2.36313,100,3.125,0,0,4.296875,-12,14.7,8,
1100,2026-09-02,14:25:22.45976,203.37824,,1843.75,40,,0,28.4375,772,59.6078431372549,0,20,11.6,-40,,0,4.296875,0,,,,,,,,,,,,2.44125,106.25,2.734375,0,0,4.296875,-12,14.7,1,
1101,2026-09-02,14:25:22.64701,203.57836,,1906.25,40,,0,33.125,772,70.1960784313726,0,14,12.9,-40,,0,4.296875,0,,,,,,,,,,,,2.5389,125,2.34375,0,0,4.296875,-12,14.7,4,
1102,2026-09-02,14:25:22.85003,203.77812,,1906.25,40,,0,32.8125,772,70.9803921568627,0,14,13.5,-40,,0,4.296875,0,,,,,,,,,,,,2.48031,125,1.7578125,0,0,4.296875,-12,14.7,1,
1103,2026-09-02,14:25:23.08505,204.00751,,1968.75,40,,0,30.625,772,66.6666666666667,0,19,14.5,-40,,0,4.296875,0,,,,,,,,,,,,2.30454,112.5,1.3671875,0,0,4.296875,-12,14.7,7,
1104,2026-09-02,14:25:23.28864,204.21229,,2000,40,,0,27.8125,772,61.1764705882353,0,21,14.5,-40,,0,4.296875,0,,,,,,,,,,,,2.3436,106.25,0.78125,0,0,4.296875,-12,14.7,12,
1105,2026-09-02,14:25:23.53923,204.46441,,2031.25,44,,0,27.1875,772,60,0,23,14.3,-40,,0,4.296875,0,,,,,,,,,,,,2.28501,106.25,0,0,0,4.296875,-12,14.7,15,
1106,2026-09-02,14:25:23.75835,204.67973,,2031.25,44,,0,23.125,772,52.9411764705882,0,32,14.4,-40,,0,4.296875,0,,,,,,,,,,,,2.07018,81.25,-0.5859375,0,0,4.296875,-12,14.7,3,
1107,2026-09-02,14:25:23.99319,204.92146,,2062.5,44,,0,17.8125,772,41.9607843137255,0,37,14.2,-40,,0,4.296875,0,,,,,,,,,,,,2.1483,68.75,-1.171875,0,0,4.296875,-12,14.7,5,
1108,2026-09-02,14:25:24.21232,205.14056,,2093.75,44,,0,20.3125,771,45.4901960784314,0,35,14.2,-40,,0,4.296875,0,,,,,,,,,,,,2.32407,87.5,-1.7578125,0,0,4.296875,-12,14.7,0,
1109,2026-09-02,14:25:24.46236,205.39511,,2093.75,44,,0,26.25,772,56.4705882352941,0,26,14.4,-40,,0,4.296875,0,,,,,,,,,,,,2.3436,106.25,-2.5390625,0,0,4.296875,-12,14.7,15,
1110,2026-09-02,14:25:24.71292,205.64525,,2156.25,44,,0,25,772,54.1176470588235,0,29,15.2,-40,,0,4.296875,0,,,,,,,,,,,,2.12877,93.75,-2.34375,0,0,4.296875,-12,14.7,7,
1111,2026-09-02,14:25:25.01018,205.93929,,2156.25,46,,0,19.0625,772,42.3529411764706,0,37,15,-40,,0,4.296875,0,,,,,,,,,,,,1.83582,75,-1.3671875,0,0,4.296875,-12,14.7,18,
1112,2026-09-02,14:25:25.23002,206.15986,,2156.25,46,,0,10.3125,772,25.8823529411765,0,43,14.6,-40,,0,4.296875,0,,,,,,,,,,,,1.69911,37.5,-0.5859375,0,0,4.296875,-12,14.7,12,
1113,2026-09-02,14:25:25.48013,206.40388,,2125,46,,0,6.875,772,19.2156862745098,0,5,14.4,-40,,0,4.296875,0,,,,,,,,,,,,1.62099,25,-1.171875,0,0,4.296875,-12,14.7,5,
1114,2026-09-02,14:25:25.71522,206.64362,,2125,46,,0,5.625,772,16.8627450980392,0,-5,16.9,-40,,0,4.296875,0,,,,,,,,,,,,1.64052,25,0,0,0,4.296875,-12,14.7,13,
1115,2026-09-02,14:25:25.90332,206.82825,,2125,46,,0,5.3125,772,16.078431372549,0,-5,17.8,-40,,0,4.296875,0,,,,,,,,,,,,1.62099,18.75,0,0,0,4.296875,-12,14.7,2,
1116,2026-09-02,14:25:26.13781,207.06027,,2093.75,46,,0,5,771,15.6862745098039,0,-8,20.2,-40,,0,4.296875,0,,,,,,,,,,,,1.54287,18.75,0,0,0,4.296875,-12,14.7,4,
1117,2026-09-02,14:25:26.45085,207.37589,,2093.75,44,,0,5,772,15.2941176470588,0,-8,16.6,-40,,0,4.296875,0,,,,,,,,,,,,1.5624,18.75,0,0,0,4.296875,-12,14.7,4,
1118,2026-09-02,14:25:26.65444,207.58705,,2093.75,44,,0,5,772,15.6862745098039,0,-9,16.9,-40,,0,4.296875,0,,,,,,,,,,,,1.52334,18.75,0,0,0,4.296875,-12,14.7,10,
1119,2026-09-02,14:25:26.85800,207.7788,,2062.5,44,,0,5.3125,773,16.4705882352941,0,-9,16.6,-40,,0,4.296875,0,,,,,,,,,,,,1.81629,25,0,0,0,4.296875,-12,14.7,3,
1120,2026-09-02,14:25:27.09287,208.0217,,2062.5,44,,0,7.8125,772,20,0,17,19.9,-40,,0,4.296875,0,,,,,,,,,,,,1.73817,31.25,0.78125,0,0,4.296875,-13,14.7,1,
1121,2026-09-02,14:25:27.34292,208.2654,,2031.25,44,,0,8.125,772,21.1764705882353,0,21,15.9,-40,,0,4.296875,0,,,,,,,,,,,,1.69911,31.25,1.3671875,0,0,4.296875,-13,14.7,23,
1122,2026-09-02,14:25:27.57787,208.50312,,2031.25,44,,0,7.8125,772,21.1764705882353,0,21,14.9,-40,,0,4.296875,0,,,,,,,,,,,,1.71864,31.25,2.1484375,0,0,4.296875,-12,14.7,13,
1123,2026-09-02,14:25:27.79691,208.72507,,2031.25,44,,0,7.8125,773,21.1764705882353,0,19,14.8,-40,,0,4.296875,0,,,,,,,,,,,,1.77723,31.25,2.734375,0,0,4.296875,-13,14.7,6,
1124,2026-09-02,14:25:28.00119,208.92498,,2031.25,44,,0,7.8125,772,21.1764705882353,0,19,14.5,-40,,0,4.296875,0,,,,,,,,,,,,1.69911,31.25,3.515625,0,0,4.296875,-12,14.7,12,
1125,2026-09-02,14:25:28.18818,209.11479,,2000,44,,0,7.8125,772,21.1764705882353,0,19,14.3,-40,,0,4.296875,0,,,,,,,,,,,,1.69911,31.25,3.3203125,0,0,4.296875,-13,14.7,9,
1126,2026-09-02,14:25:28.45433,209.37903,,2000,44,,0,7.8125,772,21.1764705882353,0,19,14.3,-40,,0,4.296875,0,,,,,,,,,,,,1.69911,31.25,2.734375,0,0,4.296875,-13,14.7,8,
1127,2026-09-02,14:25:28.70427,209.62874,,2000,42,,0,7.5,772,21.1764705882353,0,11,14.4,-40,,0,4.296875,0,,,,,,,,,,,,1.54287,25,2.1484375,0,0,4.296875,-13,14.7,5,
1128,2026-09-02,14:25:28.92389,209.84557,,1968.75,42,,0,5.625,773,16.8627450980392,0,-8,14.6,-40,,0,4.296875,0,,,,,,,,,,,,1.46475,18.75,0,0,0,4.296875,-13,14.7,2,
1129,2026-09-02,14:25:29.12687,210.05807,,1906.25,42,,0,5,772,16.078431372549,0,16,15.4,-40,,0,4.296875,0,,,,,,,,,,,,1.44522,18.75,0,0,0,4.296875,-13,14.7,2,
1130,2026-09-02,14:25:29.31476,210.24299,,1781.25,42,,0,4.6875,772,16.078431372549,0,39,14.1,-40,,0,4.296875,0,,,,,,,,,,,,1.44522,18.75,0,0,0,4.296875,-13,14.7,12,
1131,2026-09-02,14:25:29.50329,210.4326,,1656.25,42,,0,4.6875,772,15.6862745098039,0,36,14.8,-40,,0,4.296875,0,,,,,,,,,,,,1.46475,12.5,0,0,0,4.296875,-13,14.7,12,
1132,2026-09-02,14:25:29.72195,210.65218,,1531.25,42,,0,4.6875,772,15.2941176470588,0,35,14,-40,,0,4.296875,0,,,,,,,,,,,,1.50381,12.5,0,0,0,4.296875,-13,14.7,2,
1133,2026-09-02,14:25:29.94160,210.872,,1375,40,,0,4.6875,772,15.6862745098039,0,31,13.5,-40,,0,4.296875,0,,,,,,,,,,,,1.42569,12.5,0,0,0,4.296875,-13,14.7,9,
1134,2026-09-02,14:25:30.20794,211.12875,,1218.75,40,,0,5.9375,772,16.8627450980392,0,28,14.2,-40,,0,4.296875,0,,,,,,,,,,,,1.50381,12.5,0,0,0,4.296875,-13,14.7,2,
1135,2026-09-02,14:25:30.41087,211.34056,,1093.75,40,,0,5.9375,772,17.2549019607843,0,24,14.3,-40,,0,4.296875,0,,,,,,,,,,,,1.46475,12.5,0,0,0,4.296875,-13,14.7,2,
1136,2026-09-02,14:25:30.66159,211.59016,,1031.25,36,,0,6.5625,772,18.0392156862745,0,22,14.4,-40,,0,4.296875,0,,,,,,,,,,,,1.40616,12.5,0,0,0,4.296875,-13,14.7,3,
1137,2026-09-02,14:25:30.86494,211.78991,,906.25,36,,0,7.1875,772,19.2156862745098,0,19,14.3,-40,,0,4.296875,0,,,,,,,,,,,,1.44522,12.5,0,0,0,4.296875,-12,14.7,1,
1138,2026-09-02,14:25:31.06839,211.99999,,843.75,36,,0,7.5,773,20.3921568627451,0,18,14.4,-40,,0,4.296875,0,,,,,,,,,,,,1.40616,12.5,0,0,0,4.296875,-12,14.7,3,
1139,2026-09-02,14:25:31.30342,212.23471,,750,34,,0,8.4375,773,21.5686274509804,0,15,14.3,-40,,0,4.296875,0,,,,,,,,,,,,1.48428,12.5,-0.1953125,0,0,4.296875,-13,14.7,2,
1140,2026-09-02,14:25:31.50710,212.43172,,687.5,34,,0,8.75,773,23.1372549019608,0,15,14.2,-40,,0,4.296875,0,,,,,,,,,,,,1.42569,12.5,-0.390625,0,0,4.296875,-12,14.7,2,
1141,2026-09-02,14:25:31.72653,212.6516,,687.5,34,,0,9.375,772,24.3137254901961,0,11,14.3,-40,,0,4.296875,0,,,,,,,,,,,,1.38663,12.5,-0.390625,0,0,4.296875,-12,14.7,2,
1142,2026-09-02,14:25:31.94598,212.87327,,656.25,34,,0,9.6875,772,25.0980392156863,0,11,14.2,-40,,0,4.296875,0,,,,,,,,,,,,1.3671,12.5,-0.390625,0,0,4.296875,-12,14.7,1,
1143,2026-09-02,14:25:32.18036,213.10808,,687.5,32,,0,9.6875,773,25.4901960784314,0,10,14.1,-40,,0,4.296875,0,,,,,,,,,,,,1.46475,12.5,-0.5859375,0,0,4.296875,-13,14.7,2,
1144,2026-09-02,14:25:32.41464,213.34293,,687.5,32,,0,9.6875,772,25.4901960784314,0,10,14,-40,,0,4.296875,0,,,,,,,,,,,,1.50381,12.5,-0.5859375,0,0,4.296875,-13,14.7,2,
1145,2026-09-02,14:25:32.63416,213.55644,,687.5,32,,0,9.375,772,25.8823529411765,0,9,13.9,-40,,0,4.296875,0,,,,,,,,,,,,1.3671,12.5,-0.5859375,0,0,4.296875,-13,14.7,1,
1146,2026-09-02,14:25:32.86884,213.78718,,718.75,32,,0,9.375,772,25.8823529411765,0,9,14,-40,,0,4.296875,0,,,,,,,,,,,,1.52334,12.5,-0.5859375,0,0,4.296875,-13,14.7,1,
1147,2026-09-02,14:25:33.10375,214.03184,,718.75,32,,0,9.375,772,25.4901960784314,0,9,14.2,-40,,0,4.296875,0,,,,,,,,,,,,1.3671,12.5,-0.78125,0,0,4.296875,-13,14.7,2,
1148,2026-09-02,14:25:33.32309,214.24947,,718.75,32,,0,9.375,773,25.4901960784314,0,10,14.3,-40,,0,4.296875,0,,,,,,,,,,,,2.12877,12.5,-0.78125,0,0,4.296875,-12,14.7,1,
1149,2026-09-02,14:25:33.54275,214.4635,,812.5,32,,0,19.6875,772,43.5294117647059,0,8,14.8,-40,,0,4.296875,0,,,,,,,,,,,,1.52334,37.5,-1.171875,0,0,4.296875,-13,14.7,1,
1150,2026-09-02,14:25:33.77732,214.71085,,1343.75,32,,0,15.9375,773,35.2941176470588,0,18,12.6,-40,,0,4.296875,0,,,,,,,,,,,,1.83582,50,-1.5625,0,0,4.296875,-13,14.7,7,
1151,2026-09-02,14:25:33.98162,214.90239,,1468.75,32,,0,15,772,34.9019607843137,0,26,12.8,-40,,0,4.296875,0,,,,,,,,,,,,1.89441,43.75,-1.953125,0,0,4.296875,-13,14.7,3,
1152,2026-09-02,14:25:34.18450,215.1151,,1562.5,32,,0,15.625,772,36.078431372549,0,26,14.2,-40,,0,4.296875,0,,,,,,,,,,,,1.97253,43.75,-2.34375,0,0,4.296875,-13,14.7,11,
1153,2026-09-02,14:25:34.40292,215.32455,,1562.5,32,,0,19.375,772,41.9607843137255,0,27,14.7,-40,,0,4.296875,0,,,,,,,,,,,,2.08971,62.5,-2.734375,0,0,4.296875,-12,14.7,7,
1154,2026-09-02,14:25:34.59108,215.52395,,1562.5,32,,0,22.1875,773,47.4509803921569,0,24,14.5,-40,,0,4.296875,0,,,,,,,,,,,,2.08971,68.75,-3.125,0,0,4.296875,-13,14.7,4,
1155,2026-09-02,14:25:34.85973,215.77853,,1562.5,34,,0,22.8125,773,50.5882352941176,0,23,13.9,-40,,0,4.296875,0,,,,,,,,,,,,2.10924,68.75,-3.7109375,0,0,4.296875,-12,14.7,3,
1156,2026-09-02,14:25:35.04534,215.96614,,1593.75,34,,0,22.5,772,50.1960784313725,0,25,14.4,-40,,0,4.296875,0,,,,,,,,,,,,2.07018,68.75,-4.1015625,0,0,4.296875,-12,14.7,8,
1157,2026-09-02,14:25:35.29585,216.22133,,1625,34,,0,22.1875,773,49.8039215686275,0,25,15.1,-40,,0,4.296875,0,,,,,,,,,,,,2.12877,68.75,-4.6875,0,0,4.296875,-13,14.7,1,
1158,2026-09-02,14:25:35.53129,216.45798,,1656.25,36,,0,21.875,773,49.8039215686275,0,28,15.2,-40,,0,4.296875,0,,,,,,,,,,,,2.08971,68.75,-5.078125,0,0,4.296875,-13,14.7,15,
1159,2026-09-02,14:25:35.75051,216.68261,,1687.5,36,,0,21.5625,772,49.8039215686275,0,29,15.8,-40,,0,4.296875,0,,,,,,,,,,,,2.1483,68.75,-4.296875,0,0,4.296875,-13,14.7,7,
1160,2026-09-02,14:25:35.96921,216.89675,,1718.75,36,,0,21.5625,772,49.8039215686275,0,30,15.4,-40,,0,4.296875,0,,,,,,,,,,,,2.10924,68.75,-3.7109375,0,0,4.296875,-13,14.7,6,
1161,2026-09-02,14:25:36.22025,217.14175,,1718.75,36,,0,21.25,772,49.4117647058824,0,30,14.8,-40,,0,4.296875,0,,,,,,,,,,,,2.12877,68.75,-2.9296875,0,0,4.296875,-13,14.7,11,
1162,2026-09-02,14:25:36.42338,217.35133,,1750,36,,0,20.625,772,49.0196078431373,0,31,14.8,-40,,0,4.296875,0,,,,,,,,,,,,2.08971,68.75,-2.34375,0,0,4.296875,-13,14.7,5,
1163,2026-09-02,14:25:36.65820,217.58637,,1781.25,36,,0,18.75,772,46.2745098039216,0,33,14.6,-40,,0,4.296875,0,,,,,,,,,,,,2.05065,62.5,-1.953125,0,0,4.296875,-13,14.7,28,
1164,2026-09-02,14:25:36.87755,217.81076,,1812.5,36,,0,18.4375,773,45.8823529411765,0,33,14.1,-40,,0,4.296875,0,,,,,,,,,,,,2.08971,62.5,-2.34375,0,0,4.296875,-13,14.7,8,
1165,2026-09-02,14:25:37.11253,218.04543,,1812.5,38,,0,18.4375,772,45.4901960784314,0,34,14.6,-40,,0,4.296875,0,,,,,,,,,,,,2.08971,62.5,-2.9296875,0,0,4.296875,-12,14.7,14,
1166,2026-09-02,14:25:37.31663,218.24514,,1843.75,38,,0,18.125,773,45.4901960784314,0,34,14.7,-40,,0,4.296875,0,,,,,,,,,,,,2.07018,62.5,-3.515625,0,0,4.296875,-13,14.7,12,
1167,2026-09-02,14:25:37.50415,218.42981,,1843.75,38,,0,17.8125,772,44.7058823529412,0,34,15,-40,,0,4.296875,0,,,,,,,,,,,,2.07018,62.5,-3.125,0,0,4.296875,-13,14.7,5,
1168,2026-09-02,14:25:37.80155,218.72695,,1875,40,,0,17.5,772,44.3137254901961,0,34,14.8,-40,,0,4.296875,0,,,,,,,,,,,,2.1483,68.75,-2.34375,0,0,4.296875,-12,14.7,2,
1169,2026-09-02,14:25:38.05149,218.97578,,1906.25,40,,0,19.0625,773,46.2745098039216,0,34,14.6,-40,,0,4.296875,0,,,,,,,,,,,,2.12877,68.75,-2.5390625,0,0,4.296875,-12,14.7,3,
1170,2026-09-02,14:25:38.24018,219.1686,,1906.25,40,,0,18.75,772,45.8823529411765,0,34,14.8,-40,,0,4.296875,0,,,,,,,,,,,,2.12877,68.75,-2.9296875,0,0,4.296875,-13,14.7,0,
1171,2026-09-02,14:25:38.52110,219.44562,,1937.5,42,,0,18.4375,772,45.4901960784314,0,34,15.1,-40,,0,4.296875,0,,,,,,,,,,,,2.08971,68.75,-2.5390625,0,0,4.296875,-13,14.7,15,
1172,2026-09-02,14:25:38.72529,219.65752,,1937.5,42,,0,17.8125,772,43.1372549019608,0,35,14.9,-40,,0,4.296875,0,,,,,,,,,,,,2.08971,68.75,-1.7578125,0,0,4.296875,-13,14.7,3,
1173,2026-09-02,14:25:38.97593,219.90726,,1968.75,42,,0,17.5,773,42.7450980392157,0,36,14.5,-40,,0,4.296875,0,,,,,,,,,,,,2.12877,68.75,-2.1484375,0,0,4.296875,-12,14.7,2,
1174,2026-09-02,14:25:39.16370,220.09167,,1968.75,42,,0,17.5,772,42.3529411764706,0,36,15.1,-40,,0,4.296875,0,,,,,,,,,,,,2.05065,68.75,-2.5390625,0,0,4.296875,-12,14.7,2,
1175,2026-09-02,14:25:39.36739,220.29632,,1968.75,42,,0,17.1875,772,42.3529411764706,0,36,15.3,-40,,0,4.296875,0,,,,,,,,,,,,2.08971,68.75,-2.1484375,0,0,4.296875,-12,14.7,22,
1176,2026-09-02,14:25:39.60225,220.53148,,1968.75,42,,0,17.5,772,42.3529411764706,0,35,15.2,-40,,0,4.296875,0,,,,,,,,,,,,2.08971,68.75,-1.3671875,0,0,4.296875,-12,14.7,11,
1177,2026-09-02,14:25:39.80557,220.72865,,2000,42,,0,17.5,772,42.3529411764706,0,36,14.8,-40,,0,4.296875,0,,,,,,,,,,,,2.08971,68.75,1.7578125,0,0,4.296875,-12,14.7,22,
1178,2026-09-02,14:25:40.00954,220.93606,,2000,42,,0,17.5,772,42.3529411764706,0,35,14.6,-40,,0,4.296875,0,,,,,,,,,,,,2.08971,68.75,2.34375,0,0,4.296875,-12,14.7,4,
1179,2026-09-02,14:25:40.21299,221.13731,,2000,42,,0,17.5,772,42.3529411764706,0,35,14.5,-40,,0,4.296875,0,,,,,,,,,,,,2.12877,68.75,1.7578125,0,0,4.296875,-12,14.7,23,
1180,2026-09-02,14:25:40.36925,221.29953,,2031.25,42,,0,17.5,772,42.3529411764706,0,36,14.7,-40,,0,4.296875,0,,,,,,,,,,,,2.12877,68.75,1.3671875,0,0,4.296875,-12,14.7,7,
1181,2026-09-02,14:25:40.51036,221.43422,,2031.25,44,,0,17.5,773,42.3529411764706,0,36,14.8,-40,,0,4.296875,0,,,,,,,,,,,,2.08971,68.75,1.3671875,0,0,4.296875,-12,14.7,22,
1182,2026-09-02,14:25:40.63536,221.56402,,2031.25,44,,0,17.1875,772,41.9607843137255,0,36,15.1,-40,,0,4.296875,0,,,,,,,,,,,,2.10924,68.75,1.7578125,0,0,4.296875,-12,14.7,11,
1183,2026-09-02,14:25:40.77666,221.69971,,2031.25,44,,0,16.875,772,41.5686274509804,0,36,15.1,-40,,0,4.296875,0,,,,,,,,,,,,2.05065,68.75,2.34375,0,0,4.296875,-12,14.7,5,
1184,2026-09-02,14:25:40.93286,221.85745,,2062.5,44,,0,16.5625,772,40.7843137254902,0,38,14.7,-40,,0,4.296875,0,,,,,,,,,,,,2.10924,62.5,2.734375,0,0,4.296875,-12,14.7,8,
1185,2026-09-02,14:25:41.12074,222.04611,,2062.5,44,,0,16.25,773,40.3921568627451,0,37,14.5,-40,,0,4.296875,0,,,,,,,,,,,,2.08971,62.5,2.9296875,0,0,4.296875,-12,14.7,10,
1186,2026-09-02,14:25:41.29347,222.2232,,2062.5,44,,0,16.5625,772,40.3921568627451,0,38,14.3,-40,,0,4.296875,0,,,,,,,,,,,,2.07018,68.75,2.34375,0,0,4.296875,-12,14.7,14,
1187,2026-09-02,14:25:41.48163,222.40277,,2062.5,44,,0,16.5625,772,40,0,38,14.6,-40,,0,4.296875,0,,,,,,,,,,,,2.10924,68.75,1.953125,0,0,4.296875,-12,14.7,14,
1188,2026-09-02,14:25:41.66938,222.58788,,2062.5,44,,0,16.5625,772,40.3921568627451,0,38,14.8,-40,,0,4.296875,0,,,,,,,,,,,,2.08971,68.75,1.5625,0,0,4.296875,-12,14.7,13,
1189,2026-09-02,14:25:41.88762,222.80764,,2093.75,46,,0,16.875,772,40,0,38,15,-40,,0,4.296875,0,,,,,,,,,,,,2.10924,68.75,2.5390625,0,0,4.296875,-12,14.7,9,
1190,2026-09-02,14:25:42.06000,222.98732,,2093.75,46,,0,16.5625,773,39.2156862745098,0,38,14.6,-40,,0,4.296875,0,,,,,,,,,,,,2.10924,68.75,3.125,0,0,4.296875,-12,14.7,10,
1191,2026-09-02,14:25:42.27868,223.19937,,2093.75,46,,0,16.5625,772,39.6078431372549,0,37,14.4,-40,,0,4.296875,0,,,,,,,,,,,,2.10924,68.75,2.734375,0,0,4.296875,-12,14.7,5,
1192,2026-09-02,14:25:42.49850,223.42176,,2125,46,,0,16.5625,772,38.4313725490196,0,39,14.5,-40,,0,4.296875,0,,,,,,,,,,,,2.08971,68.75,2.1484375,0,0,4.296875,-12,14.7,4,
1193,2026-09-02,14:25:42.68602,223.60823,,2093.75,46,,0,16.25,772,38.4313725490196,0,38,15,-40,,0,4.296875,0,,,,,,,,,,,,2.10924,68.75,2.34375,0,0,4.296875,-12,14.7,8,
1194,2026-09-02,14:25:42.92060,223.84078,,2125,46,,0,15.9375,772,37.2549019607843,0,39,14.7,-40,,0,4.296875,0,,,,,,,,,,,,2.10924,62.5,3.125,0,0,4.296875,-12,14.7,17,
1195,2026-09-02,14:25:43.10868,224.03554,,2156.25,46,,0,15.3125,772,36.078431372549,0,40,14.6,-40,,0,4.296875,0,,,,,,,,,,,,2.03112,62.5,3.3203125,0,0,4.296875,-12,14.7,10,
1196,2026-09-02,14:25:43.31239,224.2401,,2125,46,,0,14.6875,773,34.9019607843137,0,40,14.4,-40,,0,4.296875,0,,,,,,,,,,,,2.05065,62.5,2.734375,0,0,4.296875,-12,14.7,13,
1197,2026-09-02,14:25:43.53182,224.46018,,2156.25,46,,0,14.0625,772,33.3333333333333,0,41,14.6,-40,,0,4.296875,0,,,,,,,,,,,,1.97253,56.25,2.34375,0,0,4.296875,-12,14.7,10,
1198,2026-09-02,14:25:43.76611,224.69944,,2156.25,46,,0,12.8125,773,30.9803921568627,0,42,15,-40,,0,4.296875,0,,,,,,,,,,,,1.953,50,1.953125,0,0,4.296875,-12,14.7,2,
1199,2026-09-02,14:25:44.00128,224.92951,,2156.25,46,,0,12.1875,773,29.4117647058824,0,41,15.9,-40,,0,4.296875,0,,,,,,,,,,,,1.93347,50,2.734375,0,0,4.296875,-12,14.7,4,
1200,2026-09-02,14:25:44.18875,225.1191,,2156.25,46,,0,11.875,773,29.0196078431373,0,41,15.3,-40,,0,4.296875,0,,,,,,,,,,,,1.89441,50,3.515625,0,0,4.296875,-12,14.7,2,
1201,2026-09-02,14:25:44.40843,225.3316,,2156.25,46,,0,11.875,773,28.6274509803922,0,41,15.3,-40,,0,4.296875,0,,,,,,,,,,,,1.91394,50,4.1015625,0,0,4.296875,-12,14.7,1,
1202,2026-09-02,14:25:44.68976,225.61325,,2156.25,46,,0,11.875,772,28.2352941176471,0,42,15,-40,,0,4.296875,0,,,,,,,,,,,,1.97253,50,5.078125,0,0,4.296875,-12,14.7,12,
1203,2026-09-02,14:25:44.90948,225.83822,,2156.25,46,,0,11.875,772,28.2352941176471,0,41,14.7,-40,,0,4.296875,0,,,,,,,,,,,,1.93347,50,2.9296875,0,0,4.296875,-12,14.7,9,
1204,2026-09-02,14:25:45.09732,226.02221,,2187.5,46,,0,11.875,773,28.2352941176471,0,42,14.5,-40,,0,4.296875,0,,,,,,,,,,,,1.93347,50,3.515625,0,0,4.296875,-12,14.7,1,
1205,2026-09-02,14:25:45.31646,226.24735,,2187.5,46,,0,11.875,773,28.2352941176471,0,42,14.4,-40,,0,4.296875,0,,,,,,,,,,,,1.91394,50,2.9296875,0,0,4.296875,-12,14.7,3,
1206,2026-09-02,14:25:45.51939,226.45219,,2187.5,46,,0,11.875,773,28.2352941176471,0,42,14.7,-40,,0,4.296875,0,,,,,,,,,,,,1.97253,50,2.34375,0,0,4.296875,-12,14.7,6,
1207,2026-09-02,14:25:45.73858,226.67193,,2187.5,46,,0,11.875,773,28.2352941176471,0,42,14.7,-40,,0,4.296875,0,,,,,,,,,,,,1.97253,50,1.7578125,0,0,4.296875,-12,14.7,2,
1208,2026-09-02,14:25:45.95775,226.89114,,2187.5,46,,0,11.875,773,28.2352941176471,0,42,15,-40,,0,4.296875,0,,,,,,,,,,,,1.99206,50,2.5390625,0,0,4.296875,-12,14.7,3,
1209,2026-09-02,14:25:46.19248,227.11336,,2187.5,46,,0,11.875,773,28.2352941176471,0,42,14.7,-40,,0,4.296875,0,,,,,,,,,,,,1.99206,50,3.3203125,0,0,4.296875,-12,14.7,6,
1210,2026-09-02,14:25:46.41179,227.33538,,2187.5,46,,0,11.875,772,27.843137254902,0,42,14.3,-40,,0,4.296875,0,,,,,,,,,,,,1.953,50,3.3203125,0,0,4.296875,-12,14.7,6,
1211,2026-09-02,14:25:46.63108,227.54995,,2187.5,46,,0,11.875,772,27.843137254902,0,42,14.2,-40,,0,4.296875,0,,,,,,,,,,,,1.953,50,2.734375,0,0,4.296875,-12,14.7,2,
1212,2026-09-02,14:25:46.83474,227.76494,,2187.5,46,,0,11.875,772,27.843137254902,0,42,14.6,-40,,0,4.296875,0,,,,,,,,,,,,1.91394,50,2.1484375,0,0,4.296875,-12,14.7,12,
1213,2026-09-02,14:25:47.03789,227.96964,,2218.75,46,,0,11.875,773,27.843137254902,0,42,14.7,-40,,0,4.296875,0,,,,,,,,,,,,1.91394,50,1.5625,0,0,4.296875,-12,14.7,18,
1214,2026-09-02,14:25:47.25704,228.18897,,2218.75,46,,0,11.875,772,27.843137254902,0,42,14.8,-40,,0,4.296875,0,,,,,,,,,,,,1.97253,50,0.9765625,0,0,4.296875,-12,14.7,23,
1215,2026-09-02,14:25:47.47605,228.40894,,2218.75,46,,0,11.875,773,27.843137254902,0,42,15.1,-40,,0,4.296875,0,,,,,,,,,,,,1.953,50,1.7578125,0,0,4.296875,-12,14.7,4,
1216,2026-09-02,14:25:47.71038,228.6388,,2218.75,48,,0,11.875,772,27.843137254902,0,43,14.8,-40,,0,4.296875,0,,,,,,,,,,,,1.93347,50,2.34375,0,0,4.296875,-12,14.7,4,
1217,2026-09-02,14:25:47.92997,228.85079,,2187.5,48,,0,11.25,773,26.6666666666667,0,42,14.2,-40,,0,4.296875,0,,,,,,,,,,,,1.89441,50,2.1484375,0,0,4.296875,-12,14.7,2,
1218,2026-09-02,14:25:48.14944,229.07258,,2218.75,48,,0,10.9375,774,26.2745098039216,0,43,14.2,-40,,0,4.296875,0,,,,,,,,,,,,1.87488,43.75,1.5625,0,0,4.296875,-12,14.7,4,
1219,2026-09-02,14:25:48.38376,229.30221,,2187.5,48,,0,10.3125,772,25.0980392156863,0,42,14.7,-40,,0,4.296875,0,,,,,,,,,,,,1.93347,43.75,0.9765625,0,0,4.296875,-12,14.7,19,
1220,2026-09-02,14:25:48.60203,229.53215,,2218.75,48,,0,10.625,773,25.8823529411765,0,42,14.8,-40,,0,4.296875,0,,,,,,,,,,,,1.83582,43.75,0.78125,0,0,4.296875,-12,14.7,27,
1221,2026-09-02,14:25:48.82169,229.75118,,2218.75,48,,0,10.625,772,25.4901960784314,0,43,15,-40,,0,4.296875,0,,,,,,,,,,,,1.89441,43.75,1.5625,0,0,4.296875,-12,14.7,21,
1222,2026-09-02,14:25:48.99404,229.92654,,2187.5,48,,0,10.3125,774,25.0980392156863,0,42,14.5,-40,,0,4.296875,0,,,,,,,,,,,,1.83582,43.75,2.1484375,0,0,4.296875,-12,14.7,3,
1223,2026-09-02,14:25:49.21283,230.14624,,2218.75,48,,0,10.3125,772,24.7058823529412,0,43,14.4,-40,,0,4.296875,0,,,,,,,,,,,,1.87488,43.75,1.5625,0,0,4.296875,-12,14.7,8,
1224,2026-09-02,14:25:49.44760,230.36603,,2218.75,48,,0,10.3125,773,24.7058823529412,0,42,14.2,-40,,0,4.296875,0,,,,,,,,,,,,1.91394,43.75,0.9765625,0,0,4.296875,-12,14.7,0,
1225,2026-09-02,14:25:49.63609,230.56053,,2218.75,48,,0,10.3125,772,24.7058823529412,0,43,15.1,-40,,0,4.296875,0,,,,,,,,,,,,1.89441,43.75,0.390625,0,0,4.296875,-12,14.7,9,
1226,2026-09-02,14:25:49.87031,230.79479,,2218.75,48,,0,10.3125,772,24.7058823529412,0,44,15.3,-40,,0,4.296875,0,,,,,,,,,,,,1.83582,43.75,1.171875,0,0,4.296875,-12,14.7,7,
1227,2026-09-02,14:25:50.07404,231.00503,,2218.75,48,,0,10,772,24.7058823529412,0,43,14.8,-40,,0,4.296875,0,,,,,,,,,,,,1.91394,43.75,1.171875,0,0,4.296875,-12,14.7,14,
1228,2026-09-02,14:25:50.27756,231.20156,,2218.75,48,,0,10,772,24.7058823529412,0,43,14.4,-40,,0,4.296875,0,,,,,,,,,,,,1.89441,43.75,0.9765625,0,0,4.296875,-12,14.7,24,
1229,2026-09-02,14:25:50.49680,231.42897,,2218.75,48,,0,10,773,24.3137254901961,0,43,14.3,-40,,0,4.296875,0,,,,,,,,,,,,1.93347,43.75,0.390625,0,0,4.296875,-12,14.7,17,
1230,2026-09-02,14:25:50.71552,231.63688,,2250,48,,0,10,773,24.3137254901961,0,43,15.1,-40,,0,4.296875,0,,,,,,,,,,,,1.89441,43.75,0.1953125,0,0,4.296875,-12,14.7,28,
1231,2026-09-02,14:25:50.90368,231.83346,,2218.75,48,,0,10,772,24.3137254901961,0,43,15.1,-40,,0,4.296875,0,,,,,,,,,,,,1.85535,43.75,0.78125,0,0,4.296875,-12,14.7,4,
1232,2026-09-02,14:25:51.13845,232.06311,,2218.75,48,,0,10,773,24.3137254901961,0,43,14.8,-40,,0,4.296875,0,,,,,,,,,,,,1.81629,43.75,1.5625,0,0,4.296875,-12,14.7,4,
1233,2026-09-02,14:25:51.37367,232.29718,,2250,48,,0,9.6875,773,24.3137254901961,0,44,14.5,-40,,0,4.296875,0,,,,,,,,,,,,1.79676,43.75,2.1484375,0,0,4.296875,-12,14.7,16,
1234,2026-09-02,14:25:51.57719,232.49693,,2187.5,48,,0,8.4375,772,21.5686274509804,0,31,14.2,-40,,0,4.296875,0,,,,,,,,,,,,1.73817,37.5,1.5625,0,0,4.296875,-12,14.7,20,
1235,2026-09-02,14:25:51.76520,232.6922,,2218.75,48,,0,8.125,773,20.7843137254902,0,23,14.5,-40,,0,4.296875,0,,,,,,,,,,,,1.50381,31.25,0.9765625,0,0,4.296875,-12,14.7,3,
1236,2026-09-02,14:25:51.98395,232.91675,,2125,48,,0,5.625,772,16.4705882352941,0,-7,14.2,-40,,0,4.296875,0,,,,,,,,,,,,1.83582,25,0,0,0,4.296875,-12,14.7,1,
1237,2026-09-02,14:25:52.20324,233.13641,,2218.75,48,,0,9.0625,773,21.1764705882353,0,39,16,-40,,0,4.296875,0,,,,,,,,,,,,1.87488,37.5,-0.1953125,0,0,4.296875,-12,14.7,4,
1238,2026-09-02,14:25:52.42251,233.35564,,2156.25,48,,0,9.0625,772,21.9607843137255,0,39,14.8,-40,,0,4.296875,0,,,,,,,,,,,,1.85535,37.5,0.5859375,0,0,4.296875,-11,14.7,1,
1239,2026-09-02,14:25:52.65740,233.58587,,2187.5,46,,0,9.0625,772,22.3529411764706,0,38,14.7,-40,,0,4.296875,0,,,,,,,,,,,,1.85535,37.5,1.3671875,0,0,4.296875,-12,14.7,17,
1240,2026-09-02,14:25:52.86153,233.78536,,2187.5,46,,0,9.0625,773,22.3529411764706,0,39,14.7,-40,,0,4.296875,0,,,,,,,,,,,,1.77723,37.5,1.953125,0,0,4.296875,-12,14.7,3,
1241,2026-09-02,14:25:53.08023,234.01006,,2187.5,46,,0,9.0625,773,22.3529411764706,0,38,14.6,-40,,0,4.296875,0,,,,,,,,,,,,1.77723,37.5,2.5390625,0,0,4.296875,-12,14.7,4,
1242,2026-09-02,14:25:53.28425,234.20814,,2187.5,46,,0,9.0625,772,22.3529411764706,0,38,14.5,-40,,0,4.296875,0,,,,,,,,,,,,1.85535,37.5,1.953125,0,0,4.296875,-12,14.7,9,
1243,2026-09-02,14:25:53.53483,234.45709,,2156.25,46,,0,8.125,773,20.3921568627451,0,26,14.5,-40,,0,4.296875,0,,,,,,,,,,,,1.66005,31.25,1.3671875,0,0,4.296875,-12,14.7,5,
1244,2026-09-02,14:25:53.75333,234.67591,,2156.25,46,,0,7.5,773,19.2156862745098,0,15,14.8,-40,,0,4.296875,0,,,,,,,,,,,,1.77723,31.25,0.78125,0,0,4.296875,-11,14.7,6,
1245,2026-09-02,14:25:53.95623,234.88363,,2125,46,,0,7.5,773,19.2156862745098,0,17,14.4,-40,,0,4.296875,0,,,,,,,,,,,,1.77723,31.25,0.1953125,0,0,4.296875,-11,14.7,26,
1246,2026-09-02,14:25:54.20745,235.1277,,2156.25,46,,0,7.5,772,19.6078431372549,0,19,14.4,-40,,0,4.296875,0,,,,,,,,,,,,1.77723,31.25,-0.390625,0,0,4.296875,-11,14.7,0,
1247,2026-09-02,14:25:54.41080,235.33527,,2156.25,46,,0,8.125,773,20.3921568627451,0,26,14.8,-40,,0,4.296875,0,,,,,,,,,,,,1.79676,37.5,-0.9765625,0,0,4.296875,-12,14.7,23,
1248,2026-09-02,14:25:54.64565,235.56999,,2156.25,46,,0,8.75,772,21.5686274509804,0,36,14.9,-40,,0,4.296875,0,,,,,,,,,,,,1.83582,37.5,-0.390625,0,0,4.296875,-12,14.7,32,
1249,2026-09-02,14:25:54.86490,235.79665,,2125,46,,0,9.375,772,23.1372549019608,0,41,15,-40,,0,4.296875,0,,,,,,,,,,,,1.89441,37.5,0.390625,0,0,4.296875,-11,14.7,0,
1250,2026-09-02,14:25:55.08419,236.01683,,2156.25,46,,0,12.1875,773,27.843137254902,0,41,14.7,-40,,0,4.296875,0,,,,,,,,,,,,1.97253,50,1.171875,0,0,4.296875,-12,14.7,6,
1251,2026-09-02,14:25:55.32808,236.25601,,2125,46,,0,13.125,773,30.1960784313725,0,41,13.4,-40,,0,4.296875,0,,,,,,,,,,,,1.99206,56.25,0.9765625,0,0,4.296875,-12,14.7,12,
1252,2026-09-02,14:25:55.55453,236.48608,,2156.25,46,,0,13.4375,772,30.9803921568627,0,41,13.6,-40,,0,4.296875,0,,,,,,,,,,,,2.03112,56.25,0.1953125,0,0,4.296875,-11,14.7,8,
1253,2026-09-02,14:25:55.77360,236.69791,,2156.25,46,,0,18.75,772,38.4313725490196,0,37,14.2,-40,,0,4.296875,0,,,,,,,,,,,,2.57796,100,-0.1953125,0,0,4.296875,-11,14.7,28,
1254,2026-09-02,14:25:55.99229,236.91284,,2187.5,46,,2,27.5,773,58.4313725490196,0,23,13.3,-40,,0,4.296875,0,,,,,,,,,,,,2.48031,118.75,-0.9765625,0,0,4.296875,-11,14.7,8,
1255,2026-09-02,14:25:56.22730,237.15517,,2187.5,46,,1,22.8125,773,50.9803921568627,0,33,14.6,-40,,0,4.296875,0,,,,,,,,,,,,2.20689,93.75,-1.5625,0,0,4.296875,-12,14.7,11,
1256,2026-09-02,14:25:56.43128,237.35976,,2250,46,,0,18.4375,773,43.5294117647059,0,38,14.7,-40,,0,4.296875,0,,,,,,,,,,,,1.97253,75,-2.34375,0,0,4.296875,-11,14.7,8,
1257,2026-09-02,14:25:56.66591,237.59394,,2250,46,,0,13.75,773,32.9411764705882,0,44,14.2,-40,,0,4.296875,0,,,,,,,,,,,,1.97253,56.25,-2.9296875,0,0,4.296875,-11,14.7,6,
1258,2026-09-02,14:25:56.94779,237.86849,,2250,48,,0,11.875,773,29.4117647058824,0,44,14.6,-40,,0,4.296875,0,,,,,,,,,,,,1.953,50,-3.7109375,0,0,4.296875,-11,14.7,13,
1259,2026-09-02,14:25:57.15073,238.06867,,2250,48,,0,10.9375,773,27.0588235294118,0,44,15.7,-40,,0,4.296875,0,,,,,,,,,,,,1.89441,43.75,-3.125,0,0,4.296875,-11,14.7,20,
1260,2026-09-02,14:25:57.38609,238.30808,,2250,48,,0,10.9375,772,26.6666666666667,0,44,16.4,-40,,0,4.296875,0,,,,,,,,,,,,1.953,50,-2.1484375,0,0,4.296875,-11,14.7,1,
1261,2026-09-02,14:25:57.58980,238.52246,,2218.75,48,,0,11.25,773,26.6666666666667,0,42,16.1,-40,,0,4.296875,0,,,,,,,,,,,,1.91394,50,-1.5625,0,0,4.296875,-11,14.7,1,
1262,2026-09-02,14:25:57.84029,238.76484,,2218.75,48,,0,11.25,773,27.0588235294118,0,43,16,-40,,0,4.296875,0,,,,,,,,,,,,1.97253,50,-0.78125,0,0,4.296875,-11,14.7,3,
1263,2026-09-02,14:25:58.12172,239.04418,,2218.75,48,,0,12.5,773,28.6274509803922,0,42,15.6,-40,,0,4.296875,0,,,,,,,,,,,,2.22642,68.75,0.1953125,0,0,4.296875,-11,14.7,15,
1264,2026-09-02,14:25:58.32576,239.25185,,2250,48,,0,23.75,773,47.843137254902,0,32,15,-40,,0,4.296875,0,,,,,,,,,,,,2.40219,106.25,1.171875,0,0,4.296875,-11,14.7,1,
1265,2026-09-02,14:25:58.57598,239.50575,,2250,48,,0,25.3125,773,54.1176470588235,0,30,13,-40,,0,4.296875,0,,,,,,,,,,,,2.40219,112.5,0.5859375,0,0,4.296875,-11,14.7,14,
1266,2026-09-02,14:25:58.76389,239.6905,,2281.25,48,,0,25.3125,773,54.5098039215686,0,30,14,-40,,0,4.296875,0,,,,,,,,,,,,2.40219,112.5,0,0,0,4.296875,-11,14.7,10,
1267,2026-09-02,14:25:58.96729,239.89032,,2312.5,48,,0,25.625,772,55.2941176470588,0,30,14.4,-40,,0,4.296875,0,,,,,,,,,,,,2.46078,112.5,-0.5859375,0,0,4.296875,-11,14.7,8,
1268,2026-09-02,14:25:59.17062,240.10004,,2343.75,48,,0,27.5,773,59.6078431372549,0,27,14.8,-40,,0,4.296875,0,,,,,,,,,,,,2.51937,125,-1.171875,0,0,4.296875,-11,14.7,4,
1269,2026-09-02,14:25:59.40557,240.32997,,2343.75,48,,0,26.875,772,59.2156862745098,0,29,15.4,-40,,0,4.296875,0,,,,,,,,,,,,2.28501,118.75,-0.390625,0,0,4.296875,-11,14.7,8,
1270,2026-09-02,14:25:59.62471,240.5545,,2375,50,,0,19.6875,773,43.921568627451,0,40,14.5,-40,,0,4.296875,0,,,,,,,,,,,,2.20689,87.5,0.5859375,0,0,4.296875,-11,14.7,11,
1271,2026-09-02,14:25:59.87522,240.7986,,2406.25,50,,0,17.5,773,39.6078431372549,0,41,14,-40,,0,4.296875,0,,,,,,,,,,,,2.20689,81.25,-0.1953125,0,0,4.296875,-11,14.7,1,
1272,2026-09-02,14:26:00.10987,241.03301,,2406.25,50,,0,17.1875,772,38.8235294117647,0,41,14.3,-40,,0,4.296875,0,,,,,,,,,,,,2.22642,81.25,-0.9765625,0,0,4.296875,-11,14.7,0,
1273,2026-09-02,14:26:00.27023,241.19356,,2406.25,52,,0,17.1875,772,39.2156862745098,0,41,14.1,-40,,0,4.296875,0,,,,,,,,,,,,2.18736,81.25,-1.171875,0,0,4.296875,-11,14.7,2,
1274,2026-09-02,14:26:00.48922,241.40776,,2437.5,52,,0,17.1875,773,39.2156862745098,0,41,14.2,-40,,0,4.296875,0,,,,,,,,,,,,2.20689,81.25,-1.7578125,0,0,4.296875,-11,14.7,2,
1275,2026-09-02,14:26:00.69307,241.6225,,2437.5,52,,0,17.5,772,39.6078431372549,0,41,14.4,-40,,0,4.296875,0,,,,,,,,,,,,2.38266,87.5,-2.5390625,0,0,4.296875,-11,14.7,8,
1276,2026-09-02,14:26:00.91190,241.83706,,2437.5,52,,0,21.25,773,46.2745098039216,0,39,14.6,-40,,0,4.296875,0,,,,,,,,,,,,2.3436,100,-3.125,0,0,4.296875,-12,14.7,0,
1277,2026-09-02,14:26:01.13114,242.05401,,2468.75,52,,0,21.875,772,48.2352941176471,0,38,15,-40,,0,4.296875,0,,,,,,,,,,,,2.3436,106.25,-3.7109375,0,0,4.296875,-11,14.7,19,
1278,2026-09-02,14:26:01.35034,242.28116,,2468.75,52,,0,21.25,773,47.4509803921569,0,39,15.3,-40,,0,4.296875,0,,,,,,,,,,,,2.30454,100,-2.734375,0,0,4.296875,-11,14.7,5,
1279,2026-09-02,14:26:01.53832,242.46611,,2500,52,,0,20.625,773,46.2745098039216,0,39,14.7,-40,,0,4.296875,0,,,,,,,,,,,,2.3436,100,-1.953125,0,0,4.296875,-12,14.7,0,
1280,2026-09-02,14:26:01.74143,242.66561,,2531.25,54,,0,20.3125,773,46.2745098039216,0,40,14.6,-40,,0,4.296875,0,,,,,,,,,,,,2.28501,100,-0.9765625,0,0,4.296875,-11,14.7,7,
1281,2026-09-02,14:26:01.92939,242.85031,,2500,54,,0,23.75,773,51.7647058823529,0,34,14.3,-40,,0,4.296875,0,,,,,,,,,,,,2.83185,137.5,-1.5625,0,0,4.296875,-11,14.7,14,
1282,2026-09-02,14:26:02.11738,243.04998,,2562.5,54,,0,34.6875,773,72.156862745098,0,21,15.1,-40,,0,4.296875,0,,,,,,,,,,,,2.65608,168.75,-1.7578125,0,0,4.296875,-11,14.7,16,
1283,2026-09-02,14:26:02.30487,243.23029,,2593.75,54,,0,31.25,773,67.843137254902,0,25,15.7,-40,,0,4.296875,0,,,,,,,,,,,,2.7342,156.25,-0.78125,0,0,4.296875,-11,14.7,8,
1284,2026-09-02,14:26:02.49234,243.41493,,2625,56,,0,30.3125,773,65.8823529411765,0,28,15.6,-40,,0,4.296875,0,,,,,,,,,,,,2.63655,150,0.1953125,0,0,4.296875,-11,14.7,6,
1285,2026-09-02,14:26:02.66518,243.58931,,2625,56,,0,27.8125,773,61.5686274509804,0,31,15,-40,,0,4.296875,0,,,,,,,,,,,,2.57796,137.5,1.171875,0,0,4.296875,-11,14.7,15,
1286,2026-09-02,14:26:02.83734,243.76958,,2656.25,56,,0,26.875,774,60.3921568627451,0,32,15.1,-40,,0,4.296875,0,,,,,,,,,,,,2.5389,137.5,2.1484375,0,0,4.296875,-12,14.7,2,
1287,2026-09-02,14:26:03.00964,243.93113,,2687.5,56,,0,26.875,773,60,0,32,14.5,-40,,0,4.296875,0,,,,,,,,,,,,2.57796,137.5,2.9296875,0,0,4.296875,-11,14.7,26,
1288,2026-09-02,14:26:03.21267,244.14382,,2687.5,58,,0,27.1875,772,60.7843137254902,0,31,14.4,-40,,0,4.296875,0,,,,,,,,,,,,2.55843,143.75,2.34375,0,0,4.296875,-11,14.7,23,
1289,2026-09-02,14:26:03.41631,244.34845,,2718.75,58,,0,30.9375,773,65.8823529411765,0,27,14.7,-40,,0,4.296875,0,,,,,,,,,,,,2.77326,175,1.7578125,0,0,4.296875,-11,14.7,5,
1290,2026-09-02,14:26:03.60426,244.52802,,2750,58,,0,31.875,774,69.0196078431373,0,27,14.8,-40,,0,4.296875,0,,,,,,,,,,,,2.79279,168.75,2.734375,0,0,4.296875,-11,14.7,25,
1291,2026-09-02,14:26:03.79262,244.71535,,2750,60,,0,31.5625,772,69.0196078431373,0,28,14.4,-40,,0,4.296875,0,,,,,,,,,,,,2.69514,168.75,2.9296875,0,0,4.296875,-11,14.7,12,
1292,2026-09-02,14:26:04.01096,244.93454,,2812.5,60,,0,30.3125,773,67.0588235294118,0,30,15.2,-40,,0,4.296875,0,,,,,,,,,,,,2.65608,162.5,2.734375,0,0,4.296875,-11,14.7,29,
1293,2026-09-02,14:26:04.21467,245.14716,,2843.75,60,,4,27.8125,773,61.5686274509804,0,29,14.6,-40,,0,4.296875,0,,,,,,,,,,,,2.42172,137.5,4.1015625,0,0,4.296875,-11,14.7,14,
1294,2026-09-02,14:26:04.41851,245.34689,,2875,60,,0,18.75,772,44.7058823529412,0,41,13.8,-40,,0,4.296875,0,,,,,,,,,,,,2.16783,87.5,3.515625,0,0,4.296875,-12,14.7,2,
1295,2026-09-02,14:26:04.65318,245.58163,,2875,62,,0,13.75,773,36.8627450980392,0,43,13.7,-40,,0,4.296875,0,,,,,,,,,,,,2.12877,68.75,2.734375,0,0,4.296875,-12,14.7,8,
1296,2026-09-02,14:26:04.85707,245.7811,,2843.75,62,,0,12.1875,772,34.1176470588235,0,44,13.8,-40,,0,4.296875,0,,,,,,,,,,,,2.08971,68.75,1.953125,0,0,4.296875,-12,14.7,2,
1297,2026-09-02,14:26:05.06062,245.98111,,2843.75,62,,0,11.5625,772,32.5490196078431,0,44,13.6,-40,,0,4.296875,0,,,,,,,,,,,,2.01159,62.5,1.171875,0,0,4.296875,-12,14.7,6,
1298,2026-09-02,14:26:05.32634,246.25573,,2843.75,60,,0,10.3125,772,29.8039215686275,0,44,14.3,-40,,0,4.296875,0,,,,,,,,,,,,1.97253,50,0.78125,0,0,4.296875,-12,14.7,1,
1299,2026-09-02,14:26:05.54593,246.46998,,2812.5,60,,0,9.375,773,27.4509803921569,0,44,15.2,-40,,0,4.296875,0,,,,,,,,,,,,1.97253,50,0.390625,0,0,4.296875,-12,14.7,37,
1300,2026-09-02,14:26:05.74873,246.6799,,2812.5,60,,0,9.375,772,26.2745098039216,0,43,15.5,-40,,0,4.296875,0,,,,,,,,,,,,1.93347,50,1.171875,0,0,4.296875,-12,14.7,26,
1301,2026-09-02,14:26:05.96779,246.8942,,2812.5,60,,0,9.375,772,25.8823529411765,0,44,15.2,-40,,0,4.296875,0,,,,,,,,,,,,1.97253,50,2.1484375,0,0,4.296875,-11,14.7,10,
1302,2026-09-02,14:26:06.17085,247.09223,,2781.25,60,,0,9.375,772,25.4901960784314,0,44,15.4,-40,,0,4.296875,0,,,,,,,,,,,,1.97253,50,2.9296875,0,0,4.296875,-12,14.7,3,
1303,2026-09-02,14:26:06.42192,247.34613,,2781.25,60,,0,9.375,773,25.0980392156863,0,44,15.2,-40,,0,4.296875,0,,,,,,,,,,,,1.93347,50,3.90625,0,0,4.296875,-12,14.7,7,
1304,2026-09-02,14:26:06.62561,247.55827,,2781.25,60,,0,9.6875,773,25.4901960784314,0,44,15.1,-40,,0,4.296875,0,,,,,,,,,,,,1.953,50,4.8828125,0,0,4.296875,-12,14.7,1,
1305,2026-09-02,14:26:06.85988,247.7805,,2750,60,,0,9.6875,772,25.4901960784314,0,44,14.5,-40,,0,4.296875,0,,,,,,,,,,,,1.953,50,5.46875,0,0,4.296875,-12,14.7,25,
1306,2026-09-02,14:26:07.07937,248.00726,,2750,60,,0,9.6875,773,25.4901960784314,0,44,14.3,-40,,0,4.296875,0,,,,,,,,,,,,1.99206,50,4.6875,0,0,4.296875,-12,14.7,5,
1307,2026-09-02,14:26:07.29881,248.22031,,2718.75,58,,0,9.6875,773,25.4901960784314,0,44,14.5,-40,,0,4.296875,0,,,,,,,,,,,,1.99206,50,4.1015625,0,0,4.296875,-12,14.7,12,
1308,2026-09-02,14:26:07.48605,248.41188,,2718.75,58,,0,9.6875,773,25.4901960784314,0,44,14.6,-40,,0,4.296875,0,,,,,,,,,,,,1.99206,50,3.3203125,0,0,4.296875,-12,14.7,6,
1309,2026-09-02,14:26:07.70501,248.62939,,2718.75,58,,0,9.6875,773,25.4901960784314,0,44,14.3,-40,,0,4.296875,0,,,,,,,,,,,,1.97253,50,2.734375,0,0,4.296875,-12,14.7,4,
1310,2026-09-02,14:26:07.93934,248.86152,,2718.75,58,,0,9.6875,772,25.0980392156863,0,44,14.2,-40,,0,4.296875,0,,,,,,,,,,,,1.93347,50,1.953125,0,0,4.296875,-12,14.7,27,
1311,2026-09-02,14:26:08.12764,249.06099,,2687.5,58,,0,9.6875,773,25.0980392156863,0,44,14.3,-40,,0,4.296875,0,,,,,,,,,,,,1.953,50,1.171875,0,0,4.296875,-12,14.7,7,
1312,2026-09-02,14:26:08.34714,249.2757,,2687.5,58,,0,9.6875,773,25.0980392156863,0,44,14.6,-40,,0,4.296875,0,,,,,,,,,,,,1.99206,50,0.5859375,0,0,4.296875,-12,14.7,8,
1313,2026-09-02,14:26:08.53467,249.46553,,2687.5,58,,0,10,773,25.0980392156863,0,44,14.7,-40,,0,4.296875,0,,,,,,,,,,,,1.97253,50,0,0,0,4.296875,-12,14.7,15,
1314,2026-09-02,14:26:08.73777,249.67002,,2687.5,58,,0,10,773,25.0980392156863,0,44,14.9,-40,,0,4.296875,0,,,,,,,,,,,,1.91394,50,-0.78125,0,0,4.296875,-12,14.7,30,
1315,2026-09-02,14:26:08.95706,249.88451,,2656.25,58,,0,9.6875,773,24.7058823529412,0,44,14.8,-40,,0,4.296875,0,,,,,,,,,,,,1.97253,50,0.1953125,0,0,4.296875,-12,14.7,5,
1316,2026-09-02,14:26:09.17600,250.09834,,2656.25,58,,0,10,773,25.0980392156863,0,44,14.7,-40,,0,4.296875,0,,,,,,,,,,,,1.953,50,0.9765625,0,0,4.296875,-12,14.7,10,
1317,2026-09-02,14:26:09.39543,250.32356,,2625,58,,0,10,773,24.7058823529412,0,44,14.7,-40,,0,4.296875,0,,,,,,,,,,,,1.97253,50,1.953125,0,0,4.296875,-12,14.7,8,
1318,2026-09-02,14:26:09.63028,250.5585,,2625,56,,0,9.6875,773,24.7058823529412,0,44,14.4,-40,,0,4.296875,0,,,,,,,,,,,,1.91394,50,1.5625,0,0,4.296875,-12,14.7,2,
1319,2026-09-02,14:26:09.83407,250.76351,,2625,56,,0,10,773,25.0980392156863,0,44,14.3,-40,,0,4.296875,0,,,,,,,,,,,,1.93347,50,0.9765625,0,0,4.296875,-11,14.7,14,
1320,2026-09-02,14:26:10.06837,250.9974,,2625,56,,0,10.9375,773,26.6666666666667,0,44,15.1,-40,,0,4.296875,0,,,,,,,,,,,,2.03112,56.25,1.171875,0,0,4.296875,-11,14.7,17,
1321,2026-09-02,14:26:10.25538,251.18282,,2593.75,56,,0,11.875,773,28.6274509803922,0,44,15.1,-40,,0,4.296875,0,,,,,,,,,,,,2.08971,62.5,1.7578125,0,0,4.296875,-11,14.7,16,
1322,2026-09-02,14:26:10.52211,251.44446,,2593.75,56,,0,13.75,772,31.7647058823529,0,44,14.3,-40,,0,4.296875,0,,,,,,,,,,,,2.18736,68.75,1.171875,0,0,4.296875,-12,14.7,13,
1323,2026-09-02,14:26:10.72601,251.65213,,2593.75,56,,0,14.0625,773,33.3333333333333,0,44,13.7,-40,,0,4.296875,0,,,,,,,,,,,,2.1483,68.75,0.5859375,0,0,4.296875,-12,14.7,19,
1324,2026-09-02,14:26:10.92941,251.85407,,2593.75,56,,0,13.75,773,33.7254901960784,0,44,14,-40,,0,4.296875,0,,,,,,,,,,,,2.16783,68.75,-0.1953125,0,0,4.296875,-11,14.7,12,
1325,2026-09-02,14:26:11.14864,252.07524,,2593.75,56,,0,14.0625,773,34.1176470588235,0,44,14,-40,,0,4.296875,0,,,,,,,,,,,,2.1483,68.75,-0.78125,0,0,4.296875,-11,14.7,16,
1326,2026-09-02,14:26:11.36787,252.29282,,2593.75,56,,0,15.3125,772,36.4705882352941,0,43,14.4,-40,,0,4.296875,0,,,,,,,,,,,,2.18736,75,-1.5625,0,0,4.296875,-12,14.7,5,
1327,2026-09-02,14:26:11.58704,252.5094,,2593.75,56,,0,15.625,772,38.4313725490196,0,44,14.2,-40,,0,4.296875,0,,,,,,,,,,,,2.18736,81.25,-2.1484375,0,0,4.296875,-12,14.7,8,
1328,2026-09-02,14:26:11.75840,252.68994,,2593.75,56,,0,15.9375,773,38.8235294117647,0,44,14.7,-40,,0,4.296875,0,,,,,,,,,,,,2.26548,81.25,-2.9296875,0,0,4.296875,-12,14.7,1,
1329,2026-09-02,14:26:12.00980,252.93485,,2593.75,56,,0,19.6875,772,45.0980392156863,0,41,15.4,-40,,0,4.296875,0,,,,,,,,,,,,2.40219,106.25,-2.734375,0,0,4.296875,-12,14.7,5,
1330,2026-09-02,14:26:12.21306,253.13929,,2625,56,,0,25,773,56.078431372549,0,33,14.5,-40,,0,4.296875,0,,,,,,,,,,,,2.61702,131.25,-1.5625,0,0,4.296875,-11,14.7,16,
1331,2026-09-02,14:26:12.44806,253.37393,,2625,56,,0,26.875,772,60,0,32,15,-40,,0,4.296875,0,,,,,,,,,,,,2.57796,137.5,-0.390625,0,0,4.296875,-12,14.7,20,
1332,2026-09-02,14:26:12.65154,253.57662,,2656.25,56,,0,26.25,773,59.2156862745098,0,32,15.1,-40,,0,4.296875,0,,,,,,,,,,,,2.59749,137.5,0.78125,0,0,4.296875,-11,14.7,14,
1333,2026-09-02,14:26:12.88616,253.81347,,2687.5,56,,0,26.25,772,58.8235294117647,0,32,14.6,-40,,0,4.296875,0,,,,,,,,,,,,2.51937,137.5,1.953125,0,0,4.296875,-11,14.7,17,
1334,2026-09-02,14:26:13.10572,254.02825,,2718.75,58,,0,25.625,772,58.0392156862745,0,33,14.6,-40,,0,4.296875,0,,,,,,,,,,,,2.48031,131.25,2.9296875,0,0,4.296875,-11,14.7,5,
1335,2026-09-02,14:26:13.34043,254.26754,,2718.75,58,,0,24.375,773,55.6862745098039,0,34,14.6,-40,,0,4.296875,0,,,,,,,,,,,,2.46078,131.25,2.34375,0,0,4.296875,-12,14.7,21,
1336,2026-09-02,14:26:13.52834,254.44931,,2750,58,,0,22.8125,773,52.9411764705882,0,38,14.7,-40,,0,4.296875,0,,,,,,,,,,,,2.44125,118.75,1.7578125,0,0,4.296875,-12,14.7,20,
1337,2026-09-02,14:26:13.77844,254.69985,,2750,60,,0,21.25,772,48.2352941176471,0,39,14.3,-40,,0,4.296875,0,,,,,,,,,,,,2.38266,112.5,0.78125,0,0,4.296875,-11,14.7,7,
1338,2026-09-02,14:26:14.02896,254.95403,,2781.25,60,,0,20.625,773,47.4509803921569,0,39,14,-40,,0,4.296875,0,,,,,,,,,,,,2.40219,112.5,0,0,0,4.296875,-11,14.7,14,
1339,2026-09-02,14:26:14.21744,255.14084,,2781.25,60,,0,20.625,772,47.843137254902,0,39,14.3,-40,,0,4.296875,0,,,,,,,,,,,,2.40219,112.5,-0.78125,0,0,4.296875,-12,14.7,7,
1340,2026-09-02,14:26:14.45248,255.37601,,2812.5,60,,0,20.625,772,48.2352941176471,0,39,14.3,-40,,0,4.296875,0,,,,,,,,,,,,2.42172,112.5,-1.7578125,0,0,4.296875,-11,14.7,11,
1341,2026-09-02,14:26:14.65546,255.57989,,2812.5,60,,0,22.5,773,52.156862745098,0,38,14.5,-40,,0,4.296875,0,,,,,,,,,,,,2.51937,125,-2.5390625,0,0,4.296875,-11,14.7,14,
1342,2026-09-02,14:26:14.84355,255.77544,,2812.5,60,,0,22.8125,773,53.3333333333333,0,37,16.5,-40,,0,4.296875,0,,,,,,,,,,,,2.49984,125,-1.5625,0,0,4.296875,-11,14.7,15,
1343,2026-09-02,14:26:15.06228,255.98742,,2843.75,60,,0,22.1875,773,52.9411764705882,0,38,15.4,-40,,0,4.296875,0,,,,,,,,,,,,2.48031,125,-0.390625,0,0,4.296875,-11,14.7,7,
1344,2026-09-02,14:26:15.29717,256.22441,,2843.75,60,,0,21.5625,773,51.3725490196078,0,39,15,-40,,0,4.296875,0,,,,,,,,,,,,2.42172,118.75,0.9765625,0,0,4.296875,-11,14.7,6,
1345,2026-09-02,14:26:15.50094,256.42937,,2875,60,,0,21.25,773,50.5882352941176,0,39,14.5,-40,,0,4.296875,0,,,,,,,,,,,,2.42172,118.75,1.7578125,0,0,4.296875,-11,14.7,18,
1346,2026-09-02,14:26:15.70453,256.63399,,2875,60,,0,20.9375,773,50.1960784313725,0,39,14.3,-40,,0,4.296875,0,,,,,,,,,,,,2.44125,118.75,1.171875,0,0,4.296875,-12,14.7,4,
1347,2026-09-02,14:26:15.92456,256.84863,,2906.25,62,,0,19.6875,772,46.6666666666667,0,40,14.6,-40,,0,4.296875,0,,,,,,,,,,,,2.32407,106.25,0.390625,0,0,4.296875,-11,14.7,2,
1348,2026-09-02,14:26:16.17433,257.10774,,2906.25,62,,0,18.125,772,43.921568627451,0,40,14.2,-40,,0,4.296875,0,,,,,,,,,,,,2.28501,100,-0.5859375,0,0,4.296875,-12,14.7,3,
1349,2026-09-02,14:26:16.39409,257.32247,,2906.25,62,,0,17.5,772,42.7450980392157,0,41,14.5,-40,,0,4.296875,0,,,,,,,,,,,,2.32407,93.75,-1.3671875,0,0,4.296875,-12,14.7,5,
1350,2026-09-02,14:26:16.67540,257.59714,,2906.25,62,,0,17.1875,772,42.7450980392157,0,41,14.4,-40,,0,4.296875,0,,,,,,,,,,,,2.30454,93.75,-2.34375,0,0,4.296875,-12,14.7,4,
1351,2026-09-02,14:26:16.89411,257.82702,,2875,62,,0,16.5625,773,41.9607843137255,0,41,14.8,-40,,0,4.296875,0,,,,,,,,,,,,2.26548,93.75,-3.3203125,0,0,4.296875,-12,14.7,2,
1352,2026-09-02,14:26:17.12944,258.0541,,2906.25,62,,0,16.5625,772,41.5686274509804,0,41,15.2,-40,,0,4.296875,0,,,,,,,,,,,,2.24595,93.75,-2.1484375,0,0,4.296875,-12,14.7,2,
1353,2026-09-02,14:26:17.37980,258.30598,,2906.25,62,,0,16.25,772,41.1764705882353,0,41,14.7,-40,,0,4.296875,0,,,,,,,,,,,,2.22642,87.5,-0.9765625,0,0,4.296875,-11,14.7,10,
1354,2026-09-02,14:26:17.61504,258.53833,,2906.25,62,,0,15.625,772,40.3921568627451,0,41,14.2,-40,,0,4.296875,0,,,,,,,,,,,,2.26548,87.5,-1.3671875,0,0,4.296875,-12,14.7,20,
1355,2026-09-02,14:26:17.81795,258.7508,,2875,62,,0,15.625,772,40,0,41,14.6,-40,,0,4.296875,0,,,,,,,,,,,,2.22642,87.5,-2.34375,0,0,4.296875,-12,14.7,6,
1356,2026-09-02,14:26:18.03723,258.96525,,2906.25,62,,0,15.3125,772,39.6078431372549,0,41,14.7,-40,,0,4.296875,0,,,,,,,,,,,,2.20689,87.5,-3.125,0,0,4.296875,-12,14.7,1,
1357,2026-09-02,14:26:18.24134,259.16265,,2906.25,62,,0,15,772,39.2156862745098,0,42,15.3,-40,,0,4.296875,0,,,,,,,,,,,,2.16783,81.25,-2.9296875,0,0,4.296875,-12,14.7,18,
1358,2026-09-02,14:26:18.49142,259.41702,,2906.25,62,,0,13.75,773,37.2549019607843,0,43,14.9,-40,,0,4.296875,0,,,,,,,,,,,,2.1483,75,-1.953125,0,0,4.296875,-12,14.7,5,
1359,2026-09-02,14:26:18.72579,259.65934,,2906.25,62,,0,13.75,773,36.8627450980392,0,43,14.5,-40,,0,4.296875,0,,,,,,,,,,,,2.16783,75,-1.953125,0,0,4.296875,-12,14.7,2,
1360,2026-09-02,14:26:18.94549,259.87886,,2875,62,,0,13.75,772,36.4705882352941,0,42,14.6,-40,,0,4.296875,0,,,,,,,,,,,,2.16783,75,-2.734375,0,0,4.296875,-12,14.7,6,
1361,2026-09-02,14:26:19.16506,260.09799,,2906.25,62,,0,13.75,773,36.4705882352941,0,42,15.2,-40,,0,4.296875,0,,,,,,,,,,,,2.16783,75,-1.7578125,0,0,4.296875,-12,14.7,9,
1362,2026-09-02,14:26:19.36841,260.29769,,2875,62,,0,13.125,773,35.6862745098039,0,42,14.5,-40,,0,4.296875,0,,,,,,,,,,,,2.08971,75,-0.9765625,0,0,4.296875,-12,14.7,13,
1363,2026-09-02,14:26:19.58696,260.50964,,2875,62,,0,12.5,772,33.3333333333333,0,43,14.6,-40,,0,4.296875,0,,,,,,,,,,,,2.07018,68.75,-1.3671875,0,0,4.296875,-12,14.7,9,
1364,2026-09-02,14:26:19.77481,260.70715,,2875,62,,0,11.25,772,31.3725490196078,0,43,14.5,-40,,0,4.296875,0,,,,,,,,,,,,2.07018,62.5,-2.1484375,0,0,4.296875,-12,14.7,10,
1365,2026-09-02,14:26:19.99407,260.92217,,2875,62,,0,10.9375,773,29.8039215686275,0,43,15.5,-40,,0,4.296875,0,,,,,,,,,,,,2.01159,56.25,-2.5390625,0,0,4.296875,-12,14.7,11,
1366,2026-09-02,14:26:20.21323,261.14155,,2875,62,,0,10.625,773,29.4117647058824,0,43,15.9,-40,,0,4.296875,0,,,,,,,,,,,,2.01159,56.25,-1.5625,0,0,4.296875,-12,14.7,7,
1367,2026-09-02,14:26:20.43322,261.36139,,2875,62,,0,10.625,772,29.0196078431373,0,43,15.5,-40,,0,4.296875,0,,,,,,,,,,,,2.05065,56.25,-0.5859375,0,0,4.296875,-12,14.7,15,
1368,2026-09-02,14:26:20.66792,261.58621,,2875,62,,0,10.625,772,28.6274509803922,0,43,15.5,-40,,0,4.296875,0,,,,,,,,,,,,1.99206,56.25,0.9765625,0,0,4.296875,-12,14.7,11,
1369,2026-09-02,14:26:20.88729,261.81074,,2875,62,,0,10.625,772,28.6274509803922,0,43,15.1,-40,,0,4.296875,0,,,,,,,,,,,,1.99206,56.25,1.953125,0,0,4.296875,-12,14.7,10,
1370,2026-09-02,14:26:21.09081,262.01518,,2875,62,,0,10.625,773,29.0196078431373,0,43,14.8,-40,,0,4.296875,0,,,,,,,,,,,,2.07018,62.5,2.734375,0,0,4.296875,-12,14.7,5,
1371,2026-09-02,14:26:21.29387,262.22002,,2843.75,62,,0,10.9375,772,29.0196078431373,0,43,14.6,-40,,0,4.296875,0,,,,,,,,,,,,2.07018,62.5,3.7109375,0,0,4.296875,-12,14.7,6,
1372,2026-09-02,14:26:21.48190,262.41477,,2875,62,,0,10.9375,772,28.6274509803922,0,43,14.3,-40,,0,4.296875,0,,,,,,,,,,,,2.01159,62.5,3.3203125,0,0,4.296875,-12,14.7,7,
1373,2026-09-02,14:26:21.73241,262.65437,,2875,62,,0,10.625,772,28.6274509803922,0,43,14.3,-40,,0,4.296875,0,,,,,,,,,,,,2.08971,62.5,2.5390625,0,0,4.296875,-12,14.7,34,
1374,2026-09-02,14:26:21.92061,262.84908,,2843.75,62,,0,10.9375,773,29.0196078431373,0,43,14.6,-40,,0,4.296875,0,,,,,,,,,,,,2.03112,62.5,1.7578125,0,0,4.296875,-12,14.7,9,
1375,2026-09-02,14:26:22.10837,263.03382,,2875,62,,0,10.9375,772,29.4117647058824,0,43,14.6,-40,,0,4.296875,0,,,,,,,,,,,,2.08971,62.5,1.171875,0,0,4.296875,-12,14.7,28,
1376,2026-09-02,14:26:22.31107,263.24289,,2875,62,,0,11.25,772,29.8039215686275,0,43,14.6,-40,,0,4.296875,0,,,,,,,,,,,,2.07018,62.5,0.390625,0,0,4.296875,-12,14.7,19,
1377,2026-09-02,14:26:22.56205,263.48489,,2875,62,,0,11.875,773,30.9803921568627,0,42,15.1,-40,,0,4.296875,0,,,,,,,,,,,,2.08971,68.75,0.9765625,0,0,4.296875,-12,14.7,4,
1378,2026-09-02,14:26:22.81256,263.73421,,2875,62,,0,11.875,772,31.3725490196078,0,42,14.4,-40,,0,4.296875,0,,,,,,,,,,,,2.1483,68.75,1.7578125,0,0,4.296875,-12,14.7,9,
1379,2026-09-02,14:26:23.00057,263.92696,,2906.25,62,,0,12.8125,772,33.7254901960784,0,43,14,-40,,0,4.296875,0,,,,,,,,,,,,2.12877,75,0.9765625,0,0,4.296875,-12,14.7,4,
1380,2026-09-02,14:26:23.18859,264.11395,,2875,62,,0,12.8125,772,33.7254901960784,0,42,14.5,-40,,0,4.296875,0,,,,,,,,,,,,2.10924,68.75,0.1953125,0,0,4.296875,-12,14.7,20,
1381,2026-09-02,14:26:23.37659,264.30615,,2906.25,62,,0,12.1875,773,33.3333333333333,0,42,14.7,-40,,0,4.296875,0,,,,,,,,,,,,2.08971,68.75,-0.390625,0,0,4.296875,-12,14.7,2,
1382,2026-09-02,14:26:23.54842,264.48074,,2875,62,,0,12.5,772,32.9411764705882,0,42,15,-40,,0,4.296875,0,,,,,,,,,,,,2.08971,68.75,-0.78125,0,0,4.296875,-12,14.7,10,
1383,2026-09-02,14:26:23.73682,264.66099,,2906.25,62,,0,12.1875,772,32.5490196078431,0,42,15.3,-40,,0,4.296875,0,,,,,,,,,,,,2.08971,68.75,0,0,0,4.296875,-12,14.7,11,
1384,2026-09-02,14:26:23.89346,264.82072,,2875,62,,0,12.1875,772,32.5490196078431,0,42,14.9,-40,,0,4.296875,0,,,,,,,,,,,,2.07018,68.75,0.5859375,0,0,4.296875,-12,14.7,4,
1385,2026-09-02,14:26:24.06572,264.99029,,2906.25,62,,0,12.1875,773,32.9411764705882,0,42,14.6,-40,,0,4.296875,0,,,,,,,,,,,,2.12877,68.75,1.3671875,0,0,4.296875,-12,14.7,13,
1386,2026-09-02,14:26:24.23772,265.17024,,2906.25,62,,0,12.1875,772,32.5490196078431,0,42,14.5,-40,,0,4.296875,0,,,,,,,,,,,,2.08971,68.75,1.3671875,0,0,4.296875,-12,14.7,9,
1387,2026-09-02,14:26:24.41056,265.33488,,2906.25,62,,0,12.1875,772,32.5490196078431,0,42,14.4,-40,,0,4.296875,0,,,,,,,,,,,,2.08971,68.75,0.78125,0,0,4.296875,-12,14.7,1,
1388,2026-09-02,14:26:24.58194,265.51465,,2875,62,,0,12.1875,772,32.5490196078431,0,42,14.9,-40,,0,4.296875,0,,,,,,,,,,,,2.07018,68.75,0.1953125,0,0,4.296875,-12,14.7,10,
1389,2026-09-02,14:26:24.75433,265.67964,,2906.25,62,,0,12.5,772,32.5490196078431,0,42,15,-40,,0,4.296875,0,,,,,,,,,,,,2.20689,75,-0.1953125,0,0,4.296875,-12,14.7,9,
1390,2026-09-02,14:26:24.94243,265.86564,,2906.25,62,,0,18.125,772,42.3529411764706,0,40,15.2,-40,,0,4.296875,0,,,,,,,,,,,,2.5389,112.5,0.78125,0,0,4.296875,-12,14.7,8,
1391,2026-09-02,14:26:25.13071,266.05077,,2906.25,62,,0,22.5,772,53.3333333333333,0,38,14.1,-40,,0,4.296875,0,,,,,,,,,,,,2.79279,150,0.9765625,0,0,4.296875,-12,14.7,12,
1392,2026-09-02,14:26:25.30210,266.22867,,2968.75,62,,2,33.125,772,70.1960784313726,0,26,15.4,-40,,0,4.296875,0,,,,,,,,,,,,2.94903,200,0.78125,0,0,4.296875,-12,14.7,1,
1393,2026-09-02,14:26:25.48992,266.41826,,3000,62,,2,34.0625,772,71.3725490196078,0,26,14.7,-40,,0,4.296875,0,,,,,,,,,,,,2.69514,187.5,0.9765625,0,0,4.296875,-12,14.7,17,
1394,2026-09-02,14:26:25.67776,266.60278,,3000,64,,2,25.625,773,57.6470588235294,0,34,15,-40,,0,4.296875,0,,,,,,,,,,,,2.24595,125,2.1484375,0,0,4.296875,-12,14.7,10,
1395,2026-09-02,14:26:25.88153,266.80747,,3031.25,64,,0,15.9375,772,40.7843137254902,0,41,14.7,-40,,0,4.296875,0,,,,,,,,,,,,2.22642,87.5,3.125,0,0,4.296875,-11,14.7,8,
1396,2026-09-02,14:26:26.06908,266.99704,,3031.25,64,,0,13.75,773,36.4705882352941,0,42,14.2,-40,,0,4.296875,0,,,,,,,,,,,,2.10924,75,3.7109375,0,0,4.296875,-12,14.7,1,
1397,2026-09-02,14:26:26.24149,267.16725,,3062.5,64,,0,11.25,772,31.3725490196078,0,42,13.7,-40,,0,4.296875,0,,,,,,,,,,,,1.953,62.5,2.9296875,0,0,4.296875,-12,14.7,2,
1398,2026-09-02,14:26:26.47652,267.39892,,3031.25,64,,0,9.375,772,27.0588235294118,0,37,14.2,-40,,0,4.296875,0,,,,,,,,,,,,1.93347,50,2.1484375,0,0,4.296875,-12,14.7,1,
1399,2026-09-02,14:26:26.69574,267.61825,,3000,64,,0,8.4375,772,24.7058823529412,0,28,15.1,-40,,0,4.296875,0,,,,,,,,,,,,1.87488,50,1.3671875,0,0,4.296875,-12,14.7,1,
1400,2026-09-02,14:26:26.89900,267.83137,,3031.25,64,,0,8.125,772,23.5294117647059,0,22,15.5,-40,,0,4.296875,0,,,,,,,,,,,,1.89441,43.75,2.34375,0,0,4.296875,-12,14.7,12,
1401,2026-09-02,14:26:27.11797,268.05076,,3031.25,64,,0,7.8125,772,22.7450980392157,0,22,14.5,-40,,0,4.296875,0,,,,,,,,,,,,1.89441,43.75,3.3203125,0,0,4.296875,-12,14.7,10,
1402,2026-09-02,14:26:27.35232,268.27045,,3000,64,,0,8.125,772,22.7450980392157,0,22,14.3,-40,,0,4.296875,0,,,,,,,,,,,,1.85535,43.75,2.34375,0,0,4.296875,-12,14.7,4,
1403,2026-09-02,14:26:27.55629,268.48011,,3000,64,,0,8.125,772,22.7450980392157,0,22,14.7,-40,,0,4.296875,0,,,,,,,,,,,,1.91394,43.75,1.7578125,0,0,4.296875,-12,14.7,8,
1404,2026-09-02,14:26:27.79131,268.71451,,3000,64,,0,8.125,772,22.7450980392157,0,22,15.4,-40,,0,4.296875,0,,,,,,,,,,,,1.89441,43.75,1.7578125,0,0,4.296875,-12,14.7,3,
1405,2026-09-02,14:26:28.04143,268.97054,,2968.75,64,,0,7.5,772,21.9607843137255,0,17,15.2,-40,,0,4.296875,0,,,,,,,,,,,,1.87488,43.75,2.9296875,0,0,4.296875,-12,14.7,2,
1406,2026-09-02,14:26:28.24557,269.17377,,2968.75,64,,0,7.5,773,21.5686274509804,0,16,14.3,-40,,0,4.296875,0,,,,,,,,,,,,1.85535,43.75,3.7109375,0,0,4.296875,-12,14.7,4,
1407,2026-09-02,14:26:28.44922,269.37308,,2968.75,64,,0,7.5,771,21.5686274509804,0,16,14.1,-40,,0,4.296875,0,,,,,,,,,,,,1.87488,43.75,3.125,0,0,4.296875,-12,14.7,8,
1408,2026-09-02,14:26:28.65320,269.58338,,2968.75,64,,0,7.5,772,21.9607843137255,0,16,14.3,-40,,0,4.296875,0,,,,,,,,,,,,1.85535,43.75,2.34375,0,0,4.296875,-12,14.7,22,
1409,2026-09-02,14:26:28.85595,269.78302,,2968.75,64,,0,7.8125,772,21.9607843137255,0,23,14.4,-40,,0,4.296875,0,,,,,,,,,,,,1.93347,43.75,1.5625,0,0,4.296875,-11,14.7,5,
1410,2026-09-02,14:26:29.05955,269.98275,,2968.75,64,,0,8.75,773,23.921568627451,0,33,14.4,-40,,0,4.296875,0,,,,,,,,,,,,1.99206,50,0.78125,0,0,4.296875,-12,14.7,18,
1411,2026-09-02,14:26:29.26383,270.1847,,2937.5,64,,0,9.375,772,25.4901960784314,0,40,14.8,-40,,0,4.296875,0,,,,,,,,,,,,1.97253,50,0.1953125,0,0,4.296875,-12,14.7,12,
1412,2026-09-02,14:26:29.51383,270.44177,,2937.5,64,,0,9.375,772,25.8823529411765,0,42,15,-40,,0,4.296875,0,,,,,,,,,,,,1.99206,56.25,0.1953125,0,0,4.296875,-12,14.7,14,
1413,2026-09-02,14:26:29.73323,270.66166,,2937.5,64,,0,9.375,772,25.4901960784314,0,42,14.8,-40,,0,4.296875,0,,,,,,,,,,,,2.01159,56.25,1.171875,0,0,4.296875,-12,14.7,6,
1414,2026-09-02,14:26:29.98366,270.90922,,2937.5,62,,0,9.375,772,25.8823529411765,0,42,14.3,-40,,0,4.296875,0,,,,,,,,,,,,1.97253,56.25,0.78125,0,0,4.296875,-12,14.7,18,
1415,2026-09-02,14:26:30.21880,271.14587,,2937.5,62,,0,9.375,771,25.8823529411765,0,40,14.3,-40,,0,4.296875,0,,,,,,,,,,,,1.953,50,0,0,0,4.296875,-12,14.7,28,
1416,2026-09-02,14:26:30.42177,271.35054,,2937.5,62,,0,9.375,772,25.8823529411765,0,42,14.5,-40,,0,4.296875,0,,,,,,,,,,,,1.99206,50,-0.78125,0,0,4.296875,-11,14.7,12,
1417,2026-09-02,14:26:30.62582,271.54951,,2937.5,62,,0,9.375,772,25.8823529411765,0,42,14.6,-40,,0,4.296875,0,,,,,,,,,,,,1.953,56.25,-1.7578125,0,0,4.296875,-12,14.7,15,
1418,2026-09-02,14:26:30.86063,271.78946,,2937.5,62,,0,9.375,772,25.8823529411765,0,42,15.4,-40,,0,4.296875,0,,,,,,,,,,,,2.01159,56.25,-1.5625,0,0,4.296875,-11,14.7,48,
1419,2026-09-02,14:26:31.11102,272.03415,,2937.5,62,,0,9.375,772,25.4901960784314,0,38,14.8,-40,,0,4.296875,0,,,,,,,,,,,,1.97253,50,-0.390625,0,0,4.296875,-12,14.7,17,
1420,2026-09-02,14:26:31.29821,272.22913,,2937.5,62,,0,9.0625,772,25.4901960784314,0,38,14.8,-40,,0,4.296875,0,,,,,,,,,,,,2.01159,50,0.390625,0,0,4.296875,-12,14.7,9,
1421,2026-09-02,14:26:31.50163,272.42883,,2937.5,62,,0,9.0625,772,25.4901960784314,0,38,14.4,-40,,0,4.296875,0,,,,,,,,,,,,1.89441,50,0.390625,0,0,4.296875,-12,14.7,2,
1422,2026-09-02,14:26:31.69008,272.62305,,2937.5,62,,0,9.0625,772,25.0980392156863,0,38,14.4,-40,,0,4.296875,0,,,,,,,,,,,,1.953,50,-0.1953125,0,0,4.296875,-12,14.7,5,
1423,2026-09-02,14:26:31.92460,272.84546,,2937.5,62,,0,8.75,773,24.7058823529412,0,32,14.9,-40,,0,4.296875,0,,,,,,,,,,,,1.89441,50,-0.9765625,0,0,4.296875,-12,14.7,7,
1424,2026-09-02,14:26:32.15965,273.07806,,2937.5,62,,0,7.8125,772,22.7450980392157,0,19,14.8,-40,,0,4.296875,0,,,,,,,,,,,,1.79676,43.75,0,0,0,4.296875,-12,14.7,7,
1425,2026-09-02,14:26:32.36302,273.28448,,2875,62,,0,5.625,772,18.8235294117647,0,4,14.2,-40,,0,4.296875,0,,,,,,,,,,,,1.52334,25,0,0,0,4.296875,-12,14.7,5,
1426,2026-09-02,14:26:32.58214,273.50446,,2906.25,62,,0,3.75,771,15.6862745098039,0,4,15.2,-40,,0,4.296875,0,,,,,,,,,,,,1.60146,18.75,0,0,0,4.296875,-12,14.7,15,
1427,2026-09-02,14:26:32.78560,273.71176,,2875,62,,0,3.4375,772,14.9019607843137,0,4,15.9,-40,,0,4.296875,0,,,,,,,,,,,,1.54287,18.75,0,0,0,4.296875,-11,14.7,13,
1428,2026-09-02,14:26:32.98935,273.91642,,2843.75,62,,0,3.125,772,14.5098039215686,0,3,16.2,-40,,0,4.296875,0,,,,,,,,,,,,1.48428,18.75,0,0,0,4.296875,-12,14.7,9,
1429,2026-09-02,14:26:33.19285,274.11614,,2781.25,62,,0,3.125,772,14.5098039215686,0,2,15,-40,,0,4.296875,0,,,,,,,,,,,,1.46475,18.75,0,0,0,4.296875,-12,14.7,34,
1430,2026-09-02,14:26:33.41223,274.34038,,2750,62,,0,2.8125,772,14.1176470588235,0,2,16.8,-40,,0,4.296875,0,,,,,,,,,,,,1.46475,12.5,0,0,0,4.296875,-11,14.7,25,
1431,2026-09-02,14:26:33.63090,274.55563,,2687.5,58,,0,3.125,772,13.7254901960784,0,1,22.9,-40,,0,4.296875,0,,,,,,,,,,,,1.54287,18.75,0,0,0,4.296875,-12,14.7,19,
1432,2026-09-02,14:26:33.86562,274.78482,,2687.5,58,,0,3.75,772,14.5098039215686,0,0,32.3,-40,,0,4.296875,0,,,,,,,,,,,,1.60146,18.75,0,0,0,4.296875,-12,14.7,21,
1433,2026-09-02,14:26:34.06936,274.99459,,2625,58,,0,3.75,772,14.5098039215686,0,0,63.6,-40,,0,4.296875,0,,,,,,,,,,,,1.50381,18.75,0,0,0,4.296875,-12,14.7,13,
1434,2026-09-02,14:26:34.30392,275.23448,,2656.25,56,,0,3.75,772,14.5098039215686,0,0,81.5,-40,,0,4.296875,0,,,,,,,,,,,,1.52334,18.75,0,0,0,4.296875,-12,14.7,23,
1435,2026-09-02,14:26:34.52340,275.45402,,2656.25,56,,0,3.75,772,14.5098039215686,0,0,93.2,-40,,0,4.296875,0,,,,,,,,,,,,1.83582,25,0,0,0,4.296875,-12,14.7,6,
1436,2026-09-02,14:26:34.77334,275.69346,,2656.25,56,,0,7.1875,771,18.8235294117647,0,12,96,-40,,0,4.296875,0,,,,,,,,,,,,1.83582,37.5,0.5859375,0,0,4.296875,-12,14.7,19,
1437,2026-09-02,14:26:34.97751,275.90812,,2656.25,56,,0,7.5,772,19.6078431372549,0,16,17.2,-40,,0,4.296875,0,,,,,,,,,,,,1.85535,37.5,1.5625,0,0,4.296875,-12,14.7,11,
1438,2026-09-02,14:26:35.19651,276.12024,,2656.25,56,,0,7.8125,772,20,0,20,14.7,-40,,0,4.296875,0,,,,,,,,,,,,1.79676,37.5,2.34375,0,0,4.296875,-12,14.7,2,
1439,2026-09-02,14:26:35.44730,276.37226,,2656.25,56,,0,7.5,773,19.6078431372549,0,16,14.3,-40,,0,4.296875,0,,,,,,,,,,,,1.81629,37.5,3.3203125,0,0,4.296875,-12,14.7,47,
1440,2026-09-02,14:26:35.68202,276.60674,,2656.25,56,,0,5.9375,772,16.8627450980392,0,0,14.5,-40,,0,4.296875,0,,,,,,,,,,,,1.62099,31.25,4.296875,0,0,4.296875,-11,14.7,35,
1441,2026-09-02,14:26:35.91727,276.83958,,2656.25,56,,0,5,772,15.6862745098039,0,0,15.6,-40,,0,4.296875,0,,,,,,,,,,,,1.62099,25,0,0,0,4.296875,-12,14.7,26,
1442,2026-09-02,14:26:36.16742,277.0888,,2625,56,,0,4.6875,771,15.2941176470588,0,0,16.1,-40,,0,4.296875,0,,,,,,,,,,,,1.62099,25,0,0,0,4.296875,-12,14.7,7,
1443,2026-09-02,14:26:36.38568,277.30856,,2625,56,,0,4.375,772,14.5098039215686,0,0,15.3,-40,,0,4.296875,0,,,,,,,,,,,,1.58193,18.75,0,0,0,4.296875,-12,14.7,5,
1444,2026-09-02,14:26:36.62049,277.54017,,2593.75,56,,0,4.0625,772,13.7254901960784,0,-1,15.8,-40,,0,4.296875,0,,,,,,,,,,,,1.60146,18.75,0,0,0,4.296875,-11,14.7,5,
1445,2026-09-02,14:26:36.82437,277.75009,,2562.5,56,,0,4.0625,772,13.7254901960784,0,-1,15.3,-40,,0,4.296875,0,,,,,,,,,,,,1.52334,18.75,0,0,0,4.296875,-11,14.7,5,
1446,2026-09-02,14:26:37.02792,277.95527,,2531.25,54,,0,4.0625,772,14.1176470588235,0,-2,18.4,-40,,0,4.296875,0,,,,,,,,,,,,1.5624,18.75,0,0,0,4.296875,-12,14.7,10,
1447,2026-09-02,14:26:37.26281,278.18698,,2531.25,54,,0,4.0625,772,14.1176470588235,0,-2,25.4,-40,,0,4.296875,0,,,,,,,,,,,,1.60146,18.75,0,0,0,4.296875,-12,14.7,16,
1448,2026-09-02,14:26:37.48220,278.40822,,2500,54,,0,4.0625,771,14.1176470588235,0,-2,53.4,-40,,0,4.296875,0,,,,,,,,,,,,1.58193,18.75,0,0,0,4.296875,-12,14.7,6,
1449,2026-09-02,14:26:37.70145,278.62603,,2500,54,,0,4.0625,772,13.7254901960784,0,-3,75.9,-40,,0,4.296875,0,,,,,,,,,,,,1.50381,18.75,0,0,0,4.296875,-12,14.7,13,
1450,2026-09-02,14:26:37.93677,278.86353,,2437.5,54,,0,4.0625,772,13.7254901960784,0,-3,90.2,-40,,0,4.296875,0,,,,,,,,,,,,1.58193,18.75,0,0,0,4.296875,-11,14.7,7,
1451,2026-09-02,14:26:38.13984,279.06325,,2406.25,54,,0,4.0625,772,13.3333333333333,0,-4,96,-40,,0,4.296875,0,,,,,,,,,,,,1.60146,18.75,0,0,0,4.296875,-11,14.7,0,
1452,2026-09-02,14:26:38.39031,279.31515,,2375,50,,0,4.0625,772,13.3333333333333,0,-4,96,-40,,0,4.296875,0,,,,,,,,,,,,1.58193,18.75,0,0,0,4.296875,-12,14.7,10,
1453,2026-09-02,14:26:38.59410,279.52736,,2312.5,50,,0,4.375,772,13.3333333333333,0,-5,96,-40,,0,4.296875,0,,,,,,,,,,,,1.54287,18.75,0,0,0,4.296875,-12,14.7,17,
1454,2026-09-02,14:26:38.75082,279.67203,,2312.5,50,,0,4.375,772,13.3333333333333,0,-5,96,-40,,0,4.296875,0,,,,,,,,,,,,1.52334,18.75,0,0,0,4.296875,-11,14.7,1,
1455,2026-09-02,14:26:38.95460,279.87927,,2281.25,50,,0,4.375,772,13.3333333333333,0,-6,96,-40,,0,4.296875,0,,,,,,,,,,,,1.48428,18.75,0,0,0,4.296875,-11,14.7,8,
1456,2026-09-02,14:26:39.20510,280.12895,,2250,48,,0,4.375,772,13.7254901960784,0,-6,99.9,-40,,0,4.296875,0,,,,,,,,,,,,1.54287,18.75,0,0,0,4.296875,-11,14.7,2,
1457,2026-09-02,14:26:39.44032,280.37111,,2218.75,48,,0,4.375,771,13.3333333333333,0,-6,99.9,-40,,0,4.296875,0,,,,,,,,,,,,1.58193,18.75,0,0,0,4.296875,-11,14.7,1,
1458,2026-09-02,14:26:39.69099,280.6209,,2218.75,48,,0,4.375,772,13.3333333333333,0,-6,99.9,-40,,0,4.296875,0,,,,,,,,,,,,1.50381,18.75,0,0,0,4.296875,-12,14.7,1,
1459,2026-09-02,14:26:39.89375,280.82549,,2218.75,48,,0,4.375,772,13.7254901960784,0,-6,99.9,-40,,0,4.296875,0,,,,,,,,,,,,1.54287,18.75,0,0,0,4.296875,-11,14.7,16,
1460,2026-09-02,14:26:40.09744,281.03004,,2218.75,48,,0,8.75,772,18.8235294117647,0,-5,99.9,-40,,0,4.296875,0,,,,,,,,,,,,2.1483,56.25,0,0,0,4.296875,-11,14.7,22,
1461,2026-09-02,14:26:40.34787,281.27476,,2312.5,48,,0,17.1875,772,34.1176470588235,0,41,87.7,-40,,0,4.296875,0,,,,,,,,,,,,1.97253,68.75,0,0,0,4.296875,-11,14.7,0,
1462,2026-09-02,14:26:40.56711,281.49454,,2281.25,48,,0,8.125,772,20.3921568627451,0,23,11.5,-40,,0,4.296875,0,,,,,,,,,,,,1.46475,25,0,0,0,4.296875,-12,14.7,0,
1463,2026-09-02,14:26:40.78633,281.71149,,2250,48,,0,5,772,15.2941176470588,0,-5,12.4,-40,,0,4.296875,0,,,,,,,,,,,,1.50381,18.75,0,0,0,4.296875,-11,14.7,3,
1464,2026-09-02,14:26:40.99008,281.91891,,2218.75,48,,0,4.375,771,13.3333333333333,0,-5,15.5,-40,,0,4.296875,0,,,,,,,,,,,,1.5624,18.75,0,0,0,4.296875,-11,14.7,4,
1465,2026-09-02,14:26:41.20981,282.13088,,2218.75,48,,0,4.0625,771,12.5490196078431,0,-5,15.1,-40,,0,4.296875,0,,,,,,,,,,,,1.44522,18.75,0,0,0,4.296875,-11,14.7,2,
1466,2026-09-02,14:26:41.44413,282.37257,,2250,48,,0,4.0625,772,12.5490196078431,0,-6,17.7,-40,,0,4.296875,0,,,,,,,,,,,,1.66005,25,0,0,0,4.296875,-11,14.7,5,
1467,2026-09-02,14:26:41.66330,282.59252,,2250,48,,0,6.25,772,15.6862745098039,0,-2,15.4,-40,,0,4.296875,0,,,,,,,,,,,,1.71864,25,0,0,0,4.296875,-11,14.7,4,
1468,2026-09-02,14:26:41.91382,282.83722,,2250,48,,0,6.5625,772,16.4705882352941,0,2,18.3,-40,,0,4.296875,0,,,,,,,,,,,,1.64052,25,0,0,0,4.296875,-11,14.7,16,
1469,2026-09-02,14:26:42.10161,283.03204,,2250,48,,0,6.25,772,16.4705882352941,0,2,18.8,-40,,0,4.296875,0,,,,,,,,,,,,1.73817,25,0,0,0,4.296875,-12,14.7,3,
1470,2026-09-02,14:26:42.33663,283.26653,,2250,48,,0,6.5625,772,16.8627450980392,0,4,19.2,-40,,0,4.296875,0,,,,,,,,,,,,1.73817,31.25,0,0,0,4.296875,-11,14.7,3,
1471,2026-09-02,14:26:42.55562,283.48101,,2250,48,,0,6.875,772,16.8627450980392,0,8,19.1,-40,,0,4.296875,0,,,,,,,,,,,,1.73817,31.25,0.390625,0,0,4.296875,-11,14.7,21,
1472,2026-09-02,14:26:42.74313,283.6759,,2250,48,,0,7.1875,772,18.0392156862745,0,14,17.2,-40,,0,4.296875,0,,,,,,,,,,,,1.73817,31.25,0.9765625,0,0,4.296875,-11,14.7,3,
1473,2026-09-02,14:26:42.97804,283.91048,,2250,48,,0,7.8125,771,19.2156862745098,0,22,15.7,-40,,0,4.296875,0,,,,,,,,,,,,1.69911,31.25,1.7578125,0,0,4.296875,-11,14.7,2,
1474,2026-09-02,14:26:43.16625,284.09529,,2250,48,,0,7.8125,772,18.8235294117647,0,20,15.3,-40,,0,4.296875,0,,,,,,,,,,,,1.79676,31.25,2.5390625,0,0,4.296875,-11,14.7,3,
1475,2026-09-02,14:26:43.40106,284.32245,,2281.25,48,,0,7.5,772,18.8235294117647,0,18,15.1,-40,,0,4.296875,0,,,,,,,,,,,,1.71864,31.25,3.3203125,0,0,4.296875,-11,14.7,21,
1476,2026-09-02,14:26:43.65106,284.57954,,2281.25,48,,0,6.875,772,17.2549019607843,0,8,14.7,-40,,0,4.296875,0,,,,,,,,,,,,1.67958,31.25,4.1015625,0,0,4.296875,-11,14.7,19,
1477,2026-09-02,14:26:43.83909,284.76834,,2281.25,48,,0,6.25,772,16.078431372549,0,2,14.2,-40,,0,4.296875,0,,,,,,,,,,,,1.60146,25,3.90625,0,0,4.296875,-11,14.7,4,
1478,2026-09-02,14:26:43.98027,284.9032,,2281.25,48,,0,6.25,771,16.078431372549,0,-2,13.8,-40,,0,4.296875,0,,,,,,,,,,,,1.64052,25,3.7109375,0,0,4.296875,-11,14.7,27,
1479,2026-09-02,14:26:44.10524,285.03344,,2250,48,,0,5.9375,771,15.6862745098039,0,-4,14.4,-40,,0,4.296875,0,,,,,,,,,,,,1.66005,25,3.3203125,0,0,4.296875,-11,14.7,10,
1480,2026-09-02,14:26:44.24635,285.16847,,2250,48,,0,5.625,772,15.2941176470588,0,-6,15.7,-40,,0,4.296875,0,,,,,,,,,,,,1.67958,25,3.125,0,0,4.296875,-11,14.7,14,
1481,2026-09-02,14:26:44.38694,285.31038,,2250,48,,0,5.625,772,14.9019607843137,0,-6,15.5,-40,,0,4.296875,0,,,,,,,,,,,,1.60146,25,0,0,0,4.296875,-11,14.7,8,
1482,2026-09-02,14:26:44.55978,285.47809,,2250,48,,0,5.625,772,14.9019607843137,0,-6,16.2,-40,,0,4.296875,0,,,,,,,,,,,,1.64052,25,0,0,0,4.296875,-11,14.7,4,
1483,2026-09-02,14:26:44.73227,285.65727,,2250,48,,0,5.9375,772,15.6862745098039,0,-2,14.2,-40,,0,4.296875,0,,,,,,,,,,,,1.81629,31.25,0,0,0,4.296875,-11,14.7,12,
1484,2026-09-02,14:26:44.90383,285.82743,,2250,48,,0,7.1875,772,17.6470588235294,0,16,16.6,-40,,0,4.296875,0,,,,,,,,,,,,1.77723,31.25,-0.1953125,0,0,4.296875,-11,14.7,1,
1485,2026-09-02,14:26:45.09229,286.01717,,2250,48,,0,8.125,772,19.6078431372549,0,30,14.3,-40,,0,4.296875,0,,,,,,,,,,,,1.81629,37.5,0.1953125,0,0,4.296875,-11,14.7,9,
1486,2026-09-02,14:26:45.29492,286.2268,,2281.25,48,,0,9.6875,772,21.9607843137255,0,44,15.3,-40,,0,4.296875,0,,,,,,,,,,,,1.81629,37.5,0,0,0,4.296875,-11,14.7,29,
1487,2026-09-02,14:26:45.53049,286.45161,,2218.75,48,,0,7.5,771,19.2156862745098,0,19,14.8,-40,,0,4.296875,0,,,,,,,,,,,,1.64052,31.25,0.78125,0,0,4.296875,-11,14.7,15,
1488,2026-09-02,14:26:45.74956,286.67619,,2250,48,,0,6.875,772,17.2549019607843,0,8,14.8,-40,,0,4.296875,0,,,,,,,,,,,,1.60146,25,1.5625,0,0,4.296875,-11,14.7,9,
1489,2026-09-02,14:26:45.95211,286.88067,,2250,48,,0,5,771,14.5098039215686,0,-6,14.3,-40,,0,4.296875,0,,,,,,,,,,,,1.54287,18.75,0,0,0,4.296875,-11,14.7,13,
1490,2026-09-02,14:26:46.15475,287.07738,,2218.75,48,,0,4.6875,772,13.7254901960784,0,-6,15.4,-40,,0,4.296875,0,,,,,,,,,,,,1.52334,18.75,0,0,0,4.296875,-11,14.7,4,
1491,2026-09-02,14:26:46.35977,287.28971,,2187.5,48,,0,4.0625,772,13.3333333333333,0,-7,15.7,-40,,0,4.296875,0,,,,,,,,,,,,1.58193,18.75,0,0,0,4.296875,-11,14.7,0,
1492,2026-09-02,14:26:46.59462,287.51953,,2156.25,48,,0,4.0625,771,12.9411764705882,0,-8,16.8,-40,,0,4.296875,0,,,,,,,,,,,,1.52334,18.75,0,0,0,4.296875,-11,14.7,13,
1493,2026-09-02,14:26:46.79790,287.7294,,2125,48,,0,3.75,772,12.5490196078431,0,-8,15.3,-40,,0,4.296875,0,,,,,,,,,,,,1.50381,12.5,0,0,0,4.296875,-11,14.7,13,
1494,2026-09-02,14:26:47.03553,287.96414,,2093.75,46,,0,3.4375,772,12.5490196078431,0,-9,15.2,-40,,0,4.296875,0,,,,,,,,,,,,1.52334,12.5,0,0,0,4.296875,-11,14.7,3,
1495,2026-09-02,14:26:47.23639,288.15863,,2062.5,46,,0,3.4375,772,12.5490196078431,0,-9,16.8,-40,,0,4.296875,0,,,,,,,,,,,,1.42569,12.5,0,0,0,4.296875,-11,14.7,1,
1496,2026-09-02,14:26:47.47150,288.39706,,2062.5,46,,0,3.4375,772,12.9411764705882,0,-9,14.2,-40,,0,4.296875,0,,,,,,,,,,,,1.44522,12.5,0,0,0,4.296875,-11,14.7,6,
1497,2026-09-02,14:26:47.75357,288.67611,,2000,44,,0,3.4375,772,13.3333333333333,0,-10,15.9,-40,,0,4.296875,0,,,,,,,,,,,,1.46475,12.5,0,0,0,4.296875,-11,14.7,0,
1498,2026-09-02,14:26:48.01923,288.94744,,1937.5,44,,0,3.75,772,13.3333333333333,0,-3,13.5,-40,,0,4.296875,0,,,,,,,,,,,,1.44522,12.5,0,0,0,4.296875,-11,14.7,0,
1499,2026-09-02,14:26:48.25418,289.17554,,1906.25,44,,0,3.75,772,13.7254901960784,0,0,14.6,-40,,0,4.296875,0,,,,,,,,,,,,1.52334,12.5,0,0,0,4.296875,-11,14.7,4,
1500,2026-09-02,14:26:48.47308,289.40638,,1875,40,,0,3.75,772,13.7254901960784,0,5,14.7,-40,,0,4.296875,0,,,,,,,,,,,,1.42569,12.5,0,0,0,4.296875,-11,14.7,1,
1501,2026-09-02,14:26:48.70821,289.62647,,1875,40,,0,3.75,772,14.1176470588235,0,8,14.8,-40,,0,4.296875,0,,,,,,,,,,,,1.52334,12.5,0,0,0,4.296875,-11,14.7,4,
1502,2026-09-02,14:26:48.92755,289.84835,,1843.75,40,,0,3.75,772,14.1176470588235,0,12,17.5,-40,,0,4.296875,0,,,,,,,,,,,,1.42569,12.5,0,0,0,4.296875,-11,14.7,1,
1503,2026-09-02,14:26:49.14674,290.0705,,1843.75,40,,0,6.875,772,18.4313725490196,0,21,17.3,-40,,0,4.296875,0,,,,,,,,,,,,1.67958,25,0,0,0,4.296875,-11,14.7,6,
1504,2026-09-02,14:26:49.36607,290.28982,,1843.75,40,,0,7.8125,772,20.7843137254902,0,29,15.8,-40,,0,4.296875,0,,,,,,,,,,,,1.73817,25,0.5859375,0,0,4.296875,-11,14.7,4,
1505,2026-09-02,14:26:49.58495,290.50804,,1812.5,40,,0,7.8125,772,21.5686274509804,0,30,13.9,-40,,0,4.296875,0,,,,,,,,,,,,1.71864,25,0.9765625,0,0,4.296875,-11,14.7,2,
1506,2026-09-02,14:26:49.85113,290.78456,,1812.5,38,,0,7.5,772,20.7843137254902,0,30,13.9,-40,,0,4.296875,0,,,,,,,,,,,,1.54287,25,0.1953125,0,0,4.296875,-11,14.7,12,
1507,2026-09-02,14:26:50.10160,291.02916,,1812.5,38,,0,6.5625,771,18.8235294117647,0,26,14.8,-40,,0,4.296875,0,,,,,,,,,,,,1.58193,18.75,-0.1953125,0,0,4.296875,-11,14.7,6,
1508,2026-09-02,14:26:50.30524,291.22735,,1781.25,38,,0,5.625,772,17.6470588235294,0,26,15.4,-40,,0,4.296875,0,,,,,,,,,,,,1.52334,18.75,0,0,0,4.296875,-11,14.7,2,
1509,2026-09-02,14:26:50.52510,291.44596,,1781.25,38,,0,5.3125,772,16.8627450980392,0,26,15.7,-40,,0,4.296875,0,,,,,,,,,,,,1.46475,18.75,0,0,0,4.296875,-11,14.7,1,
1510,2026-09-02,14:26:50.74436,291.67261,,1781.25,38,,0,5,772,16.4705882352941,0,31,16,-40,,0,4.296875,0,,,,,,,,,,,,1.42569,18.75,0,0,0,4.296875,-11,14.7,4,
1511,2026-09-02,14:26:50.96361,291.89264,,1750,38,,0,5.9375,772,17.2549019607843,0,33,15.4,-40,,0,4.296875,0,,,,,,,,,,,,1.71864,25,0,0,0,4.296875,-11,14.7,5,
1512,2026-09-02,14:26:51.18204,292.10436,,1750,38,,0,7.5,771,19.6078431372549,0,34,14.8,-40,,0,4.296875,0,,,,,,,,,,,,1.71864,25,0.5859375,0,0,4.296875,-11,14.7,1,
1513,2026-09-02,14:26:51.38492,292.31709,,1718.75,38,,0,7.1875,772,19.6078431372549,0,34,14.5,-40,,0,4.296875,0,,,,,,,,,,,,1.62099,25,1.171875,0,0,4.296875,-11,14.7,6,
1514,2026-09-02,14:26:51.65138,292.5752,,1718.75,38,,0,7.1875,772,19.6078431372549,0,33,14.2,-40,,0,4.296875,0,,,,,,,,,,,,1.64052,25,0.78125,0,0,4.296875,-11,14.7,1,
1515,2026-09-02,14:26:51.88592,292.81627,,1718.75,36,,0,6.875,772,19.2156862745098,0,33,14.1,-40,,0,4.296875,0,,,,,,,,,,,,1.66005,25,0.1953125,0,0,4.296875,-11,14.7,4,
1516,2026-09-02,14:26:52.12082,293.0428,,1718.75,36,,0,6.875,772,19.2156862745098,0,33,14.3,-40,,0,4.296875,0,,,,,,,,,,,,1.58193,25,-0.1953125,0,0,4.296875,-11,14.7,4,
1517,2026-09-02,14:26:52.32467,293.25566,,1718.75,36,,0,7.1875,771,19.6078431372549,0,33,14.3,-40,,0,4.296875,0,,,,,,,,,,,,1.67958,25,-0.78125,0,0,4.296875,-11,14.7,8,
1518,2026-09-02,14:26:52.54379,293.47517,,1687.5,36,,0,7.5,772,20,0,32,14.4,-40,,0,4.296875,0,,,,,,,,,,,,1.60146,25,-1.171875,0,0,4.296875,-11,14.7,8,
1519,2026-09-02,14:26:52.76322,293.68958,,1687.5,36,,0,8.125,771,20.3921568627451,0,32,14.9,-40,,0,4.296875,0,,,,,,,,,,,,1.66005,25,-1.5625,0,0,4.296875,-11,14.7,1,
1520,2026-09-02,14:26:52.99838,293.92284,,1687.5,36,,0,8.125,772,21.1764705882353,0,32,15.1,-40,,0,4.296875,0,,,,,,,,,,,,1.71864,25,-1.171875,0,0,4.296875,-11,14.7,1,
1521,2026-09-02,14:26:53.20134,294.13417,,1656.25,36,,0,6.875,772,18.8235294117647,0,33,15.4,-40,,0,4.296875,0,,,,,,,,,,,,1.58193,18.75,-0.5859375,0,0,4.296875,-11,14.7,3,
1522,2026-09-02,14:26:53.45175,294.37889,,1656.25,36,,0,6.25,772,17.6470588235294,0,33,15.5,-40,,0,4.296875,0,,,,,,,,,,,,1.54287,18.75,0,0,0,4.296875,-11,14.7,4,
1523,2026-09-02,14:26:53.70245,294.63349,,1625,36,,0,5.9375,772,16.8627450980392,0,32,14.8,-40,,0,4.296875,0,,,,,,,,,,,,1.46475,18.75,0.78125,0,0,4.296875,-11,14.7,5,
1524,2026-09-02,14:26:53.96909,294.89802,,1625,34,,0,5.625,772,16.4705882352941,0,31,14.3,-40,,0,4.296875,0,,,,,,,,,,,,1.60146,18.75,0,0,0,4.296875,-11,14.7,3,
1525,2026-09-02,14:26:54.20342,295.12814,,1625,34,,0,5.625,772,16.4705882352941,0,31,13.8,-40,,0,4.296875,0,,,,,,,,,,,,1.46475,18.75,0,0,0,4.296875,-11,14.7,3,
1526,2026-09-02,14:26:54.40602,295.33791,,1593.75,34,,0,5.625,772,16.078431372549,0,31,13.6,-40,,0,4.296875,0,,,,,,,,,,,,1.58193,18.75,0,0,0,4.296875,-11,14.7,1,
1527,2026-09-02,14:26:54.62595,295.55643,,1593.75,34,,0,5.9375,772,16.078431372549,0,31,13.5,-40,,0,4.296875,0,,,,,,,,,,,,1.50381,18.75,0,0,0,4.296875,-11,14.7,5,
1528,2026-09-02,14:26:54.82940,295.75605,,1562.5,34,,0,5.9375,772,16.078431372549,0,29,13.5,-40,,0,4.296875,0,,,,,,,,,,,,1.60146,18.75,0,0,0,4.296875,-11,14.7,0,
1529,2026-09-02,14:26:55.04866,295.97621,,1531.25,34,,0,5.9375,772,16.4705882352941,0,29,13.8,-40,,0,4.296875,0,,,,,,,,,,,,1.46475,18.75,0,0,0,4.296875,-11,14.7,3,
1530,2026-09-02,14:26:55.25249,296.17446,,1500,34,,0,6.25,772,16.4705882352941,0,28,13.7,-40,,0,4.296875,0,,,,,,,,,,,,1.60146,18.75,0,0,0,4.296875,-11,14.7,4,
1531,2026-09-02,14:26:55.51854,296.44009,,1437.5,32,,0,6.5625,771,17.2549019607843,0,27,13.8,-40,,0,4.296875,0,,,,,,,,,,,,1.58193,18.75,0,0,0,4.296875,-11,14.7,7,
1532,2026-09-02,14:26:55.70684,296.6397,,1406.25,32,,0,6.5625,772,18.0392156862745,0,26,13.8,-40,,0,4.296875,0,,,,,,,,,,,,1.48428,18.75,0,0,0,4.296875,-11,14.7,1,
1533,2026-09-02,14:26:55.95709,296.88936,,1343.75,32,,0,6.875,772,18.8235294117647,0,26,13.9,-40,,0,4.296875,0,,,,,,,,,,,,1.48428,18.75,0,0,0,4.296875,-11,14.7,5,
1534,2026-09-02,14:26:56.20766,297.13445,,1250,28,,0,7.5,772,19.6078431372549,0,28,13.9,-40,,0,4.296875,0,,,,,,,,,,,,1.48428,18.75,-0.1953125,0,0,4.296875,-11,14.7,2,
1535,2026-09-02,14:26:56.47421,297.39897,,1093.75,28,,0,8.4375,773,20.7843137254902,0,24,14.1,-40,,0,4.296875,0,,,,,,,,,,,,1.54287,18.75,-0.1953125,0,0,4.296875,-11,14.7,1,
1536,2026-09-02,14:26:56.66134,297.59368,,968.75,28,,0,9.0625,772,22.7450980392157,0,22,14,-40,,0,4.296875,0,,,,,,,,,,,,1.60146,18.75,-0.1953125,0,0,4.296875,-11,14.7,4,
1537,2026-09-02,14:26:56.94350,297.86822,,875,24,,0,10,772,24.7058823529412,0,18,14.1,-40,,0,4.296875,0,,,,,,,,,,,,1.54287,18.75,-0.390625,0,0,4.296875,-11,14.7,2,
1538,2026-09-02,14:26:57.17823,298.10051,,781.25,24,,0,11.25,772,26.6666666666667,0,16,13.8,-40,,0,4.296875,0,,,,,,,,,,,,1.60146,18.75,-0.390625,0,0,4.296875,-11,14.7,1,
1539,2026-09-02,14:26:57.38150,298.30242,,718.75,24,,0,12.1875,772,28.2352941176471,0,14,13.7,-40,,0,4.296875,0,,,,,,,,,,,,1.50381,18.75,-0.5859375,0,0,4.296875,-11,14.7,2,
1540,2026-09-02,14:26:57.63241,298.557,,718.75,20,,0,12.5,773,29.8039215686275,0,12,13.5,-40,,0,4.296875,0,,,,,,,,,,,,1.54287,18.75,-0.5859375,0,0,4.296875,-11,14.7,1,
1541,2026-09-02,14:26:57.86708,298.79677,,687.5,20,,0,13.125,772,30.5882352941176,0,10,13.6,-40,,0,4.296875,0,,,,,,,,,,,,1.46475,18.75,-0.5859375,0,0,4.296875,-11,14.7,0,
1542,2026-09-02,14:26:58.11767,299.03872,,718.75,20,,0,13.125,772,31.3725490196078,0,10,13.7,-40,,0,4.296875,0,,,,,,,,,,,,1.60146,18.75,-0.78125,0,0,4.296875,-11,14.7,0,
1543,2026-09-02,14:26:58.36772,299.296,,718.75,18,,0,13.125,772,31.3725490196078,0,9,13.6,-40,,0,4.296875,0,,,,,,,,,,,,1.46475,18.75,-0.78125,0,0,4.296875,-11,14.7,1,
1544,2026-09-02,14:26:58.60262,299.52072,,750,18,,0,12.8125,772,30.9803921568627,0,9,13.5,-40,,0,4.296875,0,,,,,,,,,,,,1.60146,18.75,-0.78125,0,0,4.296875,-11,14.7,2,
1545,2026-09-02,14:26:58.83748,299.77019,,781.25,18,,0,12.5,772,29.8039215686275,0,10,13.6,-40,,0,4.296875,0,,,,,,,,,,,,1.48428,18.75,-0.9765625,0,0,4.296875,-11,14.7,2,
1546,2026-09-02,14:26:59.11965,300.04977,,812.5,14,,0,12.1875,772,29.0196078431373,0,10,14,-40,,0,4.296875,0,,,,,,,,,,,,1.60146,18.75,-0.9765625,0,0,4.296875,-11,14.7,2,
1547,2026-09-02,14:26:59.33862,300.26425,,812.5,14,,0,11.875,773,28.6274509803922,0,11,13.9,-40,,0,4.296875,0,,,,,,,,,,,,1.46475,18.75,-1.171875,0,0,4.296875,-11,14.7,0,
1548,2026-09-02,14:26:59.58856,300.51393,,812.5,12,,0,12.1875,772,28.6274509803922,0,11,14.1,-40,,0,4.296875,0,,,,,,,,,,,,1.48428,18.75,-1.171875,0,0,4.296875,-11,14.7,0,
1549,2026-09-02,14:26:59.76162,300.6882,,781.25,12,,0,12.1875,772,28.6274509803922,0,11,14.2,-40,,0,4.296875,0,,,,,,,,,,,,1.52334,18.75,-1.171875,0,0,4.296875,-12,14.7,1,
1550,2026-09-02,14:26:59.98073,300.91346,,781.25,12,,0,12.1875,772,28.6274509803922,0,12,14.5,-40,,0,4.296875,0,,,,,,,,,,,,1.48428,18.75,-1.3671875,0,0,4.296875,-11,14.7,2,
1551,2026-09-02,14:27:00.19984,301.12785,,781.25,12,,0,12.1875,772,29.0196078431373,0,11,14.6,-40,,0,4.296875,0,,,,,,,,,,,,1.60146,18.75,-1.3671875,0,0,4.296875,-12,14.7,2,
1552,2026-09-02,14:27:00.32476,301.25734,,781.25,12,,0,12.1875,772,29.0196078431373,0,10,14.5,-40,,0,4.296875,0,,,,,,,,,,,,1.38663,18.75,-1.3671875,0,0,4.296875,-12,14.7,2,
1553,2026-09-02,14:27:00.55976,301.48488,,750,12,,0,11.25,772,27.4509803921569,0,11,14.5,-40,,0,4.296875,0,,,,,,,,,,,,1.3671,18.75,-1.5625,0,0,4.296875,-11,14.7,0,
1554,2026-09-02,14:27:00.79475,301.71717,,718.75,12,,0,10.625,773,26.2745098039216,0,14,14.5,-40,,0,4.296875,0,,,,,,,,,,,,1.38663,12.5,-1.5625,0,0,4.296875,-11,14.7,2,
1555,2026-09-02,14:27:00.99829,301.92183,,718.75,10,,0,10.3125,772,26.2745098039216,0,10,14.4,-40,,0,4.296875,0,,,,,,,,,,,,1.3671,12.5,-1.5625,0,0,4.296875,-11,14.7,1,
1556,2026-09-02,14:27:01.21752,302.14091,,750,10,,0,10,772,25.4901960784314,0,9,14.4,-40,,0,4.296875,0,,,,,,,,,,,,1.38663,12.5,-1.7578125,0,0,4.296875,-11,14.7,1,
1557,2026-09-02,14:27:01.42062,302.35139,,750,10,,0,9.6875,773,25.0980392156863,0,9,14.3,-40,,0,4.296875,0,,,,,,,,,,,,1.62099,12.5,-1.7578125,0,0,4.296875,-12,14.7,0,
1558,2026-09-02,14:27:01.65566,302.57869,,750,10,,0,25.9375,772,49.4117647058824,0,2,14.2,-40,,0,4.296875,0,,,,,,,,,,,,2.1483,50,-1.953125,0,0,4.296875,-12,13.0666666666667,1,
1559,2026-09-02,14:27:01.90640,302.8302,,968.75,10,,0,30.9375,772,64.3137254901961,0,0,13.1,-40,,0,4.296875,0,,,,,,,,,,,,1.58193,56.25,-0.1953125,0,0,4.296875,-12,14.7,5,
1560,2026-09-02,14:27:02.10976,303.03419,,1125,10,,0,26.25,772,54.1176470588235,0,12,11.3,-40,,0,4.296875,0,,,,,,,,,,,,1.87488,56.25,-0.5859375,0,0,4.296875,-12,14.7,3,
1561,2026-09-02,14:27:02.25084,303.16999,,1093.75,10,,0,23.4375,772,52.9411764705882,0,15,11.4,-40,,0,4.296875,0,,,,,,,,,,,,1.5624,43.75,-0.78125,0,0,4.296875,-12,14.7,3,
1562,2026-09-02,14:27:02.39140,303.31376,,1000,12,,0,20.3125,773,45.4901960784314,0,16,11.8,-40,,0,4.296875,0,,,,,,,,,,,,1.99206,37.5,-0.9765625,0,0,4.296875,-12,14.7,2,
1563,2026-09-02,14:27:02.53254,303.46376,,812.5,12,,0,24.0625,772,53.3333333333333,0,8,11.6,-40,,0,4.296875,0,,,,,,,,,,,,1.89441,37.5,-0.9765625,0,0,4.296875,-12,14.7,2,
1564,2026-09-02,14:27:02.67326,303.60341,,906.25,12,,0,25.625,773,56.4705882352941,0,6,11.5,-40,,0,4.296875,0,,,,,,,,,,,,1.89441,50,-1.171875,0,0,4.296875,-12,14.7,2,
1565,2026-09-02,14:27:02.81410,303.73599,,937.5,12,,0,24.6875,772,55.2941176470588,0,10,12.1,-40,,0,4.296875,0,,,,,,,,,,,,1.60146,43.75,-1.3671875,0,0,4.296875,-12,14.7,2,
1566,2026-09-02,14:27:03.01765,303.94887,,906.25,12,,0,20.3125,772,45.0980392156863,0,14,12.5,-40,,0,4.296875,0,,,,,,,,,,,,1.62099,37.5,-1.7578125,0,0,4.296875,-12,14.7,1,
1567,2026-09-02,14:27:03.23693,304.16844,,968.75,14,,0,16.875,772,38.4313725490196,0,15,12.8,-40,,0,4.296875,0,,,,,,,,,,,,1.48428,31.25,-1.953125,0,0,4.296875,-12,14.7,0,
1568,2026-09-02,14:27:03.48738,304.40732,,1000,14,,0,13.4375,772,32.5490196078431,0,16,12.4,-40,,0,4.296875,0,,,,,,,,,,,,2.3436,25,-2.1484375,0,0,4.296875,-12,14.7,1,
1569,2026-09-02,14:27:03.69046,304.61488,,1093.75,14,,0,35,772,69.0196078431373,0,0,12.5,-40,,0,4.296875,0,,,,,,,,,,,,2.22642,75,-2.34375,0,0,4.296875,-12,14.7,5,
1570,2026-09-02,14:27:03.92543,304.85669,,1031.25,16,,0,37.5,772,76.4705882352941,0,0,12.1,-40,,0,4.296875,0,,,,,,,,,,,,2.30454,81.25,-2.734375,0,0,4.296875,-12,14.7,2,
1571,2026-09-02,14:27:04.19199,305.11439,,1156.25,16,,0,37.8125,774,78.0392156862745,0,3,13.7,-40,,0,4.296875,0,,,,,,,,,,,,2.40219,87.5,-3.125,0,0,4.296875,-12,14.7,4,
1572,2026-09-02,14:27:04.44203,305.36555,,1281.25,16,,0,35.625,772,76.4705882352941,0,5,14.2,-40,,0,4.296875,0,,,,,,,,,,,,2.18736,87.5,-3.7109375,0,0,4.296875,-12,14.7,3,
1573,2026-09-02,14:27:04.58313,305.50562,,1343.75,20,,0,34.6875,772,74.9019607843137,0,5,14.8,-40,,0,4.296875,0,,,,,,,,,,,,2.30454,93.75,-3.90625,0,0,4.296875,-12,14.7,8,
1574,2026-09-02,14:27:04.70813,305.64003,,1406.25,20,,0,34.0625,773,74.1176470588235,0,6,15.6,-40,,0,4.296875,0,,,,,,,,,,,,2.12877,93.75,-4.1015625,0,0,4.296875,-12,14.7,2,
1575,2026-09-02,14:27:04.84922,305.77485,,1437.5,20,,0,34.375,772,74.1176470588235,0,6,15.4,-40,,0,4.296875,0,,,,,,,,,,,,2.26548,100,-4.1015625,0,0,4.296875,-12,14.7,7,
1576,2026-09-02,14:27:04.99010,305.92038,,1500,20,,0,35,772,73.3333333333333,0,7,15.2,-40,,0,4.296875,0,,,,,,,,,,,,2.38266,106.25,-3.7109375,0,0,4.296875,-12,14.7,9,
1577,2026-09-02,14:27:05.14650,306.07521,,1531.25,20,,0,34.6875,773,71.7647058823529,0,8,14.9,-40,,0,4.296875,0,,,,,,,,,,,,2.22642,100,-3.3203125,0,0,4.296875,-12,14.7,3,
1578,2026-09-02,14:27:05.41222,306.34416,,1593.75,24,,0,30,772,63.1372549019608,0,15,14.8,-40,,0,4.296875,0,,,,,,,,,,,,2.22642,93.75,-2.5390625,0,0,4.296875,-12,14.7,3,
1579,2026-09-02,14:27:05.61613,306.54942,,1687.5,24,,0,27.5,772,60,0,20,14.7,-40,,0,4.296875,0,,,,,,,,,,,,2.22642,93.75,-1.953125,0,0,4.296875,-12,14.7,8,
1580,2026-09-02,14:27:05.85075,306.77911,,1750,24,,0,26.25,772,58.0392156862745,0,23,14.6,-40,,0,4.296875,0,,,,,,,,,,,,2.12877,87.5,-2.34375,0,0,4.296875,-12,14.7,3,
1581,2026-09-02,14:27:06.10134,307.03378,,1812.5,26,,0,21.5625,773,50.9803921568627,0,33,14.9,-40,,0,4.296875,0,,,,,,,,,,,,2.10924,75,-2.5390625,0,0,4.296875,-12,14.7,4,
1582,2026-09-02,14:27:06.33628,307.26827,,1875,26,,0,20,772,48.6274509803922,0,34,14.9,-40,,0,4.296875,0,,,,,,,,,,,,2.10924,75,-1.7578125,0,0,4.296875,-12,14.7,16,
1583,2026-09-02,14:27:06.55558,307.48791,,1937.5,26,,0,19.375,773,47.0588235294118,0,34,14.3,-40,,0,4.296875,0,,,,,,,,,,,,2.12877,75,-1.7578125,0,0,4.296875,-12,14.7,10,
1584,2026-09-02,14:27:06.82114,307.74709,,1968.75,28,,0,15.9375,772,39.6078431372549,0,37,14.7,-40,,0,4.296875,0,,,,,,,,,,,,1.953,56.25,-2.34375,0,0,4.296875,-12,14.7,2,
1585,2026-09-02,14:27:07.05672,307.97703,,2000,28,,0,13.4375,772,34.5098039215686,0,40,14.5,-40,,0,4.296875,0,,,,,,,,,,,,1.953,50,-2.9296875,0,0,4.296875,-12,14.7,21,
1586,2026-09-02,14:27:07.25958,308.19173,,2000,28,,0,12.5,772,32.5490196078431,0,40,14.7,-40,,0,4.296875,0,,,,,,,,,,,,1.953,50,-3.3203125,0,0,4.296875,-12,14.7,10,
1587,2026-09-02,14:27:07.50951,308.4362,,2031.25,30,,0,12.5,772,31.3725490196078,0,40,15.8,-40,,0,4.296875,0,,,,,,,,,,,,1.87488,50,-2.5390625,0,0,4.296875,-12,14.7,7,
1588,2026-09-02,14:27:07.71287,308.64071,,2031.25,30,,0,10.9375,772,28.6274509803922,0,41,16,-40,,0,4.296875,0,,,,,,,,,,,,1.77723,43.75,-1.953125,0,0,4.296875,-12,14.7,5,
1589,2026-09-02,14:27:07.97878,308.90388,,2031.25,30,,0,10.3125,772,27.0588235294118,0,40,15.5,-40,,0,4.296875,0,,,,,,,,,,,,1.83582,37.5,-1.171875,0,0,4.296875,-12,14.7,11,
1590,2026-09-02,14:27:08.19816,309.12382,,2062.5,30,,0,10,773,26.2745098039216,0,40,15.8,-40,,0,4.296875,0,,,,,,,,,,,,1.81629,37.5,-0.5859375,0,0,4.296875,-12,14.7,6,
1591,2026-09-02,14:27:08.40187,309.32023,,2062.5,30,,0,10,773,25.8823529411765,0,40,15.4,-40,,0,4.296875,0,,,,,,,,,,,,1.87488,37.5,0.1953125,0,0,4.296875,-12,14.7,7,
1592,2026-09-02,14:27:08.60553,309.52652,,2062.5,30,,0,12.1875,772,28.6274509803922,0,40,15.1,-40,,0,4.296875,0,,,,,,,,,,,,2.08971,56.25,0.78125,0,0,4.296875,-12,14.7,4,
1593,2026-09-02,14:27:08.84035,309.77377,,2093.75,30,,0,20,773,41.5686274509804,0,36,15,-40,,0,4.296875,0,,,,,,,,,,,,2.22642,81.25,1.5625,0,0,4.296875,-12,14.7,2,
1594,2026-09-02,14:27:09.09078,310.01391,,2093.75,30,,0,20.9375,773,45.8823529411765,0,35,12.7,-40,,0,4.296875,0,,,,,,,,,,,,2.22642,87.5,1.171875,0,0,4.296875,-12,14.7,7,
1595,2026-09-02,14:27:09.29510,310.21656,,2156.25,30,,0,20.625,773,44.7058823529412,0,36,13.8,-40,,0,4.296875,0,,,,,,,,,,,,2.20689,87.5,0.5859375,0,0,4.296875,-12,14.7,8,
1596,2026-09-02,14:27:09.54472,310.46548,,2187.5,32,,0,20.3125,773,43.5294117647059,0,37,14.2,-40,,0,4.296875,0,,,,,,,,,,,,2.24595,87.5,0,0,0,4.296875,-12,14.7,14,
1597,2026-09-02,14:27:09.76424,310.69225,,2250,32,,0,19.6875,773,43.1372549019608,0,38,14.7,-40,,0,4.296875,0,,,,,,,,,,,,2.26548,87.5,-0.78125,0,0,4.296875,-12,14.7,23,
1598,2026-09-02,14:27:09.98297,310.9125,,2250,32,,0,20,773,43.1372549019608,0,38,15.3,-40,,0,4.296875,0,,,,,,,,,,,,2.28501,87.5,-0.78125,0,0,4.296875,-12,14.7,17,
1599,2026-09-02,14:27:10.26532,311.19705,,2281.25,34,,0,20.3125,773,43.921568627451,0,38,14.7,-40,,0,4.296875,0,,,,,,,,,,,,2.3436,93.75,0.1953125,0,0,4.296875,-12,14.7,3,
1600,2026-09-02,14:27:10.48405,311.40909,,2343.75,34,,0,20.625,772,43.921568627451,0,38,14.2,-40,,0,4.296875,0,,,,,,,,,,,,2.28501,93.75,-0.1953125,0,0,4.296875,-12,14.7,0,
1601,2026-09-02,14:27:10.68774,311.6164,,2375,34,,0,20,773,43.1372549019608,0,39,14.5,-40,,0,4.296875,0,,,,,,,,,,,,2.30454,93.75,-0.9765625,0,0,4.296875,-12,14.7,4,
1602,2026-09-02,14:27:10.93823,311.87097,,2406.25,36,,0,20,773,43.1372549019608,0,39,14.7,-40,,0,4.296875,0,,,,,,,,,,,,2.24595,93.75,-1.3671875,0,0,4.296875,-12,14.7,11,
1603,2026-09-02,14:27:11.15755,312.09023,,2437.5,36,,0,15,772,35.6862745098039,0,44,14.8,-40,,0,4.296875,0,,,,,,,,,,,,1.62099,56.25,-0.5859375,0,0,4.296875,-12,14.7,5,
1604,2026-09-02,14:27:11.36110,312.28996,,2406.25,36,,0,7.1875,773,21.5686274509804,0,20,14.4,-40,,0,4.296875,0,,,,,,,,,,,,1.64052,31.25,-0.78125,0,0,4.296875,-12,14.7,9,
1605,2026-09-02,14:27:11.56515,312.49506,,2156.25,36,,0,6.25,772,18.0392156862745,0,8,16,-40,,0,4.296875,0,,,,,,,,,,,,1.67958,25,-1.171875,0,0,4.296875,-12,14.7,1,
1606,2026-09-02,14:27:11.81575,312.73441,,1875,36,,0,6.25,773,19.2156862745098,0,33,18.5,-40,,0,4.296875,0,,,,,,,,,,,,1.54287,18.75,-0.5859375,0,0,4.296875,-12,14.7,5,
1607,2026-09-02,14:27:12.05007,312.97103,,1656.25,36,,0,6.5625,772,18.8235294117647,0,31,19.1,-40,,0,4.296875,0,,,,,,,,,,,,2.05065,25,0,0,0,4.296875,-12,14.7,1,
1608,2026-09-02,14:27:12.26915,313.19238,,1625,36,,0,20.9375,772,39.6078431372549,0,26,16.2,-40,,0,4.296875,0,,,,,,,,,,,,2.22642,81.25,0.78125,0,0,4.296875,-12,14.7,7,
1609,2026-09-02,14:27:12.51959,313.44171,,1593.75,36,,0,25,773,52.156862745098,0,22,12.2,-40,,0,4.296875,0,,,,,,,,,,,,2.20689,81.25,0.78125,0,0,4.296875,-12,14.7,18,
1610,2026-09-02,14:27:12.78577,313.70783,,1718.75,36,,0,24.375,773,53.7254901960784,0,27,13.1,-40,,0,4.296875,0,,,,,,,,,,,,2.12877,75,0.1953125,0,0,4.296875,-12,14.7,16,
1611,2026-09-02,14:27:13.05209,313.97567,,1781.25,38,,0,20.3125,772,46.2745098039216,0,32,14,-40,,0,4.296875,0,,,,,,,,,,,,1.87488,62.5,-0.5859375,0,0,4.296875,-12,14.7,5,
1612,2026-09-02,14:27:13.27103,314.19717,,1750,38,,0,15,773,37.2549019607843,0,34,13.9,-40,,0,4.296875,0,,,,,,,,,,,,1.81629,50,-0.9765625,0,0,4.296875,-12,14.7,10,
1613,2026-09-02,14:27:13.48974,314.41202,,1750,38,,0,13.125,772,34.1176470588235,0,34,14,-40,,0,4.296875,0,,,,,,,,,,,,1.87488,43.75,-1.5625,0,0,4.296875,-12,14.7,4,
1614,2026-09-02,14:27:13.69341,314.61714,,1750,38,,0,12.1875,772,32.156862745098,0,34,14.5,-40,,0,4.296875,0,,,,,,,,,,,,1.83582,43.75,-1.953125,0,0,4.296875,-12,14.7,6,
1615,2026-09-02,14:27:13.86581,314.79063,,1750,38,,0,11.875,773,30.9803921568627,0,34,15.2,-40,,0,4.296875,0,,,,,,,,,,,,1.83582,37.5,-2.34375,0,0,4.296875,-12,14.7,1,
1616,2026-09-02,14:27:14.02255,314.95048,,1750,38,,0,11.5625,772,30.5882352941176,0,34,15.9,-40,,0,4.296875,0,,,,,,,,,,,,1.83582,37.5,-1.953125,0,0,4.296875,-12,14.7,6,
1617,2026-09-02,14:27:14.19444,315.12508,,1781.25,38,,0,11.5625,773,30.5882352941176,0,34,16.2,-40,,0,4.296875,0,,,,,,,,,,,,1.89441,37.5,-1.5625,0,0,4.296875,-12,14.7,4,
1618,2026-09-02,14:27:14.38237,315.30257,,1781.25,38,,0,11.5625,773,30.5882352941176,0,34,16,-40,,0,4.296875,0,,,,,,,,,,,,1.83582,37.5,-1.171875,0,0,4.296875,-12,14.7,18,
1619,2026-09-02,14:27:14.53924,315.46954,,1781.25,38,,0,11.875,772,30.5882352941176,0,34,15.5,-40,,0,4.296875,0,,,,,,,,,,,,1.81629,37.5,-0.5859375,0,0,4.296875,-12,14.7,5,
1620,2026-09-02,14:27:14.71104,315.6393,,1781.25,38,,0,11.5625,773,30.5882352941176,0,35,15.6,-40,,0,4.296875,0,,,,,,,,,,,,1.83582,37.5,-0.1953125,0,0,4.296875,-12,14.7,0,
1621,2026-09-02,14:27:14.91463,315.83624,,1781.25,38,,0,11.5625,773,30.1960784313725,0,35,15.3,-40,,0,4.296875,0,,,,,,,,,,,,1.87488,37.5,0.390625,0,0,4.296875,-12,14.7,2,
1622,2026-09-02,14:27:15.08704,316.01369,,1781.25,38,,0,11.25,773,29.8039215686275,0,34,15.3,-40,,0,4.296875,0,,,,,,,,,,,,1.85535,37.5,0.78125,0,0,4.296875,-12,14.7,1,
1623,2026-09-02,14:27:15.25892,316.17974,,1781.25,38,,0,11.25,773,29.4117647058824,0,35,15.2,-40,,0,4.296875,0,,,,,,,,,,,,1.79676,37.5,1.171875,0,0,4.296875,-12,14.7,9,
1624,2026-09-02,14:27:15.44691,316.36946,,1781.25,38,,0,11.25,773,29.8039215686275,0,35,15.1,-40,,0,4.296875,0,,,,,,,,,,,,1.85535,37.5,1.7578125,0,0,4.296875,-12,14.7,10,
1625,2026-09-02,14:27:15.60361,316.53279,,1781.25,38,,0,11.5625,773,29.8039215686275,0,35,14.8,-40,,0,4.296875,0,,,,,,,,,,,,1.79676,37.5,2.1484375,0,0,4.296875,-12,14.7,2,
1626,2026-09-02,14:27:15.77595,316.70247,,1781.25,38,,0,11.25,773,29.8039215686275,0,35,14.6,-40,,0,4.296875,0,,,,,,,,,,,,1.89441,37.5,2.734375,0,0,4.296875,-12,14.7,13,
1627,2026-09-02,14:27:15.93221,316.85797,,1812.5,38,,0,11.25,773,29.8039215686275,0,35,14.5,-40,,0,4.296875,0,,,,,,,,,,,,1.87488,37.5,2.734375,0,0,4.296875,-12,14.7,11,
1628,2026-09-02,14:27:16.12040,317.04754,,1812.5,38,,0,11.25,773,29.8039215686275,0,34,14.4,-40,,0,4.296875,0,,,,,,,,,,,,1.81629,37.5,2.1484375,0,0,4.296875,-12,14.7,9,
1629,2026-09-02,14:27:16.30876,317.23718,,1812.5,38,,0,11.25,773,29.4117647058824,0,35,14.6,-40,,0,4.296875,0,,,,,,,,,,,,1.87488,37.5,1.7578125,0,0,4.296875,-12,14.7,1,
1630,2026-09-02,14:27:16.46464,317.39692,,1812.5,38,,0,11.25,773,29.8039215686275,0,35,14.9,-40,,0,4.296875,0,,,,,,,,,,,,1.81629,37.5,1.5625,0,0,4.296875,-12,14.7,9,
1631,2026-09-02,14:27:16.63709,317.56335,,1812.5,38,,0,11.25,773,29.4117647058824,0,35,15.1,-40,,0,4.296875,0,,,,,,,,,,,,1.87488,37.5,1.953125,0,0,4.296875,-12,14.7,0,
1632,2026-09-02,14:27:16.82493,317.75131,,1812.5,38,,0,11.25,773,29.4117647058824,0,35,15.2,-40,,0,4.296875,0,,,,,,,,,,,,1.83582,37.5,2.5390625,0,0,4.296875,-12,14.7,10,
1633,2026-09-02,14:27:16.99695,317.916,,1812.5,38,,0,11.25,773,29.4117647058824,0,35,14.9,-40,,0,4.296875,0,,,,,,,,,,,,1.81629,37.5,2.9296875,0,0,4.296875,-12,14.7,3,
1634,2026-09-02,14:27:17.16917,318.09716,,1812.5,38,,0,11.25,773,29.8039215686275,0,35,14.6,-40,,0,4.296875,0,,,,,,,,,,,,1.89441,37.5,3.3203125,0,0,4.296875,-12,14.7,1,
1635,2026-09-02,14:27:17.37276,318.29526,,1812.5,40,,0,11.25,772,29.8039215686275,0,35,14.3,-40,,0,4.296875,0,,,,,,,,,,,,1.85535,37.5,3.125,0,0,4.296875,-12,14.7,3,
1636,2026-09-02,14:27:17.56108,318.48986,,1812.5,40,,0,11.25,772,30.1960784313725,0,36,13.8,-40,,0,4.296875,0,,,,,,,,,,,,1.81629,37.5,2.734375,0,0,4.296875,-12,14.7,2,
1637,2026-09-02,14:27:17.71704,318.65002,,1812.5,40,,0,11.25,773,30.5882352941176,0,36,13.9,-40,,0,4.296875,0,,,,,,,,,,,,1.83582,37.5,2.34375,0,0,4.296875,-12,14.7,4,
1638,2026-09-02,14:27:17.90505,318.82928,,1843.75,40,,0,11.25,772,30.1960784313725,0,36,14,-40,,0,4.4921875,0,,,,,,,,,,,,1.85535,37.5,1.953125,0,0,4.4921875,-12,14.7,1,
1639,2026-09-02,14:27:18.09311,319.02415,,1843.75,40,,0,11.25,774,30.5882352941176,0,36,14.2,-40,,0,4.4921875,0,,,,,,,,,,,,1.87488,37.5,1.5625,0,0,4.4921875,-12,14.7,2,
